tree
version=v4
num_class=1
num_tree_per_iteration=1
label_index=0
max_feature_idx=140
objective=regression
feature_names=no2_lag1 no2_lag2 no2_lag3 no2_roll3_mean no2_roll3_std no2_roll7_mean no2_roll7_std no2_age_d1 no2_obsfrac_d1 o3_lag1 o3_lag2 o3_lag3 o3_roll3_mean o3_roll3_std o3_roll7_mean o3_roll7_std o3_age_d1 o3_obsfrac_d1 so2_lag1 so2_lag2 so2_lag3 so2_roll3_mean so2_roll3_std so2_roll7_mean so2_roll7_std so2_age_d1 so2_obsfrac_d1 co_lag1 co_lag2 co_lag3 co_roll3_mean co_roll3_std co_roll7_mean co_roll7_std co_age_d1 co_obsfrac_d1 aer_ai_lag1 aer_ai_lag2 aer_ai_lag3 aer_ai_roll3_mean aer_ai_roll3_std aer_ai_roll7_mean aer_ai_roll7_std aer_ai_age_d1 aer_ai_obsfrac_d1 aod_lag1 aod_lag2 aod_lag3 aod_roll3_mean aod_roll3_std aod_roll7_mean aod_roll7_std aod_age_d1 aod_obsfrac_d1 provisional_inputs ndvi ndbi built_pct t2m_mean td_mean rh_mean u10_mean v10_mean ws_mean blh_mean vent_mean sp_mean t2m_max blh_max ws_max t2m_min rh_min blh_min vent_min precip_sum t850_mean wind_dir_sin wind_dir_cos wind_steadiness inversion inversion_night sp_change_24h vent_roll3_mean ws_roll3_mean blh_roll3_mean precip_roll3_sum t2m_mean_lag1 rh_mean_lag1 ws_mean_lag1 blh_mean_lag1 vent_mean_lag1 sp_mean_lag1 precip_prior3 met_available cams_aod550 cams_dust_aod550 cams_pm25 cams_pm10 cams_run_age_days cams_aod550_lag1 cams_aod550_roll3_mean cams_aod550_roll7_mean cams_pm25_lag1 cams_pm25_roll3_mean cams_pm25_roll7_mean cams_dust_aod550_lag1 doy_sin doy_cos dow_sin dow_cos is_sunday cams_aod_x_rh aod_x_rh_lag1 g_pm25_lag1 g_pm25_lag2 g_pm25_lag3 g_pm25_roll3_mean g_pm25_roll3_std g_pm25_roll7_mean g_pm25_roll7_std g_pm10_lag1 g_pm10_lag2 g_pm10_lag3 g_pm10_roll3_mean g_pm10_roll3_std g_pm10_roll7_mean g_pm10_roll7_std g_aqi_pm25_lag1 g_aqi_pm25_lag2 g_aqi_pm25_lag3 g_aqi_pm25_roll3_mean g_aqi_pm25_roll3_std g_aqi_pm25_roll7_mean g_aqi_pm25_roll7_std g_pm25_city_lag1 district_Karachi_Central district_Karachi_East district_Karachi_South district_Karachi_West district_Korangi district_Malir
feature_infos=[6.16716:421.13900000000001] [6.16716:402.82499999999999] [6.16716:402.82499999999999] [9.922066666666657:305.68099999999993] [0:209.53239034154933] [12.264440000000002:269.34357142857141] [0.22678096192666725:140.84045287939247] [0:7] [0:1] [239.13200000000001:329.44299999999998] [239.13200000000001:329.44299999999998] [239.13200000000001:328.96800000000002] [241.67799999999997:312.78966666666673] [0:19.619517688598023] [247.57428571428571:309.35457142857143] [0:18.964030319326348] [0:7] [0:1] [-565.16200000000003:6318.6400000000003] [-565.16200000000003:6318.6400000000003] [-565.16200000000003:6318.6400000000003] [-396.97633333333334:2095.967333333333] [0:3786.4510975786202] [-225.84508571428566:967.9165999999999] [0:2407.8659096063921] [0:8] [0:1] [23.335000000000001:60.520699999999998] [23.335000000000001:60.520699999999998] [23.335000000000001:60.520699999999998] [26.287533333333325:55.90440000000001] [0:16.051032665948117] [27.371242857142857:50.810428571428574] [0.42018979725114697:9.7426992280422429] none [0:1] [-1.9225699999999999:4.4188400000000003] [-1.9225699999999999:4.4188400000000003] [-1.9225699999999999:4.4188400000000003] [-1.0891699999999995:3.7664733333333333] [0.0044474836711851529:2.0607525236515736] [-0.80851722857142883:2.5315080000000001] [0.055441109210374595:1.687945477888374] none [0:1] [0.057414399999999997:3.7689699999999999] [0.057414399999999997:3.7689699999999999] [0.057414399999999997:3.7689699999999999] [0.10959346666666696:3.7444600000000001] [0:1.6739942599902622] [0.13073781428571429:2.4742571428571432] [0:1.549896642238981] [0:28] [0:1] [0:1] [0.061768999999999998:0.33184000000000002] [-0.047316999999999998:0.12418] [1.0116000000000001:95.875] [12.8247:35.288899999999998] [-0.86607999999999996:28.367000000000001] [19.2943:91.386700000000005] [-9.34605:9.4053799999999992] [-5.6801199999999996:5.3699599999999998] [1.46366:10.0838] [153.57400000000001:1295.55] [298.00200000000001:10927.1] [978.61800000000005:1018.21] [17.520700000000001:43.142099999999999] [311.06400000000002:3910.3200000000002] [2.4791500000000002:12.813700000000001] [7.2098399999999998:30.887599999999999] [5.7917300000000003:89.013300000000001] [13.3787:878.577] [6.3425099999999999:7312.0500000000002] [0:61.107100000000003] [6.4343000000000004:32.695999999999998] [-0.9999999728089275:0.99960530694659644] [-0.99999999095472636:0.99999998519882738] [0.078507224266697359:0.99869356504900808] [-1.9556000000000004:11.9696] [-6.3577000000000012:9.4028999999999989] [-4.9660000000000082:5.0220000000000482] [382.49833333333407:9602.1966666666685] [1.9527500000000024:9.1239299999999997] [189.38133333333315:1029.6479999999999] [0:95.164700000000011] [12.8247:35.288899999999998] [19.2943:91.386700000000005] [1.46366:9.9623200000000001] [170.31899999999999:1295.55] [267.15499999999997:10927.1] [978.61800000000005:1018.21] [0:95.164700000000011] none [0.0040302699999999999:1.5995699999999999] [0.00017416999999999999:1.36588] [0.045065599999999997:77.555000000000007] [0.064890500000000004:284.36399999999998] none [0.0053885299999999999:1.5115400000000001] [0.0058219400000000922:1.3036333333333332] [0.0079824142857142857:1.1598922857142857] [0.032711900000000002:89.803899999999999] [0.14862596666667616:80.753600000000006] [0.25806012857142857:63.327028571428571] [0.00019470499999999999:1.1050599999999999] [-0.9999994220246925:0.99998555065071859] [-0.99997919295908233:0.9999907524084426] [-0.97492791218182362:0.97492791218182362] [-0.90096886790241903:1] [0:1] [0.00249217458028:1.2782259844199999] [0.037721522683999996:2.8026115895699997] [0.80000000000000004:194.83000000000001] [0.80000000000000004:194.83000000000001] [0.80000000000000004:194.83000000000001] [3.7125000000000021:157.33499999999995] [0.004949747467812772:91.099287307859882] [7.7297857142857138:130.08916666666667] [0.63567418279062415:74.867086499453606] [8.1523000000000003:164.78999999999999] [8.1523000000000003:164.78999999999999] [8.1523000000000003:164.78999999999999] [9.2729999999999997:141.67666666666668] [1.0751227836854189:63.842637902371578] [12.172142857142857:113.27714285714286] [3.3524587707416855:57.758574072381322] [4:270] [4:270] [4:270] [20.333333333333332:232.5] [0:95.552777737401925] [39.714285714285715:208] [1.0690449676494678:78.036316331991657] [3.5:194.83000000000001] [0:1] [0:1] [0:1] [0:1] [0:1] [0:1]
tree_sizes=1358 1401 1414 1416 1396 1396 1401 1394 1427 1409 1424 1419 1405 1405 1433 1409 1432 1423 1407 1406 1431 1410 1404 1433 1424 1409 1421 1434 1442 1412 1250 1428 1433 1412 1418 1424 1410 1407 1416 1410 1421 1402 1243 1415 1247 1415 1333 1343 1414 1323 1348 1439 1256 1425 1258 1243 1156 1424 1261 1085 1434 1326 1421 1079 1433 1412 1428 1264 1407 1419 1403 1167 1179 1353 1418 1242 1343 1150 1254 1323 1169 1338 1432 1251 1273 1087 1347 1176 1253 1241 1283 1160 1247 1192 1167 1100 1193 1264 1155 1014 949 1078 1248 1075 1085 1288 1350 1249 1082 1001 1161 1431 1168 1025 1095 1106 1080 938 991 1083 1177 1040 852 1365 1013 1095 1180 1091 831 920 744 755 1024 1184 1009 934 839 1107 998 1079 833 842 916 757 1276 775 916 1279 760 913 1022 952 1266 839 1174 1005 1167 756 1014 754 1262 1161 1170 921 864 1169 1031 1270 1009 1082 670 909

Tree=0
num_leaves=15
num_cat=0
split_feature=59 14 127 63 118 65 73 81 42 10 127 23 92 73
split_gain=2.51639e+06 343887 103997 97027.1 80485.6 53787.6 48438.4 48430.9 31150.9 19748.2 12554.2 8603.75 5148.56 4990.9
threshold=17.168200000000002 268.68514285714292 90.500000000000014 3.0104850000000005 37.97954166666667 931.4435000000002 540.33400000000017 -1.9215000000000371 0.21076248929928385 273.43550000000005 79.500000000000014 61.82503571428574 9.0241152275000047 729.32950000000017
decision_type=2 2 8 2 8 2 2 2 2 2 10 2 2 2
left_child=1 3 10 7 11 -6 9 -1 -5 -4 -2 -3 -8 -12
right_child=2 4 6 8 5 -7 12 -9 -10 -11 13 -13 -14 -15
leaf_value=46.53429182930671 43.158207146686166 43.000644082350654 44.332078820763577 45.335430065428497 45.170244187390345 44.302994045789603 43.462537178961945 45.420579727404046 44.701461896863414 43.755082174449441 43.473233579668005 43.649932037507213 43.149266285678706 43.27897240519642
leaf_weight=40 1096 29 62 97 75 443 734 441 279 349 145 49 51 900
leaf_count=14 387 13 36 30 40 191 241 157 94 147 58 23 25 260
internal_value=43.8088 44.8504 43.355 45.2351 44.2958 44.431 43.5794 45.5187 44.8687 43.8432 43.2299 43.4014 43.4414 43.3056
internal_weight=4790 1453 3337 857 596 518 1196 481 376 411 2141 78 785 1045
internal_count=1716 562 1154 295 267 231 449 171 124 183 705 36 266 318
is_linear=0
shrinkage=1


Tree=1
num_leaves=15
num_cat=0
split_feature=14 107 65 132 72 65 113 114 71 61 72 111 72 77
split_gain=2.5826e+06 269277 154544 73007.5 60577.7 44220.2 42632.9 38432.7 29374.2 24412.5 16299.2 13430.5 13424.1 9403.86
threshold=274.83400000000012 0.21652257995689161 878.46300000000008 159.53571428571431 98.486700000000027 1565.8700000000001 26.313500000000005 83.679000000000016 29.468150000000005 1.3816400000000002 217.71100000000004 0.16598891726500004 175.90800000000004 0.36582878560574017
decision_type=2 2 2 8 2 2 8 8 2 2 2 2 2 2
left_child=2 6 7 12 9 -5 -2 11 -9 -3 -8 -1 -4 -6
right_child=1 4 3 5 13 -7 10 8 -10 -11 -12 -13 -14 -15
leaf_value=1.1375947981590082 -0.60334258889617542 0.98600386492876291 0.55970836325823248 1.439057481200267 -0.14463835651532941 0.90961838864182565 -0.18301370477399162 1.5588617649078367 2.2882377596855159 0.34587358604577872 -0.42982406421095037 1.7027143311781043 -0.048211500608402749 0.23207478633271642
leaf_weight=120 1605 93 117 233 211 390 300 107 119 129 1267 67 45 82
leaf_count=31 532 52 55 95 101 141 123 45 43 58 377 19 25 36
internal_value=0.00200446 -0.391222 1.21153 0.962126 0.24467 1.10962 -0.494509 1.6821 1.95132 0.617269 -0.382721 1.34807 0.391564 -0.0387691
internal_weight=4885 3687 1198 785 515 623 3172 413 226 222 1567 187 162 293
internal_count=1733 1279 454 316 247 236 1032 138 88 110 500 50 80 137
is_linear=0
shrinkage=0.03


Tree=2
num_leaves=15
num_cat=0
split_feature=59 11 96 72 64 63 113 59 61 12 113 116 113 137
split_gain=2.43592e+06 320331 107039 86122 66422.8 58281.9 31343.8 25573.3 25539.6 17160 16578.5 10646.2 6202.82 4758.91
threshold=17.168200000000002 266.85900000000004 39.076450000000008 183.96950000000001 338.24050000000005 3.4746750000000004 25.451000000000004 11.296500000000002 -1.3410349999999998 273.70800000000014 62.391000000000005 26.807500000000001 29.426000000000005 1.0000000180025095e-35
decision_type=2 2 2 2 2 2 8 2 2 2 8 8 10 2
left_child=1 2 4 9 -1 10 13 -4 -7 -2 -3 -11 -8 -5
right_child=3 5 7 6 -6 8 12 -9 -10 11 -12 -13 -14 -15
leaf_value=1.5439480635833738 0.55541600659019064 0.59341423925440362 1.5671282901936265 -0.53640555362450915 0.8677597948468565 0.50697554460340921 -0.47238524261078224 2.1493276608525491 -0.020999507251432386 -0.41490311837842669 1.0786789581069944 -0.036216479485579156 -0.35414637642068375 -0.65889179613773141
leaf_weight=224 37 140 165 532 328 154 768 146 176 82 124 344 884 742
leaf_count=78 26 53 61 154 120 68 260 41 73 46 74 131 247 274
internal_value=0.00502908 1.03043 1.39929 -0.435983 1.14446 0.493065 -0.496124 1.84647 0.226167 -0.0556591 0.824563 -0.109917 -0.409369 -0.608207
internal_weight=4846 1457 863 3389 552 594 2926 311 330 463 264 426 1652 1274
internal_count=1706 568 300 1138 198 268 935 102 141 203 127 177 507 428
is_linear=0
shrinkage=0.03


Tree=3
num_leaves=15
num_cat=0
split_feature=59 14 96 72 132 82 73 63 127 118 11 102 127 115
split_gain=2.16858e+06 280045 92166.6 87791 60806.6 41940.7 32354.8 31520.9 27274.7 23208.6 10864.4 10774.7 6888.5 5144.7
threshold=16.949650000000002 268.11392857142863 35.651850000000003 193.67050000000003 124.42857142857144 1119.7865000000011 119.61850000000003 3.3122000000000003 81.500000000000014 38.622285714285724 263.14400000000006 21.634750000000004 89.500000000000014 26.197500000000002
decision_type=2 2 2 2 8 2 2 2 8 8 2 2 10 8
left_child=1 2 6 9 11 -4 -1 -6 -5 13 -11 -3 -10 -2
right_child=3 4 5 8 7 -7 -8 -9 12 10 -12 -13 -14 -15
leaf_value=1.3028082914897372 -0.3803435352072716 -0.55028918702261786 1.996701391352689 -0.59347795809953696 0.91317846990269125 1.3522476649845345 0.78421306990785711 0.40346463648419539 -0.47025531448938146 1.2602472206354141 0.13141361636624616 0.058387551488195147 -0.34453734274482606 -0.1342887230612374
leaf_weight=209 124 41 186 1265 186 203 240 270 790 6.9999999999999991 203 69 820 202
leaf_count=71 56 22 61 426 90 80 83 119 276 4 95 26 227 76
internal_value=-0.0147791 0.977167 1.32519 -0.423241 0.460461 1.66473 1.02797 0.612924 -0.488938 -0.0705963 0.17485 -0.17137 -0.406481 -0.228766
internal_weight=4815 1404 838 3411 566 389 449 456 2875 536 210 110 1610 326
internal_count=1712 552 295 1160 257 141 154 209 929 231 99 48 503 132
is_linear=0
shrinkage=0.03


Tree=4
num_leaves=15
num_cat=0
split_feature=59 11 72 73 61 90 65 96 83 113 72 112 116 96
split_gain=2.1148e+06 219949 95841.4 92333.7 58598 33097.7 31935 29581.5 26135.2 24297.6 12912.9 11041.9 8000.96 5094.98
threshold=16.949650000000002 266.85900000000004 242.03550000000004 177.96400000000003 3.5639100000000004 717.65150000000006 1005.6450000000001 36.109800000000007 2.8639566666666654 26.849500000000003 102.11800000000001 0.2140995251925 35.998833333333344 24.573800000000002
decision_type=2 2 2 2 2 2 2 2 2 8 2 2 10 2
left_child=1 3 8 5 6 -1 -3 -5 11 -4 -10 -2 -6 -11
right_child=2 4 9 7 12 -7 -8 -9 10 13 -12 -13 -14 -15
leaf_value=1.8909681792111128 0.20443665933098112 1.0823648950863729 -0.56184144662621083 0.68300209750138308 -0.58877489915761083 1.3550978990773686 0.50539256710695113 1.2490507125293506 0.070525971973908905 -0.42192803006401364 -0.22193531956378623 1.1008671396732328 0.012771378085893742 -0.28579201715121894
leaf_weight=160 34 112 1462 230 32 365 388 135 184 748 514 19 50 386
leaf_count=63 18 58 483 76 18 122 166 49 75 243 209 16 20 107
internal_value=0.0223067 0.969584 -0.394467 1.26607 0.514802 1.5217 0.636543 0.895211 -0.0958348 -0.480788 -0.144845 0.540289 -0.226208 -0.375884
internal_weight=4819 1472 3347 890 582 525 500 365 751 2596 698 53 82 1134
internal_count=1723 572 1151 310 262 185 224 125 318 833 284 34 38 350
is_linear=0
shrinkage=0.03


Tree=5
num_leaves=15
num_cat=0
split_feature=14 72 65 94 105 113 130 111 11 61 5 84 41 130
split_gain=2.04059e+06 218821 148131 81150.9 53016.1 46990.6 44746.1 30219.4 29555.7 20007.5 17778.3 14409.5 12969 7674.8
threshold=275.27628571428573 106.71300000000001 821.79600000000016 0.26140750000000007 0.017508300000000004 28.006000000000004 125.50000000000001 0.15519559363700003 257.78050000000002 2.5826950000000006 75.999100000000013 284.26749999999998 0.34545257142857128 76.833333333333357
decision_type=2 2 2 2 2 10 8 2 2 2 2 2 2 8
left_child=2 6 7 4 -4 13 -2 11 -5 -8 -7 -1 -9 -3
right_child=1 5 3 8 -6 10 9 12 -10 -11 -12 -13 -14 -15
leaf_value=1.8868748853967545 0.016977532699011092 -0.58314174340513925 0.93990134862951324 1.4498873552121612 0.3127823037614717 -0.33770866023559409 0.881355359497355 1.5752318106079102 0.91585765302827193 0.1635192105137572 -0.061200357082246359 1.2625896375179291 2.33068990038262 -0.46053888545039673
leaf_weight=46 171 865 221 189 271 1083 133 49 202 48 260 203 60 1063
leaf_count=17 71 329 80 63 113 304 63 22 90 24 103 69 20 361
internal_value=0.0152736 -0.344379 1.06468 0.854233 0.595817 -0.420866 0.365553 1.57993 1.17704 0.692951 -0.284265 1.38502 2.00852 -0.51582
internal_weight=4864 3623 1241 883 492 3271 352 358 391 181 1343 249 109 1928
internal_count=1729 1255 474 346 193 1097 158 128 153 87 407 86 42 690
is_linear=0
shrinkage=0.03


Tree=6
num_leaves=15
num_cat=0
split_feature=134 96 132 65 60 76 116 11 40 13 65 85 96 65
split_gain=1.69259e+06 255982 130135 73081.1 53086.8 38808.7 34010.8 33959.9 32336.1 23788.3 14750.7 12990.5 10794.3 8162.07
threshold=50.003087500000014 36.723450000000007 108.64285714285715 1270.2950000000003 65.877250000000018 0.44568507432126442 26.36200000000002 261.61250000000007 0.16228427088945793 3.310110876649099 2016.1750000000004 1.3969845000000002e-06 24.776650000000004 1044.5700000000004
decision_type=10 2 8 2 2 2 8 2 2 2 2 2 2 2
left_child=2 3 6 7 13 -5 -1 -2 9 -3 -6 -10 -8 -4
right_child=1 8 4 5 10 -7 12 -9 11 -11 -12 -13 -14 -15
leaf_value=-0.52632090121727826 1.3251553975571975 2.3361521900124744 0.88880729435512007 0.048106202006340026 0.041089539140951439 0.61374853360786863 -0.38620329315210977 0.70988911081182537 1.4833018770613429 1.4568816123695696 -0.34792256131397903 0.97442428729845132 -0.21464286156805387 0.37631273321834813
leaf_weight=1542 140 72 34 185 182 266 894 202 216 58 168 68 531 162
leaf_count=543 51 26 19 85 87 93 281 86 80 21 85 30 143 78
internal_value=-0.0172386 0.951491 -0.350253 0.634486 0.0752664 0.382349 -0.428558 0.96489 1.5557 1.958 -0.146087 1.36532 -0.322472 0.469291
internal_weight=4720 1207 3513 793 546 451 2967 342 414 130 350 284 1425 196
internal_count=1708 472 1236 315 269 178 967 137 157 47 172 110 424 97
is_linear=0
shrinkage=0.03


Tree=7
num_leaves=15
num_cat=0
split_feature=134 63 72 61 14 111 113 129 118 70 61 63 61 113
split_gain=1.69368e+06 185273 116021 82900.5 46724.1 53233.9 40847.6 28784.2 27727.4 17938.2 13829.1 10336.2 9418 9059.42
threshold=50.003087500000014 3.1160800000000006 106.71300000000001 2.0395600000000003 266.94021428571438 0.11331254817500001 29.121000000000006 125.50000000000001 80.81620238095239 21.4556 0.24570850000000002 3.6446850000000004 1.9166500000000002 24.409500000000005
decision_type=10 2 2 2 2 2 8 8 10 2 2 2 2 10
left_child=2 4 7 8 5 -2 13 -1 -3 -8 -6 -5 -9 -4
right_child=1 3 6 11 10 -7 9 12 -10 -11 -12 -13 -14 -15
leaf_value=-0.012491338683370346 1.0538605271382118 0.50969094363966982 -0.53512060300792963 0.37723420235460453 1.1672457452374836 1.7139805330212197 0.056402849279879902 0.74583821461399391 0.99126369002217141 -0.30080913423085648 0.6490332345299098 -0.10864542412007454 0.050835923816846762 -0.40746371093372824
leaf_weight=166 200 200 1175 54 85 266 145 89 243 976 114 138 22 914
leaf_count=74 68 68 432 25 39 91 59 49 109 335 49 66 16 254
internal_value=-0.00566356 0.918108 -0.350223 0.55026 1.268 1.43354 -0.401056 0.23816 0.775494 -0.254592 0.875125 0.0292392 0.609801 -0.47949
internal_weight=4787 1300 3487 635 665 466 3210 277 443 1121 199 192 111 2089
internal_count=1734 515 1219 268 247 159 1080 139 177 394 88 91 65 686
is_linear=0
shrinkage=0.03


Tree=8
num_leaves=15
num_cat=0
split_feature=59 130 63 73 96 130 106 116 73 130 89 77 96 106
split_gain=1.66728e+06 211471 117191 52698.4 42739.7 34688.9 34078.5 22977.6 13174.4 12026.7 11318.1 7413.67 3979.28 2727.82
threshold=17.168200000000002 151.83333333333334 3.1160800000000006 399.11150000000004 36.723450000000007 173.16666666666671 0.95242846126021108 26.36200000000002 108.44700000000002 100.83333333333336 199.76950000000002 0.25962545850298541 19.891350000000006 -0.98214942551678475
decision_type=2 8 2 2 2 8 2 8 2 8 2 2 2 2
left_child=1 6 5 9 -4 -3 8 12 -1 13 -9 -11 -5 -2
right_child=3 2 4 7 -6 -7 -8 10 -10 11 -12 -13 -14 -15
leaf_value=0.76965736545835228 0.047452992276711889 1.1170107695151181 0.53821150877832669 -0.55827496274312338 1.1223257395632127 1.5933080984552699 -0.452677267568452 1.1071694091796875 0.25952977069429911 0.0064621613835295034 -0.32974386030423913 0.42637672224640843 -0.45075704122408761 -0.24856202773414732
leaf_weight=55 32 294 348 557 169 287 55 3.9999999999999991 258 179 1534 47 814 208
leaf_count=24 13 91 143 224 61 125 27 1 100 74 515 24 245 84
internal_value=0.00903419 0.853445 1.0619 -0.357896 0.730954 1.35463 0.230269 -0.405329 0.351344 -0.061553 -0.325288 0.0952964 -0.494816 -0.209048
internal_weight=4841 1466 1098 3375 517 581 368 2909 313 466 1538 226 1371 240
internal_count=1751 571 420 1180 204 216 151 985 124 195 516 98 469 97
is_linear=0
shrinkage=0.03


Tree=9
num_leaves=15
num_cat=0
split_feature=59 64 72 116 132 82 132 127 47 10 134 64 114 81
split_gain=1.58431e+06 163717 62375.3 60903.9 30391.2 27383.8 26767.8 23984.2 15911.6 13673.7 13033.4 6437.82 5626.96 3357.88
threshold=16.949650000000002 380.73500000000007 175.90800000000004 63.32733333333335 167.21428571428575 550.15916666666806 108.64285714285715 81.500000000000014 0.30396350000000005 273.08800000000002 56.737316666666672 452.86950000000007 26.097500000000004 1.0070000000000052
decision_type=2 2 2 8 8 2 8 8 2 2 10 2 8 2
left_child=1 4 9 6 10 -6 -3 -4 -5 13 -1 -9 -11 -2
right_child=2 3 7 8 5 -7 -8 11 -10 12 -12 -13 -14 -15
leaf_value=0.47368581608208737 0.22661016521087057 -0.41578603657788554 -0.49743265169102341 1.0214100218174749 2.1087384548187256 1.3051882233404226 0.36612161535067217 -0.19337303035366202 0.66301119334638614 -0.32528827975611935 1.0721642482820168 -0.35131976309626961 -0.040395873309536416 0.71717472968101492
leaf_weight=43 38 45 1291 170 47 295 279 286 362 75 178 1344 351 19
leaf_count=20 21 23 449 73 19 126 102 110 130 44 57 407 135 12
internal_value=0.00260711 0.844403 -0.34845 0.581943 1.24171 1.42145 0.256569 -0.400654 0.779244 -0.0325557 0.95839 -0.323744 -0.0912043 0.399729
internal_weight=4823 1419 3404 856 563 342 324 2921 532 483 221 1630 426 57
internal_count=1728 550 1178 328 222 145 125 966 203 212 77 517 179 33
is_linear=0
shrinkage=0.03


Tree=10
num_leaves=15
num_cat=0
split_feature=107 14 65 61 132 113 71 73 134 130 73 100 74 65
split_gain=1.45387e+06 230950 61613.9 60614.8 41244.9 33418.7 26455.4 18059.7 17857.1 6615.72 6012.04 4362.73 3403.65 1986.89
threshold=0.31595530242620651 268.11392857142863 644.96300000000008 2.4492500000000006 158.92857142857147 28.006000000000004 30.339250000000003 438.04450000000003 65.208272727272742 75.500000000000014 665.11700000000008 0.24130466666666672 5.1222750000000009e-06 2419.2050000000004
decision_type=2 2 2 2 8 8 2 2 8 10 2 2 2 2
left_child=5 2 6 8 -4 9 -2 11 -3 13 -5 -7 -9 -1
right_child=1 3 4 10 -6 7 -8 12 -10 -11 -12 -13 -14 -15
leaf_value=-0.42465045100348336 1.2093095033282324 0.39781713523997836 0.31275324448739938 0.070430599806683786 1.0205672411707245 0.24097959043716005 1.9055838843812332 -0.19313069781814302 0.76227990642175436 -0.40287446206530858 -0.24980522085189819 -0.097107556010268881 -0.34164951242109637 -0.54906998681337227
leaf_weight=174 125 308 87 177 546 38 93 174 204 1160 74 289 795 556
leaf_count=80 39 134 37 73 209 15 30 68 106 337 42 119 241 219
internal_value=0.00372165 0.737015 1.07662 0.357326 0.923936 -0.367872 1.5137 -0.250206 0.544241 -0.448381 -0.0245863 -0.0571951 -0.31521 -0.520039
internal_weight=4800 1614 851 763 633 3186 218 1296 512 1890 251 327 969 730
internal_count=1749 670 315 355 246 1079 69 443 240 636 115 134 309 299
is_linear=0
shrinkage=0.03


Tree=11
num_leaves=15
num_cat=0
split_feature=107 96 106 64 92 113 118 39 72 73 113 96 78 130
split_gain=1.30131e+06 189070 93619.6 51943.5 32161.1 30629.6 23780.5 21866.4 16839.6 15519.8 7504.86 3926.56 3506.18 3315.75
threshold=0.31595530242620651 36.366900000000008 0.59868201182722736 338.24050000000005 1.0000000180025095e-35 29.319000000000006 86.814642857142871 0.54004533333333427 77.129500000000021 429.12400000000008 23.062000000000001 25.408800000000003 0.87441546756665478 115.41666666666667
decision_type=2 2 2 2 2 8 8 2 2 2 10 2 2 8
left_child=5 2 3 -2 7 10 -6 -3 -4 13 -1 -11 -12 -7
right_child=1 4 8 -5 6 9 -8 -9 -10 11 12 -13 -14 -15
leaf_value=-0.48422674832812374 1.0467154411514257 1.5939783147614577 0.5311854870949152 0.51059278594291502 0.48045322278258085 -0.07689279877783646 1.2414366762512608 1.013039965852778 -0.057765491442508005 -0.33270251847770477 -0.12422197392751586 -0.19440879525228874 -0.37910886457424187 0.1772486419647932
leaf_weight=895 231 202 52 561 76 200 75 93 248 539 52 290 1163 59
leaf_count=355 93 78 31 235 37 70 30 34 113 185 18 77 330 44
internal_value=-0.00613737 0.710671 0.497313 0.668088 1.23078 -0.350984 0.864126 1.41489 0.045735 -0.221355 -0.417688 -0.284621 -0.368314 -0.018529
internal_weight=4736 1538 1092 792 446 3198 151 295 300 1088 2110 829 1215 259
internal_count=1730 651 472 328 179 1079 67 112 144 376 703 262 348 114
is_linear=0
shrinkage=0.03


Tree=12
num_leaves=15
num_cat=0
split_feature=59 64 72 10 130 94 106 113 94 45 107 118 85 113
split_gain=1.28044e+06 161512 115331 45340.7 38458.6 37875.5 39791.2 32660 31399.2 13157.1 8842.05 7872.5 7725.43 7459.22
threshold=15.863900000000003 423.17900000000003 121.22200000000002 271.85200000000003 150.16666666666671 0.24137600000000001 0.69056404122701587 29.319000000000006 0.235739 0.32436250000000005 0.21652257995689161 47.049428571428585 0.016616500000007108 23.062000000000001
decision_type=2 2 2 2 8 2 2 10 2 2 2 8 2 8
left_child=1 4 3 9 -1 12 -7 13 -6 -2 -9 -5 -3 -4
right_child=2 5 7 11 8 6 -8 10 -10 -11 -12 -13 -14 -15
leaf_value=0.60306028751258189 0.55748158202300202 0.29605447139367841 -0.4847160410838367 -0.035578659221463131 1.0738095409896158 0.84219777200424062 0.00042873860559155863 -0.25203412741391046 1.5611257437861525 1.4706867801959698 -0.030557314003923253 0.29183425246527855 -0.1228051439666748 -0.36838746265238148
leaf_weight=86 36 196 844 222 274 294 61 830 232 25 202 93 49 1279
leaf_count=37 22 78 337 73 109 110 25 232 87 12 83 50 22 415
internal_value=-0.00131793 0.848429 -0.288336 0.207868 1.19985 0.500267 0.697972 -0.34752 1.29989 0.949479 -0.208757 0.0616942 0.212112 -0.414842
internal_weight=4723 1192 3531 376 592 600 355 3155 506 61 1032 315 245 2123
internal_count=1692 468 1224 157 233 235 135 1067 196 34 315 123 100 752
is_linear=0
shrinkage=0.03


Tree=13
num_leaves=15
num_cat=0
split_feature=134 96 107 65 107 65 132 113 61 4 96 61 49 81
split_gain=1.28706e+06 167120 91132.4 65370.6 43580.5 37275 24210.1 22983.6 22119.6 18340 10393.9 8888.61 8654.98 7007.56
threshold=50.003087500000014 35.651850000000003 0.19969739736768838 1258.9950000000001 0.71952396275653763 1534.3000000000004 157.92857142857147 25.915000000000003 2.6858850000000003 62.136139948249145 24.573800000000002 2.8334800000000002 0.088217476872518491 0.46250000000003416
decision_type=10 2 2 2 2 2 8 8 2 2 2 2 2 2
left_child=2 3 7 4 -2 6 -3 -1 -5 11 -9 -4 -7 -11
right_child=1 5 9 8 -6 12 -8 10 -10 13 -12 -13 -14 -15
leaf_value=-0.42862866845072473 0.2047753038740158 0.79991398910915146 0.17592599223068228 0.45978250199114828 1.0248459049521625 0.62995870657320374 1.5429740942944872 -0.32131265213906074 0.020967885168451886 0.19032134389411659 -0.16391638692077184 -0.14130264977983065 1.0877366391420364 0.77697514148056512
leaf_weight=1447 74 50 183 323 285 80 281 1045 152 31 597 139 81 47
leaf_count=497 33 24 94 126 111 24 102 339 64 23 169 64 35 27
internal_value=0.0161958 0.811453 -0.286188 0.551677 0.856853 1.24979 1.43349 -0.341351 0.319707 0.139591 -0.264223 0.0389629 0.865581 0.549216
internal_weight=4815 1326 3489 834 359 492 331 3089 475 400 1642 322 161 78
internal_count=1732 519 1213 334 144 185 126 1005 190 208 508 158 59 50
is_linear=0
shrinkage=0.03


Tree=14
num_leaves=15
num_cat=0
split_feature=107 72 65 81 76 72 127 127 127 81 31 107 115 130
split_gain=1.07817e+06 151617 70729.5 39740.5 38905.1 35833.9 30629.3 24533 16042.7 15271.8 12437.3 11969.4 8292.25 7676.85
threshold=0.71952396275653763 103.21450000000002 1534.3000000000004 -2.0169999999999955 -0.97078810500921497 43.064350000000005 90.500000000000014 178.50000000000003 139.50000000000003 -1.4300000000000066 3.3371304419565129 0.19969739736768838 38.954000000000008 76.416666666666671
decision_type=2 2 2 2 2 2 10 10 8 2 2 2 8 8
left_child=1 5 3 -2 -5 8 13 10 -1 -9 -4 -8 -7 -3
right_child=2 6 7 4 -6 12 11 9 -10 -11 -12 -13 -14 -15
leaf_value=0.27901597424815677 1.6967145923980291 -0.45668445880617237 0.58082841583452827 0.22855615442423591 1.0290337086672614 -0.014564522538226465 -0.24188361077685894 -0.038051778400645532 1.1266199863087047 0.93891756743279675 0.17744123831855788 -0.0054581438297027487 0.27322215823214208 -0.33982992120195887
leaf_weight=33 72 793 126 62 506 172 789 15.999999999999998 54 136 153 255 188 1479
leaf_count=15 26 310 52 22 185 60 205 4 23 59 59 100 90 506
internal_value=-0.0100111 -0.249063 0.829354 1.02962 0.942218 0.269136 -0.318978 0.530275 0.811973 0.836483 0.361051 -0.184199 0.136056 -0.3808
internal_weight=4834 3763 1071 640 568 447 3316 431 87 152 279 1044 360 2272
internal_count=1716 1309 407 233 207 188 1121 174 38 63 111 305 150 816
is_linear=0
shrinkage=0.03


Tree=15
num_leaves=15
num_cat=0
split_feature=59 14 78 106 73 73 94 114 113 107 115 92 57 115
split_gain=1.07434e+06 143310 76045.8 51865.5 41445.5 25077.8 19884.6 17984 15145 9281.97 9239.1 7688.65 6814.14 3128.88
threshold=16.949650000000002 260.2518571428572 0.58132862733518365 0.70290292807158605 399.11150000000004 117.70200000000001 0.21715550000000003 83.679000000000016 24.952500000000004 0.26659387353423869 37.017500000000005 0.0015961749999857894 22.128500000000006 22.858000000000004
decision_type=2 2 2 2 2 2 2 8 8 2 8 2 2 8
left_child=1 2 7 5 9 -3 -4 -1 -6 13 -5 -10 -11 -2
right_child=4 3 6 10 8 -7 -8 -9 11 12 -12 -13 -14 -15
leaf_value=1.055192311131677 -0.29958729947240725 0.78323788514576453 0.6697522679569351 -0.29686392471251577 -0.42693645458312357 0.37514010732666303 1.0497729241722507 1.843663329068352 -0.11714896308045054 0.52112441960743494 0.14175687804941048 -0.31059715328462562 0.042579049826182165 -0.078872096706061587
leaf_weight=42 75 227 295 77 1179 344 227 101 214 34 96 1443 115 247
leaf_count=12 33 95 90 38 416 151 88 41 87 23 46 457 55 97
internal_value=-0.00572277 0.687683 1.00755 0.400805 -0.301279 0.53847 0.836707 1.62104 -0.344547 -0.0405665 -0.0540343 -0.285701 0.154543 -0.131059
internal_weight=4716 1409 665 744 3307 571 522 143 2836 471 173 1657 149 322
internal_count=1729 561 231 330 1168 246 178 53 960 208 84 544 78 130
is_linear=0
shrinkage=0.03


Tree=16
num_leaves=15
num_cat=0
split_feature=134 63 72 61 81 77 115 111 132 61 62 116 67 72
split_gain=963478 122180 87770 57835.3 41188 27183.4 25655.2 16708.7 16652.7 13586.3 7407.87 6877.21 4090.09 3101.26
threshold=50.003087500000014 3.1160800000000006 175.90800000000004 2.0395600000000003 -1.8800000000000521 0.51530988526122801 44.795000000000009 0.10978346725950001 82.500000000000014 2.1048600000000004 -0.97524199999999983 31.308916666666672 29.873600000000003 49.083450000000006
decision_type=10 2 2 2 2 2 8 2 8 2 2 10 2 2
left_child=2 4 6 7 -2 -6 11 -3 12 -8 -10 -1 -4 -5
right_child=1 3 8 13 5 -7 9 -9 10 -11 -12 -13 -14 -15
leaf_value=-0.21249116327242984 1.7135485713446319 0.37797109382779975 -0.4943523732807325 0.44405245451493697 0.62111992058895293 1.0642647063750772 0.47304031081383047 0.75462263456257894 0.067411743433749102 -0.0038463831752179618 -0.2715631483247854 0.032923532984844621 -0.37160828772921667 -0.07587328599518274
leaf_weight=193 66 189 344 9.9999999999999982 193 383 155 252 60 82 1482 218 981 169
leaf_count=89 21 68 151 4 79 140 75 101 29 38 461 70 304 78
internal_value=0.000854727 0.711572 -0.254445 0.410182 1.00154 0.917119 0.0607997 0.594428 -0.325694 0.308706 -0.258336 -0.0825486 -0.403826 -0.0445049
internal_weight=4777 1262 3515 620 642 576 648 441 2867 237 1542 411 1325 179
internal_count=1708 491 1217 251 240 219 272 169 945 113 490 159 455 82
is_linear=0
shrinkage=0.03


Tree=17
num_leaves=15
num_cat=0
split_feature=107 96 82 83 77 127 33 11 73 90 96 137 77 96
split_gain=937666 134978 67587.1 46217.9 31245.4 25734 18148.1 15065.5 11848.9 10898.8 5280.25 4101.07 4031.38 2394.81
threshold=0.31595530242620651 36.900800000000011 862.54483333333349 3.2020883333333314 0.13566924615559603 85.500000000000014 2.2181262906849581 260.59650000000005 438.04450000000003 420.89350000000007 18.101600000000005 1.0000000180025095e-35 0.35420049202028614 20.739800000000006
decision_type=2 2 2 2 2 8 2 2 2 2 2 2 2 2
left_child=5 2 7 9 -4 11 -5 -2 12 -3 -10 -1 -7 -13
right_child=1 3 4 6 -6 8 -8 -9 10 -11 -12 13 -14 -15
leaf_value=-0.32155404542507349 1.228135763288799 1.9870283279418948 0.074240488974526286 1.7317713654462028 0.44281220899269125 -0.10773172004382277 0.70081888586566554 0.63284689859549204 -0.42570743514216225 1.2781682407479538 -0.21962869057384751 -0.46930846457493641 0.11589790524606416 -0.36594382576828427
leaf_weight=998 94 26 312 15.999999999999998 617 257 251 71 128 170 933 388 100 494
leaf_count=282 37 8 142 5 265 105 98 30 58 69 280 186 34 155
internal_value=-0.00487359 0.60168 0.419308 1.03076 0.319245 -0.291327 0.768841 0.977355 -0.194603 1.38183 -0.24487 -0.364137 -0.0449332 -0.411898
internal_weight=4855 1557 1094 463 929 3298 267 165 1418 196 1061 1880 357 882
internal_count=1754 654 474 180 407 1100 103 67 477 77 338 623 139 341
is_linear=0
shrinkage=0.03


Tree=18
num_leaves=15
num_cat=0
split_feature=107 11 69 89 122 60 113 69 132 77 113 97 113 74
split_gain=859242 111661 53070.7 34498 23663.6 21549.9 20776.4 18156.9 8809.27 8022.58 5933.29 4196.42 2918.42 2214.19
threshold=0.31595530242620651 266.28050000000002 4.0470950000000006 298.0365000000001 12.2155 69.451900000000009 29.426000000000005 5.2169300000000005 175.07142857142858 0.30702689860304938 24.118000000000006 64.949600000000018 13.424000000000001 0.00057439800000000016
decision_type=2 2 2 2 10 2 8 2 8 2 10 2 10 2
left_child=6 2 3 -2 -4 7 10 -3 -7 11 12 -8 -1 -12
right_child=1 5 4 -5 -6 8 9 -9 -10 -11 13 -13 -14 -15
leaf_value=-0.6037969330590347 1.7941443245297386 0.658656485192747 0.70832844225924363 0.97145013655185697 -0.037766045093536371 -0.048296150331552316 -0.25717777269243591 0.26088529214464473 0.49358043788373468 0.056387217585857095 -0.16896543010931747 -0.13026006570995458 -0.37846635187557248 -0.30494760372725399
leaf_weight=57 62 165 550 199 41 172 595 280 31 116 129 393 989 824
leaf_count=30 22 82 201 77 21 89 208 125 22 46 40 135 358 235
internal_value=0.00105358 0.590352 0.815975 1.17299 0.656587 0.292894 -0.283912 0.409526 0.0364526 -0.179188 -0.341629 -0.206879 -0.391313 -0.28674
internal_weight=4603 1500 852 261 591 648 3103 445 203 1104 1999 988 1046 953
internal_count=1691 639 321 99 222 318 1052 207 111 389 663 343 388 275
is_linear=0
shrinkage=0.03


Tree=19
num_leaves=15
num_cat=0
split_feature=59 64 72 78 89 116 111 14 118 127 82 132 53 72
split_gain=824055 100518 57006.9 40598.5 34894 31478.4 26671.2 24389.9 18959.2 13517 9130.32 7532.71 6708.94 4363.29
threshold=16.163350000000005 423.17900000000003 175.90800000000004 0.56551202946476731 313.43000000000006 62.024666666666668 0.10845409837900002 256.1437857142858 79.71114285714286 79.500000000000014 1489.5250000000005 108.64285714285715 0.83121200000000017 286.97900000000004
decision_type=2 2 2 2 2 8 2 2 8 8 2 8 2 2
left_child=1 3 8 4 -1 11 -7 -5 12 -4 -10 -3 -2 -11
right_child=2 5 9 7 -6 6 -8 -9 10 13 -12 -13 -14 -15
leaf_value=1.8839414146824887 -0.17828974826642544 -0.23716571339438941 -0.38073232791606859 1.0224376846075056 1.0001732435204362 0.20155434395659785 0.68017626399993891 0.54904656687567222 0.78885410133222256 -0.16137929203466186 -0.020391469404101369 0.17790337155615063 0.052012552870152232 -0.27215578812382329
leaf_weight=56 172 50 1093 159 161 160 309 268 40 418 18 172 332 1450
leaf_count=18 86 19 389 51 67 69 120 108 30 162 16 65 124 424
internal_value=-0.00368605 0.630762 -0.244214 0.900318 1.23585 0.378598 0.517676 0.727305 0.0327329 -0.296774 0.541569 0.0837616 -0.0267742 -0.247469
internal_weight=4858 1335 3523 644 217 691 469 427 562 2961 58 222 504 1868
internal_count=1748 517 1231 244 85 273 189 159 256 975 46 84 210 586
is_linear=0
shrinkage=0.03


Tree=20
num_leaves=15
num_cat=0
split_feature=107 61 96 62 31 11 72 136 78 96 96 96 72 72
split_gain=787567 136393 71163.8 43854.2 29395.5 20434.7 17975.5 11017 9061.08 6467.05 5603.35 4166.07 3830.4 334.011
threshold=0.31595530242620651 2.1520300000000003 39.076450000000008 -1.5779049999999997 1.9941036376072019 254.76200000000003 183.96950000000001 1.0000000180025095e-35 0.92763803632451869 20.739800000000006 24.875000000000004 19.619850000000003 89.449700000000021 121.22200000000002
decision_type=2 2 2 2 2 2 2 2 2 2 2 2 2 2
left_child=6 2 3 -2 -4 -3 9 10 -7 13 -8 -9 -11 -1
right_child=1 5 4 -5 -6 8 7 11 -10 12 -12 -13 -14 -15
leaf_value=-0.23256575490474699 0.36344369921599617 1.2211583099365233 1.5312163789583286 0.78149158601206659 0.88427340551302658 0.13846371750688799 -0.38463773277134528 -0.32365785601774433 -0.18005733040523728 0.1380215554984405 -0.23007930808012927 -0.20555353487258562 -0.090166432815803471 -0.35636907482605712
leaf_weight=49 506 10.999999999999998 91 412 232 143 1225 378 181 93 262 975 223 51
leaf_count=20 185 3 35 182 91 56 601 53 86 41 129 136 87 27
internal_value=-0.0076545 0.542653 0.687551 0.551714 1.07071 0.00542334 -0.274105 -0.301081 -0.0394728 -0.089654 -0.35758 -0.238766 -0.0227768 -0.298638
internal_weight=4832 1576 1241 918 323 335 3256 2840 324 416 1487 1353 316 100
internal_count=1732 638 493 367 126 145 1094 919 142 175 730 189 128 47
is_linear=0
shrinkage=0.03


Tree=21
num_leaves=15
num_cat=0
split_feature=59 116 96 69 72 116 24 136 73 83 96 96 53 71
split_gain=732713 103797 55868.5 41568.8 30883.1 23509.3 18790.8 12151.5 10441.1 10336 6505.9 4872.65 3945.95 586.614
threshold=17.168200000000002 58.775000000000013 38.329650000000008 4.1774050000000011 178.99000000000004 35.998833333333344 143.77217356545796 1.0000000180025095e-35 108.44700000000002 2.7197549999999984 20.451200000000004 20.739800000000006 0.48856800000000006 40.99410000000001
decision_type=2 8 2 2 2 10 2 2 2 2 2 2 2 2
left_child=1 5 3 -3 9 13 -4 10 -7 -2 -6 -11 -9 -1
right_child=4 2 6 -5 7 8 -8 12 -10 11 -12 -13 -14 -15
leaf_value=-0.51607090910060982 0.60980422048983363 0.90448090281916271 1.4414950646332332 0.41793937704669365 -0.41102846687639888 0.55571594409942626 0.90524863291368241 -0.2447282687802127 0.11764184531892462 -0.23505079839306489 -0.28464061008256558 0.01068422286117068 -0.13165563262327937 -0.29100823599877562
leaf_weight=36 22 232 83 504 622 64 245 990 202 92 933 331 392 22
leaf_count=19 15 89 31 207 340 21 101 139 78 44 433 136 55 13
internal_value=-0.00433396 0.575813 0.718863 0.572329 -0.242532 0.105268 1.04492 -0.277808 0.224741 -0.0095988 -0.335429 -0.0431829 -0.212776 -0.437132
internal_weight=4770 1388 1064 736 3382 324 328 2937 266 445 1555 423 1382 58
internal_count=1721 559 428 296 1162 131 132 967 99 195 773 180 194 32
is_linear=0
shrinkage=0.03


Tree=22
num_leaves=15
num_cat=0
split_feature=134 11 73 72 62 96 118 81 47 113 53 72 20 77
split_gain=658864 77318.6 55464.9 44849.1 23272.8 17646.3 17539.1 15560.8 13569.4 12479.6 8408.45 6781.06 4589.54 3523.55
threshold=50.003087500000014 269.28850000000006 242.52050000000003 94.392900000000012 -1.1139949999999998 32.211050000000007 62.572785714285722 -1.4590000000000598 0.32811300000000004 28.006000000000004 0.32576350000000004 119.46700000000001 171.69850000000002 0.25962545850298541
decision_type=10 2 2 2 2 2 8 2 2 10 2 2 2 2
left_child=2 3 6 4 -2 11 10 -5 -7 -4 -1 -3 -8 -11
right_child=1 5 9 7 -6 8 12 -9 -10 13 -12 -13 -14 -15
leaf_value=-0.22248620685965742 0.7273274663464776 0.23267324727236249 -0.31419811870814729 -0.27736330199241638 1.1305988134131373 0.28088241421092641 0.70903698510709012 0.52259189505880088 0.9608298548822819 -0.2006563174011016 0.10790828988434355 -0.064038447874132542 0.21142816780353416 -0.0060137769945206171
leaf_weight=96 289 182 1831 23 248 65 45 298 45 938 242 111 28 92
leaf_count=40 95 87 667 8 102 28 29 107 28 296 96 50 18 34
internal_value=0.00418897 0.586525 -0.220348 0.747433 0.915329 0.242936 0.105317 0.464582 0.56522 -0.267153 0.0136801 0.120421 0.52365 -0.183296
internal_weight=4533 1261 3272 858 537 403 411 321 110 2861 338 293 73 1030
internal_count=1685 505 1180 312 197 193 183 115 56 997 136 137 47 330
is_linear=0
shrinkage=0.03


Tree=23
num_leaves=15
num_cat=0
split_feature=59 118 64 73 73 111 111 136 134 106 92 96 64 77
split_gain=634760 112699 41818.4 26742.7 25179.7 24780.4 13013.1 12136.5 11546.9 9376.58 5254.93 4687.56 4156.55 4091.01
threshold=17.168200000000002 70.036500000000018 423.17900000000003 224.11450000000005 491.12100000000004 0.13379193285050003 0.067674899869500024 1.0000000180025095e-35 63.091500000000003 0.95242846126021108 0.68130925000000708 20.451200000000004 491.92050000000006 0.24648747812564734
decision_type=2 8 2 2 2 2 2 2 10 2 2 2 2 2
left_child=1 3 5 8 10 -3 -4 11 -1 -5 13 -6 -9 -2
right_child=4 2 6 9 7 -7 -8 12 -10 -11 -12 -13 -14 -15
leaf_value=0.21483289267427544 -0.028385830023935285 0.66417961212009824 -0.040200240203312462 0.00014167487885378583 -0.38885110606419221 1.0634841160485238 0.52430005447544781 -0.08464806834469854 0.67302278347696587 -0.46463741334241171 -0.18184301241075293 -0.28043117009746471 -0.2269454423965461 0.22822128458580243
leaf_weight=175 294 281 41 157 654 296 342 225 69 51 169 840 1077 68
leaf_count=76 134 105 12 65 337 107 144 32 28 21 72 400 151 32
internal_value=-0.00754731 0.525189 0.708952 0.134186 -0.233735 0.870513 0.463915 -0.269691 0.346633 -0.115482 -0.0442479 -0.328122 -0.202441 0.0203043
internal_weight=4739 1412 960 452 3327 577 383 2796 244 208 531 1494 1302 362
internal_count=1716 558 368 190 1158 212 156 920 104 86 238 737 183 166
is_linear=0
shrinkage=0.03


Tree=24
num_leaves=15
num_cat=0
split_feature=134 96 72 82 59 95 107 96 107 82 112 73 11 118
split_gain=629922 84251.6 58449.5 47517.9 35080.5 24409.1 16907.4 15128.2 15070.4 11247.2 10398.4 7295.55 6841.09 6819.14
threshold=54.845433333333339 33.087300000000006 124.30600000000003 772.01916666666398 11.296500000000002 0.018507200000000005 0.79253265336324141 21.713150000000002 0.28313308994381592 1984.2050000000006 0.058888339617600011 39.180350000000011 257.93550000000005 31.135380952380959
decision_type=10 2 2 2 2 2 2 2 2 2 2 2 2 10
left_child=2 3 8 12 9 -6 -5 10 -1 -3 -4 -10 -2 -9
right_child=1 4 7 6 5 -7 -8 13 11 -11 -12 -13 -14 -15
leaf_value=-0.070863798336591566 1.3187378298785235 0.75423413932385208 1.4634562196731569 0.050714859585908913 1.488589833379949 0.87740554802432924 0.38548998933663786 -0.220976504009086 0.71685132025134168 0.32290899919867516 -0.31332274930031906 0.22087414162616595 0.7645479008045889 -0.087805828155497825
leaf_weight=191 36 192 1.9999999999999989 210 102 156 385 1108 30 79 1578 210 61 506
leaf_count=77 11 73 2 96 37 61 139 360 17 30 559 99 26 164
internal_value=-0.00134293 0.58772 -0.199864 0.368982 0.872616 1.12386 0.267622 -0.244109 0.127826 0.630158 -0.310148 0.285601 0.981615 -0.179309
internal_weight=4846 1221 3625 692 529 258 595 3194 431 271 1580 240 97 1614
internal_count=1751 473 1278 272 201 98 235 1085 193 103 561 116 37 524
is_linear=0
shrinkage=0.03


Tree=25
num_leaves=15
num_cat=0
split_feature=134 63 107 14 10 78 113 87 129 79 72 87 63 72
split_gain=623475 66090.9 50089.3 30330.8 29625.6 21476.6 13584.2 13394.9 10255.5 10056.1 9334.07 6904.26 6762.4 5155.01
threshold=50.003087500000014 3.1160800000000006 0.19969739736768838 261.36950000000007 269.38150000000002 0.45012427727886845 24.952500000000004 52.807250000000003 170.50000000000003 9.3223500000000019 326.49600000000004 71.907800000000023 3.1160800000000006 297.17500000000007
decision_type=10 2 2 2 2 2 8 2 8 2 2 2 2 2
left_child=2 3 6 5 10 -2 -1 -5 12 -6 -3 -10 -4 -8
right_child=1 4 8 7 9 -7 13 -9 11 -11 -12 -13 -14 -15
leaf_value=-0.31945448875571525 1.386624110026532 0.56510622342293992 0.25528648804175225 0.77092174201262631 -0.051104416771576948 0.82742166768774683 -0.11383588268665491 0.33196466605018266 0.25711101003955394 0.32267398514296558 0.10392219086315321 0.95130011781056711 -0.04309018451219699 -0.22484426586002509
leaf_weight=1321 82 356 94 113 155 293 529 145 50 110 45 17 243 1337
leaf_count=444 27 118 50 50 78 102 191 63 34 52 18 13 105 368
internal_value=-0.00213242 0.560836 -0.20588 0.780304 0.351381 0.953071 -0.245765 0.526467 0.108586 0.104667 0.513747 0.444692 0.0406367 -0.193453
internal_weight=4890 1299 3591 633 666 375 3187 258 404 265 401 67 337 1866
internal_count=1713 508 1205 242 266 129 1003 113 202 130 136 47 155 559
is_linear=0
shrinkage=0.03


Tree=26
num_leaves=15
num_cat=0
split_feature=59 14 111 113 104 106 134 63 72 12 137 78 96 72
split_gain=481302 65416 33646.2 24651.6 22749.7 21733.8 20767 11718.7 10755 5883.47 4692.6 3304.17 3077.97 1453.84
threshold=17.168200000000002 266.94021428571438 0.10469477287000001 30.382000000000001 36.161092857142862 0.95242846126021108 88.313847222222236 3.3250200000000003 178.99000000000004 273.70800000000014 1.0000000180025095e-35 0.849600609068483 17.831050000000001 413.62050000000005
decision_type=2 2 2 8 2 2 8 2 2 2 2 2 2 2
left_child=1 2 6 10 -4 7 -1 -3 9 -5 13 -12 -10 -2
right_child=3 5 4 8 -6 -7 -8 -9 12 -11 11 -13 -14 -15
leaf_value=0.61023356462717049 -0.18118729079710449 0.43660579649806025 0.99777049636840809 0.35939793901858119 0.58198077642766721 -0.30316928243637081 0.092094995447158795 0.15856404134585231 -0.3024917814796621 -0.0042388705542972006 -0.025511997515814643 -0.32763860127466488 -0.13159886709349636 -0.25209291377899873
leaf_weight=159 433 259 251 45 236 61 124 291 109 309 34 904 735 718
leaf_count=56 147 117 90 28 77 32 38 135 51 113 21 352 248 183
internal_value=-0.00699721 0.462772 0.646596 -0.204448 0.797891 0.230428 0.384339 0.290057 -0.0958429 0.0428599 -0.266653 -0.316729 -0.154005 -0.225602
internal_weight=4668 1381 770 3287 487 611 283 550 1198 354 2089 938 844 1151
internal_count=1688 545 261 1143 167 284 94 252 440 141 703 373 299 330
is_linear=0
shrinkage=0.03


Tree=27
num_leaves=15
num_cat=0
split_feature=107 63 76 113 87 96 87 96 62 72 136 56 72 0
split_gain=527623 86967.8 45791.8 45255.6 24986 16723.3 14094.5 13376.5 9465.97 8240.06 4104.96 3160.28 2968.01 1692.21
threshold=0.31595530242620651 3.1160800000000006 0.39100740392820887 78.003000000000014 56.226250000000007 39.870450000000012 48.935650000000003 20.739800000000006 -4.6496799999999991 311.02500000000003 1.0000000180025095e-35 0.065235500000000016 65.526550000000015 90.591850000000008
decision_type=2 2 2 10 2 2 2 2 2 2 2 2 2 2
left_child=7 3 8 6 -5 -4 -2 10 -3 12 13 -11 -9 -1
right_child=1 2 5 4 -6 -7 -8 9 -10 11 -12 -13 -14 -15
leaf_value=-0.353040102122188 0.7136245109408067 2.0363592681884768 0.34943840541548671 1.1480611960337712 0.65167051891211802 0.81156996206304233 0.30270397872855309 0.12648503404855729 -0.033697498114552978 -0.16260956458190476 -0.23166391589612731 -0.25677506992901011 -0.10254078232657093 -0.062222318029403687
leaf_weight=694 115 0.999999999999999 377 207 173 87 222 55 336 593 495 722 576 19
leaf_count=357 46 1 146 78 63 41 106 25 164 115 69 250 222 14
internal_value=0.000611902 0.459979 0.24467 0.699833 0.924384 0.437653 0.444634 -0.220553 -0.0215395 -0.171713 -0.299023 -0.214469 -0.0824049 -0.345393
internal_weight=4672 1518 801 717 380 464 337 3154 337 1946 1208 1315 631 713
internal_count=1697 645 352 293 141 187 152 1052 165 612 440 365 247 371
is_linear=0
shrinkage=0.03


Tree=28
num_leaves=15
num_cat=0
split_feature=107 61 63 127 127 107 96 78 78 96 127 134 96 86
split_gain=483485 88310 43637.9 27974.9 13773.6 13612.8 13291.7 6960.13 4252.28 3789.99 3692.63 3157.03 2386.2 1201.75
threshold=0.31595530242620651 2.1520300000000003 3.1160800000000006 159.50000000000003 85.500000000000014 0.96177147954086928 39.076450000000008 0.86935540612590112 0.94031158515328406 26.234600000000004 68.500000000000014 40.711125000000003 21.713150000000002 24.843900000000001
decision_type=2 2 2 8 8 2 2 2 2 2 10 10 2 2
left_child=4 2 3 -2 10 8 -4 11 -3 -9 13 -6 -12 -1
right_child=1 5 6 -5 7 -7 -8 9 -10 -11 12 -13 -14 -15
leaf_value=0.41615627861022947 0.40643576868417414 0.058006394835780642 0.28067493131111293 0.84364080269751529 -0.042423559767035941 0.57810933677979881 0.66480415970500151 -0.19705460923741164 -0.16080575978499373 -0.075730669715007137 -0.27627278007794903 0.23301471855202496 -0.20120495460192103 -0.36374589860279821
leaf_weight=0.999999999999999 187 169 433 471 158 34 100 904 150 314 901 48 692 298
leaf_count=1 77 76 172 190 57 12 45 294 77 103 271 21 213 135
internal_value=-0.00507966 0.433263 0.556691 0.720199 -0.209251 0.0164216 0.35386 -0.138611 -0.0450549 -0.165868 -0.262316 0.0225574 -0.243812 -0.359749
internal_weight=4860 1544 1191 658 3316 353 533 1424 319 1218 1892 206 1593 299
internal_count=1744 649 484 267 1095 165 217 475 153 397 620 78 484 136
is_linear=0
shrinkage=0.03


Tree=29
num_leaves=15
num_cat=0
split_feature=59 63 65 118 15 27 113 96 102 60 63 129 96 67
split_gain=475550 66045.5 34064.3 24214.5 24120.1 20389.2 15628.5 15269.4 14998.3 9567.86 9426.77 5647.9 5167.52 4621.43
threshold=15.863900000000003 3.0772900000000001 1393.1950000000004 69.283773809523822 7.0233406955692717 38.12295000000001 29.426000000000005 36.723450000000007 41.834050000000012 69.187850000000012 3.7505350000000006 187.50000000000003 23.252950000000002 30.066500000000001
decision_type=2 2 2 8 2 2 10 2 2 2 2 10 2 2
left_child=1 4 8 10 5 -1 13 -5 9 -2 -3 -6 -8 -4
right_child=2 3 6 7 11 -7 12 -9 -10 -11 -12 -13 -14 -15
leaf_value=0.59541164463758467 0.31608539786509104 0.34286278202858833 -0.3466967395776655 0.29567832864520999 0.11363440065305741 0.9927214557398728 -0.19294978511419492 0.66079345662080791 0.74762309678792949 -0.060558004257001287 -0.082899727789696689 0.57641668467521656 -0.061052374755106865 -0.23693710750465591
leaf_weight=216 83 65 450 307 60 270 484 157 29 218 160 39 599 1583
leaf_count=100 42 32 208 114 33 84 155 67 17 114 63 10 173 502
internal_value=0.00144452 0.496464 -0.181656 0.296753 0.730767 0.817731 -0.212348 0.420381 0.107908 0.0439933 0.0410579 0.299914 -0.120125 -0.261392
internal_weight=4720 1274 3446 689 585 486 3116 464 330 301 225 99 1083 2033
internal_count=1714 503 1211 276 227 184 1038 181 173 156 95 43 328 710
is_linear=0
shrinkage=0.03


Tree=30
num_leaves=13
num_cat=0
split_feature=14 96 78 14 78 130 132 61 96 96 113 74
split_gain=454097 45564.8 44148.9 35370.4 25836.2 21577.6 14983.7 10241.2 5982.47 5126.1 4050.07 2656.37
threshold=275.27628571428573 53.830200000000012 0.86241702114873975 268.11392857142863 0.58132862733518365 123.16666666666667 85.928571428571445 2.2204800000000007 23.353800000000003 34.403650000000006 18.239500000000003 0.0030464800000000003
decision_type=2 2 2 2 2 8 8 2 2 2 10 2
left_child=1 3 5 4 -1 11 10 -5 -8 -7 -4 -2
right_child=2 -3 6 7 -6 9 8 -9 -10 -11 -12 -13
leaf_value=0.93631143361813296 0.062078650099615898 1.4475730288187663 -0.37423150460551491 0.28894193781385058 0.49620041599023806 0.29306248609344637 -0.18714729092263083 -0.13043091564252973 -0.069278409410546665 0.67670156769123346 -0.24369857711458576 -0.14464032224094603
leaf_weight=147 123 44 258 259 686 82 871 65 701 53 1381 101
leaf_count=61 47 17 123 116 234 46 286 39 236 24 425 50
internal_value=0.00406292 0.508425 -0.165706 0.471488 0.5749 0.149482 -0.200981 0.204657 -0.134666 0.447567 -0.264464 -0.0313447
internal_weight=4771 1201 3570 1157 833 359 3211 324 1572 135 1639 224
internal_count=1704 467 1237 450 295 167 1070 155 522 70 548 97
is_linear=0
shrinkage=0.03


Tree=31
num_leaves=15
num_cat=0
split_feature=134 96 61 127 84 105 59 58 86 131 59 96 61 96
split_gain=413118 78526.5 28445.2 27331.1 20302.6 16290.7 14439.2 12521 8847.17 7243.44 6352.45 4283.55 3665.8 3634.43
threshold=51.864863636363644 38.329650000000008 2.6858850000000003 88.500000000000014 404.11633333333333 0.015418700000000002 18.865050000000004 21.563900000000004 19.635950000000005 39.183277843300672 11.910400000000001 20.739800000000006 3.6839850000000003 25.619800000000001
decision_type=10 2 2 8 2 2 2 2 2 8 2 2 2 2
left_child=3 2 5 11 10 -2 9 -6 -4 -5 -3 -1 -13 -8
right_child=1 4 8 6 7 -7 13 -9 -10 -11 -12 12 -14 -15
leaf_value=-0.27828529210670899 0.55792538865549224 0.89250878489219532 0.85188601064682001 0.047543471034219006 0.31751034045219417 0.27814347414301566 -0.1593102751638274 0.94186496818065646 -0.11952550139365826 0.46948726857871542 1.2606298253969712 -0.092529919464098304 -0.22196461305621118 -0.051108165848645026
leaf_weight=981 335 117 7.9999999999999991 346 77 433 742 47 135 40 87 260 840 450
leaf_count=349 117 43 4 130 32 176 256 27 64 28 30 101 252 130
internal_value=-0.000804648 0.472444 0.3285 -0.161141 0.870018 0.400754 -0.0669207 0.559827 -0.0596215 0.0923761 1.0549 -0.232519 -0.191486 -0.118542
internal_weight=4898 1239 911 3659 328 768 1578 124 143 386 204 2081 1100 1192
internal_count=1739 493 361 1246 132 293 544 59 68 158 73 702 353 386
is_linear=0
shrinkage=0.03


Tree=32
num_leaves=15
num_cat=0
split_feature=134 63 72 105 61 81 132 132 115 1 49 65 51 66
split_gain=371641 58598.3 31568.9 27717.4 21411.1 21359.7 14870.2 10257.8 8232.98 6976.55 5487.24 4454.25 3493.47 2556.49
threshold=50.003087500000014 3.6446850000000004 106.71300000000001 0.031504350000000007 -1.3410349999999998 -2.0169999999999955 168.61904761904765 82.500000000000014 40.657500000000006 123.98150000000001 0.16549030945557833 2531.1200000000003 0.058377145769765902 999.82450000000006
decision_type=10 2 2 2 2 2 10 8 8 2 2 2 2 2
left_child=2 3 8 5 6 -2 -3 13 -1 -5 -10 -9 -6 -4
right_child=1 4 7 9 12 -7 -8 11 10 -11 -12 -13 -14 -15
leaf_value=-0.024375533062011696 1.2313671293780208 0.095150048231439924 -0.22712239507916093 0.4244502556400489 1.1369201431274414 0.64172524193946467 0.46848051929473877 -0.079283177240024233 0.40325491649838324 0.039194183761658875 0.017168499484062193 -0.17987313455744014 -0.12768765986449007 -0.31711758021197217
leaf_weight=171 63 167 926 112 0.999999999999999 500 227 602 102 68 49 1173 147 426
leaf_count=60 21 54 274 48 1 197 88 266 56 35 26 349 72 186
internal_value=-0.00201973 0.433257 -0.164271 0.606167 0.195539 0.709778 0.310891 -0.193395 0.11827 0.279946 0.278926 -0.145823 -0.11155 -0.255695
internal_weight=4734 1285 3449 743 542 563 394 3127 322 180 151 1775 148 1352
internal_count=1733 516 1217 301 215 218 142 1075 142 83 82 615 73 460
is_linear=0
shrinkage=0.03


Tree=33
num_leaves=15
num_cat=0
split_feature=113 96 72 96 63 113 132 105 10 113 72 37 82 96
split_gain=347258 66167.4 38515.4 17346.6 16106.8 12179.7 11622.7 10876.4 10213.9 9851.2 5277.41 3815.71 2432.15 1833.12
threshold=52.697500000000005 36.366900000000008 106.71300000000001 52.54460000000001 3.6610800000000006 83.679000000000016 155.35714285714286 0.015916800000000005 248.05700000000004 24.520000000000003 311.02500000000003 0.030663350000000002 1505.9298333333343 20.739800000000006
decision_type=10 2 2 2 2 10 8 2 2 8 2 2 2 2
left_child=2 4 6 5 7 -3 11 -2 -6 13 -11 -1 -8 -4
right_child=1 3 9 -5 8 -7 12 -9 -10 10 -12 -13 -14 -15
leaf_value=-0.32939525846072604 0.55806524368746191 0.46765856318568894 -0.29372189618686195 1.3080111976536839 0.72689369964599604 0.82289564734961596 0.70414406674908048 0.25394520936027548 0.087286616437691311 -0.084404448645026012 -0.18773268917617894 0.092227724861292562 0.3184570646830967 -0.21768536635518074
leaf_weight=20 198 162 685 43 23 202 30 233 362 683 1290 243 34 524
leaf_count=11 71 50 263 14 8 86 25 100 138 287 370 93 19 185
internal_value=-0.00990018 0.425209 -0.161628 0.73734 0.26881 0.666518 0.14806 0.394632 0.127289 -0.193491 -0.152026 0.0590275 0.507346 -0.260976
internal_weight=4732 1223 3509 407 816 364 327 431 385 3182 1973 263 64 1209
internal_count=1720 467 1253 150 317 136 148 171 146 1105 657 104 44 448
is_linear=0
shrinkage=0.03


Tree=34
num_leaves=15
num_cat=0
split_feature=59 63 61 113 15 72 96 113 10 100 96 130 96 113
split_gain=345324 62939.6 30298.1 25510.5 24271.6 18332.2 13316.6 5987.49 5733.86 4912.46 4184.66 3558.44 2698.34 2652.77
threshold=16.949650000000002 3.1160800000000006 -0.61995149999999988 70.207000000000008 6.1859887087063159 236.98400000000001 40.629850000000012 25.915000000000003 265.47100000000006 0.18384016666666678 24.939850000000003 102.16666666666667 21.206050000000001 17.143000000000004
decision_type=2 2 2 8 2 2 2 8 2 2 2 10 2 10
left_child=1 3 6 9 -5 8 -3 13 -2 -1 -10 -4 -9 -7
right_child=5 2 11 4 -6 7 -8 12 10 -11 -12 -13 -14 -15
leaf_value=0.57197406045083077 0.48609840202331533 0.24782773374680397 -0.3523761289507843 0.85281985085114176 0.31121683421913454 -0.36134097154697259 0.6352340699045026 -0.21468740256778865 -0.11786186828907703 0.25561386271764541 0.03313597316579385 -0.045168369356133949 -0.12677535305363744 -0.23170587899487949
leaf_weight=61 18 451 42 344 97 166 97 495 330 168 329 163 882 1149
leaf_count=20 11 169 23 131 39 77 40 181 156 61 143 67 253 368
internal_value=-0.00187238 0.38982 0.201205 0.601181 0.734672 -0.167383 0.317439 -0.202467 -0.027781 0.342018 -0.042537 -0.109528 -0.158513 -0.248335
internal_weight=4792 1423 753 670 441 3369 548 2692 677 229 659 205 1377 1315
internal_count=1739 550 299 251 170 1189 209 879 310 81 299 90 434 445
is_linear=0
shrinkage=0.03


Tree=35
num_leaves=15
num_cat=0
split_feature=130 72 78 89 96 69 131 96 31 127 78 129 4 130
split_gain=328053 46625.7 45638.4 24521.9 21445.7 14200.4 13438.1 12566.6 10643.9 7697.02 7382.21 5500.99 3186.99 2727.62
threshold=153.58333333333334 121.22200000000002 0.56551202946476731 316.24750000000006 28.466600000000003 6.022145000000001 38.43374097616941 19.744150000000001 4.6589488438854758 90.500000000000014 0.37470294759032874 113.50000000000001 84.516389906982553 72.833333333333357
decision_type=10 2 2 2 2 2 8 2 2 8 2 8 2 8
left_child=1 6 3 -2 8 -6 11 13 -4 -9 -5 -1 -8 -3
right_child=2 7 4 10 5 -7 12 9 -10 -11 -12 -13 -14 -15
leaf_value=-0.019551753847978331 1.2148557258896204 -0.34800386296773883 0.26598186934474977 0.78774837894681127 0.58634376001223709 0.25382077520907942 0.70472401735844992 -0.17432530231131155 -0.12705679815720364 -0.060196203147734786 0.36011899638175959 0.19348030156910009 0.19300220956521877 -0.22906035157744309
leaf_weight=219 91 230 247 78 354 175 42 1331 82 888 73 216 15.999999999999998 780
leaf_count=85 28 123 91 25 116 71 35 428 36 284 34 88 15 274
internal_value=0.00729073 -0.127246 0.462218 0.825735 0.358842 0.477033 0.144273 -0.168734 0.167924 -0.128702 0.584763 0.0864239 0.569274 -0.256467
internal_weight=4822 3722 1100 242 858 529 493 3229 329 2219 151 435 58 1010
internal_count=1733 1332 401 87 314 187 223 1109 127 712 59 173 50 397
is_linear=0
shrinkage=0.03


Tree=36
num_leaves=15
num_cat=0
split_feature=134 78 73 61 12 96 129 41 96 56 96 51 15 53
split_gain=301171 51658.1 26960.7 26501 19145.9 17792.3 12917.4 10279.1 8097.33 6221.88 3902.25 3229.04 3158.94 3092.34
threshold=54.430555555555564 0.56551202946476731 228.36550000000003 3.0071950000000007 264.83300000000003 39.870450000000012 113.50000000000001 0.24876288571428562 19.619850000000003 0.065235500000000016 26.4267 0.062449579230086157 7.1500916109114643 0.44440750000000007
decision_type=10 2 2 2 2 2 8 2 2 2 2 2 2 2
left_child=2 4 6 5 7 -3 13 -2 -4 -10 -8 -5 -6 -1
right_child=1 3 8 11 12 -7 10 -9 9 -11 -12 -13 -14 -15
leaf_value=-0.18188529456533348 0.62378571834564212 0.32658278733940438 -0.24022336459573684 1.1201374969482423 0.62126152641432619 0.65808628855486273 0.098993602625131613 1.3168122633724677 -0.083093703789200099 -0.18580201310436278 0.37960118682836663 -0.096434694270044558 0.12682632422447204 0.036195104491335284
leaf_weight=105 29 690 964 0.999999999999999 27 186 74 81 1049 1080 115 119 21 130
leaf_count=43 10 258 371 1 20 69 37 36 240 429 61 56 13 43
internal_value=0.000704772 0.421032 -0.137293 0.340423 0.923816 0.397644 0.0868776 1.1414 -0.168042 -0.13526 0.270849 -0.0770983 0.41201 -0.0615902
internal_weight=4671 1154 3517 996 158 876 424 110 3093 2129 189 120 48 235
internal_count=1687 463 1224 384 79 327 184 46 1040 669 98 57 33 86
is_linear=0
shrinkage=0.03


Tree=37
num_leaves=15
num_cat=0
split_feature=59 64 96 120 96 95 65 104 118 77 31 96 96 91
split_gain=338496 58951 21928.7 21783 20486.6 12498.1 11371 9996.14 7352.67 6069.87 4288.71 3540.58 2381.8 1762.92
threshold=17.081800000000005 380.73500000000007 32.211050000000007 88.647500000000022 46.712750000000007 0.088767350000000009 1446.1700000000003 23.487400000000004 26.179928571428579 0.23401271973572371 3.3371304419565129 17.739600000000003 18.481250000000003 1005.9650000000001
decision_type=2 2 2 8 2 2 2 2 8 2 2 2 2 2
left_child=1 3 7 -1 -5 -4 9 -3 12 13 -11 -10 -8 -2
right_child=6 2 5 4 -6 -7 8 -9 11 10 -12 -13 -14 -15
leaf_value=-0.10368545673915318 0.020524875191350777 -0.30233187684234303 0.47538478621501401 0.618261919158825 1.2954796110153199 -0.0087024487445228962 -0.28791163755155175 0.14914311309119066 -0.22679169782754538 0.11103235165051052 0.66898433396816248 -0.11337437192732272 -0.19816711406583329 -0.16981647322291418
leaf_weight=34 143 48 333 488 44 56 378 449 295 34 19 1572 969 62
leaf_count=18 65 21 123 189 22 20 153 178 100 17 15 485 299 31
internal_value=0.00614993 0.390626 0.237407 0.629626 0.676603 0.405845 -0.154705 0.105014 -0.170083 0.0367798 0.319793 -0.131409 -0.223549 -0.0375721
internal_weight=4924 1452 886 566 532 389 3472 497 3214 258 53 1867 1347 205
internal_count=1736 571 342 229 211 143 1165 199 1037 128 32 585 452 96
is_linear=0
shrinkage=0.03


Tree=38
num_leaves=15
num_cat=0
split_feature=11 77 65 96 95 49 96 42 85 115 53 65 96 136
split_gain=298764 39611 26935.1 14741.5 13414.9 14340.5 10379.8 9140.84 8249.76 7914.26 6615.82 6540.09 4066.99 3888.89
threshold=269.83250000000004 0.30702689860304938 864.22850000000005 19.666250000000002 0.015027200000000003 0.060402641766074287 20.115200000000005 0.21408105133674357 0.00044502600000699446 80.870000000000019 0.54395400000000016 957.91800000000012 32.561850000000007 1.0000000180025095e-35
decision_type=2 2 2 2 2 2 2 2 2 8 2 2 2 2
left_child=2 6 4 -4 9 -6 13 -5 11 -1 -8 -3 -10 -2
right_child=1 8 3 7 5 -7 10 -9 12 -11 -12 -13 -14 -15
leaf_value=0.24051376967560753 -0.27503808832983517 0.61416246195682656 -0.3079723962783813 0.57342587568790104 0.39412775564712021 1.0307305542400904 -0.15653507042546363 0.30533488783852508 -0.084138115024330079 0.64159071905438492 -0.048774038526279297 0.19566244284085929 0.22126008209531955 -0.16437436874092662
leaf_weight=72 660 40 29 157 45 125 1365 442 136 122 823 199 54 516
leaf_count=20 352 24 16 52 15 43 428 176 59 46 294 89 30 74
internal_value=0.0010998 -0.120149 0.464363 0.344397 0.669819 0.865526 -0.154772 0.376446 0.151066 0.49475 -0.116044 0.267984 0.00334755 -0.226665
internal_weight=4785 3793 992 628 364 170 3364 599 429 194 2188 239 190 1176
internal_count=1718 1350 368 244 124 58 1148 228 202 66 722 113 89 426
is_linear=0
shrinkage=0.03


Tree=39
num_leaves=15
num_cat=0
split_feature=59 63 72 14 78 89 10 29 76 137 132 130 64 65
split_gain=283092 42986.3 23203.8 20113 16356.1 26940.2 14712.5 8715.82 8016.6 6205.94 4244.07 2956.12 2822.92 2306.43
threshold=15.742700000000001 3.1160800000000006 158.01000000000002 271.74278571428573 0.56551202946476731 313.43000000000006 246.88450000000003 34.995600000000003 0.39100740392820887 1.0000000180025095e-35 169.41428571428574 100.83333333333336 614.50000000000011 2635.2650000000008
decision_type=2 2 2 2 2 2 2 2 2 2 10 8 2 2
left_child=1 4 3 10 5 -1 -3 -6 -8 12 -2 -5 -4 -11
right_child=2 6 9 11 7 -7 8 -9 -10 13 -12 -13 -14 -15
leaf_value=1.260928944392943 0.33860207922865704 0.7545152347475983 -0.08818374345885617 -0.1185788880792531 0.2038979914014292 0.5515294401336599 -0.0082985733573312879 0.53557079974030541 0.24343574111926294 -0.15945190207680171 0.84713408248241129 0.046953276765990558 -0.16400450130969177 -0.25055924030850596
leaf_weight=70 40 42 732 164 100 161 153 264 443 372 25 235 1133 817
leaf_count=21 22 11 212 71 39 67 68 96 181 198 12 112 280 326
internal_value=-0.00146714 0.389512 -0.138571 0.058982 0.572823 0.77102 0.217921 0.445268 0.178902 -0.168596 0.544109 -0.0212039 -0.13431 -0.222215
internal_weight=4751 1233 3518 464 595 231 638 364 596 3054 65 399 1865 1189
internal_count=1716 483 1233 217 223 88 260 135 249 1016 34 183 492 524
is_linear=0
shrinkage=0.03


Tree=40
num_leaves=15
num_cat=0
split_feature=116 78 72 95 84 101 115 113 78 118 76 77 0 113
split_gain=238695 36037.2 28106.5 22718.7 19464.9 9918.49 8640.79 8307.83 5853.38 5170.08 4719.38 4048.96 1872.2 1669.76
threshold=60.178416666666685 0.56551202946476731 201.61650000000003 0.038712200000000009 309.72150000000016 0.26239607142857146 40.657500000000006 88.237000000000009 0.58132862733518365 22.908000000000001 -0.52355688576487591 0.085516127480744969 68.436750000000004 17.648500000000002
decision_type=10 2 2 2 2 2 8 8 2 8 2 2 2 8
left_child=2 4 6 5 -2 -3 12 -6 -8 13 -5 -11 -1 -4
right_child=1 3 9 10 7 -7 8 -9 -10 11 -12 -13 -14 -15
leaf_value=-0.11383412932597667 1.1863053241543851 0.47644215619628838 -0.31653627266988649 -0.078621002565622322 0.37492996453793248 0.24134317207316289 0.46532443238894144 0.80366929472514559 0.09787740443248559 -0.1536324864511078 0.28812428237982091 0.048323176567858839 0.011770706429556013 -0.21051059292075669
leaf_weight=229 58 367 181 149 106 295 44 69 302 2028 39 93 199 583
leaf_count=108 20 134 79 66 40 115 27 29 145 607 17 42 76 213
internal_value=-0.0101355 0.380884 -0.125944 0.289663 0.710993 0.372204 0.0345442 0.547599 0.14582 -0.168998 -0.00140306 -0.144757 -0.0555355 -0.236014
internal_weight=4742 1083 3659 850 233 662 774 175 346 2885 188 2121 428 764
internal_count=1718 421 1297 332 89 249 356 69 172 941 83 649 184 292
is_linear=0
shrinkage=0.03


Tree=41
num_leaves=15
num_cat=0
split_feature=130 63 72 95 20 6 117 72 111 28 73 12 99 48
split_gain=258645 30165.1 28686.2 19537.6 10213.3 13986 8290.91 7441.48 6731.51 5453.84 5410.7 4687.14 4191.18 4037.32
threshold=153.58333333333334 3.1160800000000006 106.71300000000001 0.041004850000000002 327.3830000000001 25.649673839316254 22.5976636292332 304.87000000000006 0.12178432659800002 37.152000000000008 121.02150000000002 269.3683333333334 0.26564350000000009 0.21500433333333355
decision_type=10 2 2 2 2 2 8 2 2 2 2 2 2 2
left_child=2 4 6 8 5 -2 12 11 -3 -8 -5 -4 -1 -9
right_child=1 3 7 10 -6 -7 9 13 -10 -11 -12 -13 -14 -15
leaf_value=0.16255352625846861 1.1099571530768213 0.21830750256357967 0.18184875786499896 0.29733095886972211 0.23371472618951422 0.55795358198997291 0.17056819606408841 -0.46592890238761897 0.47382479264318328 0.6975543604330583 -0.18105362721348162 -0.090519340631124323 -0.049454996087464939 -0.16792501571239138
leaf_weight=169 46 184 60 26 76 448 40 41 193 32 100 852 165 2358
leaf_count=69 15 70 34 11 29 161 26 18 81 25 39 355 63 721
internal_value=0.00216247 0.412242 -0.116295 0.242169 0.561631 0.611499 0.121475 -0.145479 0.350031 0.411172 -0.0807518 -0.0724176 0.0579748 -0.173211
internal_weight=4790 1073 3717 503 570 494 406 3311 377 72 126 912 334 2399
internal_count=1717 406 1311 201 205 176 183 1128 151 51 50 389 132 739
is_linear=0
shrinkage=0.03


Tree=42
num_leaves=13
num_cat=0
split_feature=107 60 120 111 76 23 65 65 83 56 92 69
split_gain=208458 31587.5 21470 20659.2 17089 15631.1 12065.8 10597.9 5837.08 5197.8 4808.01 4307.5
threshold=0.71952396275653763 49.196600000000011 109.12000000000002 0.10978346725950001 -0.97078810500921497 84.622657142857165 2467.6750000000006 931.4435000000002 3.6958416666666656 0.065235500000000016 0.01728348499998579 5.1233650000000006
decision_type=2 2 8 2 2 2 2 2 2 2 2 2
left_child=1 5 11 7 -5 -1 10 -4 -7 -8 -3 -2
right_child=2 6 3 4 -6 8 9 -9 -10 -11 -12 -13
leaf_value=0.79188818110489267 0.096002264442443849 0.022451502268735598 0.43457712146410576 0.16818812976497233 0.6025260183994734 0.32259067098753791 -0.12308154880737973 0.11595962450206279 -0.0588653466796875 -0.21058816688409074 -0.099432596201801893 -0.33135887679538212
leaf_weight=40 49 490 155 100 465 69 1259 239 74 1199 716 36
leaf_count=21 25 221 48 42 189 21 273 91 24 475 272 19
internal_value=-0.00643579 -0.108478 0.369318 0.409789 0.52609 0.275184 -0.127711 0.242095 0.126135 -0.165836 -0.0499308 -0.0867112
internal_weight=4891 3847 1044 959 565 183 3664 394 143 2458 1206 85
internal_count=1721 1307 414 370 231 66 1241 139 45 748 493 44
is_linear=0
shrinkage=0.03


Tree=43
num_leaves=15
num_cat=0
split_feature=134 96 73 65 105 31 4 40 12 136 96 37 73 53
split_gain=213516 42142.6 19809.3 19016.1 14375.6 10167.2 9206.2 7791.65 7066.78 6497.02 3583.65 3515.13 2474.81 1681.36
threshold=54.430555555555564 39.870450000000012 438.04450000000003 1258.9950000000001 0.015916800000000005 1.7820641116087215 62.136139948249145 0.04447057453084264 247.78099999999998 1.0000000180025095e-35 19.978950000000005 0.030663350000000002 106.53300000000002 0.5321085000000001
decision_type=10 2 2 2 2 2 2 2 2 2 2 2 2 2
left_child=2 3 6 4 -2 -3 11 -7 -5 10 -4 -1 -8 -11
right_child=1 5 9 8 -6 7 12 -9 -10 13 -12 -13 -14 -15
leaf_value=-0.22129636920140336 0.52807159751516419 1.0006045764794715 -0.24893539811626789 0.57962597649438041 0.17829096861957838 -0.016703361636400224 0.54652235975265495 0.61827654905301155 0.088247130621176256 -0.1238555829202492 -0.15503844192498181 0.011457200119669509 0.19483120995058731 -0.050968039730243248
leaf_weight=64 265 64 613 27 178 19 29 197 461 1008 931 574 50 400
leaf_count=34 92 26 332 9 80 6 17 74 185 141 452 226 32 56
internal_value=-0.00157716 0.343661 -0.115591 0.246126 0.388253 0.665922 0.0258199 0.562588 0.11657 -0.149936 -0.192456 -0.0121962 0.329188 -0.103202
internal_weight=4880 1211 3669 931 443 280 717 216 488 2952 1544 638 79 1408
internal_count=1762 472 1290 366 172 106 309 80 194 981 784 260 49 197
is_linear=0
shrinkage=0.03


Tree=44
num_leaves=13
num_cat=0
split_feature=107 72 111 12 64 64 121 127 15 60 67 1
split_gain=181481 29254.6 20871.5 21413.2 13043.1 12643.4 12627.4 12014.5 6166.79 3647.94 3094.26 2869.89
threshold=0.70747208174348741 44.775450000000006 0.10469477287000001 257.76183333333341 396.01300000000003 385.81000000000006 91.891500000000022 90.500000000000014 6.1859887087063159 59.993050000000004 32.096600000000009 66.701450000000008
decision_type=2 2 2 2 2 2 8 10 2 2 2 2
left_child=1 -1 4 5 8 -4 -5 10 -2 -9 -3 -6
right_child=2 7 3 6 11 -7 -8 9 -10 -11 -12 -13
leaf_value=0.46028850512151365 0.3977025677430428 -0.18540373735533605 0.85417826915794703 -0.1433097381153885 -0.27747632280758444 0.42284063609890316 0.37284110308235335 0.051218869357170724 0.0042306830468385121 -0.069892628445815855 -0.11382383343826287 0.029406002600420648
leaf_weight=80 176 1394 141 48 34 114 351 289 45 982 903 126
leaf_count=28 63 554 51 25 9 39 157 99 16 313 286 56
internal_value=-0.00412934 -0.103618 0.346291 0.44907 0.169146 0.663762 0.310537 -0.116388 0.317977 -0.0423333 -0.157327 -0.0371063
internal_weight=4683 3648 1035 654 381 255 399 3568 221 1271 2297 160
internal_count=1696 1280 416 272 144 90 182 1252 79 412 840 65
is_linear=0
shrinkage=0.03


Tree=45
num_leaves=15
num_cat=0
split_feature=59 61 71 82 33 46 12 113 72 29 57 113 39 78
split_gain=183301 29085.2 23431.3 20415.8 11796.2 11486.7 13781.7 8981.38 5143.04 2953.56 2799.26 2599.6 2138.37 1120.75
threshold=17.168200000000002 2.1520300000000003 29.009050000000006 550.15916666666806 1.7611309844795986 0.30448000000000003 267.52850000000001 28.119500000000006 175.90800000000004 42.84255000000001 24.753000000000004 17.648500000000002 0.47199500000000033 0.83732760701349274
decision_type=2 2 2 2 2 2 2 10 2 2 2 8 2 2
left_child=1 2 4 -4 -1 10 -7 11 9 -9 -3 -2 -10 -13
right_child=7 5 3 -5 -6 6 -8 8 12 -11 -12 13 -14 -15
leaf_value=0.92647305736541741 -0.26733202058343747 -0.058692101438130653 1.0228727764996617 0.4135085034804285 0.18462631912000563 0.81254057395458223 0.014813630796330315 -0.0016201472980155432 -0.17673926624826905 0.25468352516319437 -0.37516066390364916 0.006171869344264269 -0.07539250721754763 -0.15629487520533233
leaf_weight=19 200 41 54 559 616 23 104 336 246 45 66 39 793 1662
leaf_count=8 95 28 20 227 227 8 45 116 105 23 22 27 198 571
internal_value=0.00165908 0.278983 0.33649 0.468772 0.20825 -0.0278359 0.164527 -0.122143 -0.0649893 0.0292316 -0.255591 -0.164777 -0.0995377 -0.152567
internal_weight=4803 1482 1248 613 635 234 127 3321 1420 381 107 1901 1039 1701
internal_count=1720 585 482 247 235 103 53 1135 442 139 50 693 303 598
is_linear=0
shrinkage=0.03


Tree=46
num_leaves=14
num_cat=0
split_feature=107 78 77 120 64 86 14 57 86 60 106 97 14
split_gain=158029 29930.2 19386.9 16145 15897.9 13788.7 6913.17 4838.32 2677.85 2769.08 2368.2 2024.96 1482.89
threshold=0.31595530242620651 0.55646347560953668 0.23401271973572371 98.03100000000002 232.07550000000003 19.635950000000005 259.51814285714289 18.443500000000004 27.376000000000001 66.146600000000021 -0.99467753128998015 30.965350000000004 282.13000000000005
decision_type=2 2 2 8 2 2 2 2 2 2 2 2 2
left_child=7 4 5 -4 -2 -3 -6 10 12 -10 -1 -12 -9
right_child=1 2 3 -5 6 -7 -8 8 9 -11 11 -13 -14
leaf_value=0.043893465431297532 1.2248969972398547 0.58699503976106637 -0.23591464291748246 0.28528369801659631 0.64054595022341787 -0.044230291815821048 0.31246984277417267 -0.31278620697886256 0.052644099985817802 -0.083283722800996954 -0.3287935274947773 -0.15768911219714488 -0.13050442743888735
leaf_weight=50 26 33 56 934 101 370 143 58 153 1100 65 1496 136
leaf_count=28 9 10 30 341 33 173 68 29 44 200 43 637 64
internal_value=0.00525159 0.240536 0.184246 0.25559 0.529187 0.00877573 0.450344 -0.122736 -0.0828209 -0.0666549 -0.158513 -0.165022 -0.186341
internal_weight=4721 1663 1393 990 270 403 244 3058 1447 1253 1611 1561 194
internal_count=1709 664 554 371 110 183 101 1045 337 244 708 680 93
is_linear=0
shrinkage=0.03


Tree=47
num_leaves=14
num_cat=0
split_feature=134 65 107 6 91 94 62 61 73 130 22 48 65
split_gain=156023 21062.8 15824.1 12125.9 13861.4 11212.2 8420.67 7593.72 5792.06 5275.96 2762.34 2299.12 1371.66
threshold=54.430555555555564 1214.3350000000003 0.097680735332368748 26.164928611061491 1011.0750000000002 0.3710925000000001 -4.6496799999999991 3.1335450000000002 228.36550000000003 82.833333333333357 291.13041152248769 0.21500433333333355 2586.8850000000007
decision_type=10 2 2 2 2 2 2 2 2 8 2 2 2
left_child=2 3 9 -2 -5 7 -4 -3 -8 12 -7 -11 -1
right_child=1 5 6 4 -6 10 8 -9 -10 11 -12 -13 -14
leaf_value=-0.11575708597977839 0.84674809475602775 0.18589454845886591 1.985303741455078 0.24543558346200733 0.5608066326595087 0.75743159957365547 0.13448979046011483 -0.10831742504792113 -0.053514113468007919 -0.37982185411453245 0.31255608261108397 -0.083148850333602073 -0.18569617910279071
leaf_weight=337 57 429 0.999999999999999 287 226 32 278 96 312 23 24 1429 1097
leaf_count=129 24 170 1 97 99 16 131 44 159 6 14 445 362
internal_value=0.000657683 0.303254 -0.0995692 0.43276 0.385198 0.17567 0.0417962 0.131986 0.0351434 -0.128524 0.575652 -0.0881085 -0.169354
internal_weight=4628 1151 3477 570 513 581 591 525 590 2886 56 1452 1434
internal_count=1697 464 1233 220 196 244 291 214 290 942 30 451 491
is_linear=0
shrinkage=0.03


Tree=48
num_leaves=15
num_cat=0
split_feature=59 65 65 47 103 96 113 96 60 95 125 107 56 130
split_gain=163570 24847.5 17096.5 12427.2 14474.9 12641 9487.27 7653.13 7409.51 7023.6 6500.35 5636.36 3354.95 2728.03
threshold=15.863900000000003 1270.2950000000003 1245.3600000000004 0.21915500000000002 28.444666666666652 44.264100000000006 88.619000000000014 22.895700000000001 67.974650000000011 0.041815700000000004 90.567857142857164 0.71952396275653763 0.065235500000000016 69.166666666666671
decision_type=2 2 2 2 2 2 10 2 2 2 8 2 2 8
left_child=1 3 8 4 -1 -5 10 13 -2 -8 -3 -10 -9 -4
right_child=2 6 7 5 -6 -7 9 12 11 -11 -12 -13 -14 -15
leaf_value=0.44488014760927153 0.51716044064543454 -0.2829860592988821 -0.25067771313661413 0.30866042857166132 1.1275436572216928 0.77748486776351933 0.40913468977326123 -0.020528779829459554 -0.012608928257568937 -0.043729451443019665 0.12375635360204616 0.4820787310409545 -0.11309386034273113 -0.14259002355513617
leaf_weight=75 43 38 242 412 46 59 178 746 121 37 383 24 668 1681
leaf_count=33 20 21 111 145 18 28 76 163 76 12 150 12 283 559
internal_value=0.00221151 0.300244 -0.101669 0.440034 0.711545 0.368917 0.169633 -0.117362 0.176025 0.331344 0.0864526 0.071991 -0.0643094 -0.156317
internal_weight=4753 1228 3525 592 121 471 636 3337 188 215 421 145 1414 1923
internal_count=1707 483 1224 224 51 173 259 1116 108 88 171 88 446 670
is_linear=0
shrinkage=0.03


Tree=49
num_leaves=14
num_cat=0
split_feature=77 96 73 63 109 21 96 10 118 128 28 42 96
split_gain=142435 24348 21264.7 15334.6 10400.9 12239.5 9743.51 10052 8096.5 7021.75 5746.48 4198.68 3172.74
threshold=0.30702689860304938 39.076450000000008 37.840800000000009 3.1160800000000006 -0.56174490092936669 242.60528333333352 23.385400000000004 267.47050000000007 97.194357142857157 169.50000000000003 37.772200000000005 0.24886991888536877 16.811850000000003
decision_type=2 2 2 2 2 2 2 2 8 8 2 2 2
left_child=2 3 11 9 10 -6 12 -8 -5 -2 -3 -1 -4
right_child=1 4 6 8 5 -7 7 -9 -10 -11 -12 -13 -14
leaf_value=0.60112902083763708 0.22602568508373863 -0.047099246032928165 -0.22487372758822008 0.043338963512627948 0.73465589943043008 0.14766569584171946 0.31950239703930339 -0.062707120798686719 0.31634053070640566 0.49678822153734875 0.42269653883434471 0.17450217650830743 -0.12977941745207403
leaf_weight=38 186 37 384 451 171 40 64 1315 124 165 62 47 1834
leaf_count=17 70 13 178 174 71 14 30 417 57 75 21 21 605
internal_value=-0.00274746 0.275777 -0.0962947 0.198354 0.505653 0.624614 -0.107415 -0.0447478 0.102665 0.354365 0.248371 0.370036 -0.146338
internal_weight=4918 1236 3682 926 310 211 3597 1379 575 351 99 85 2218
internal_count=1763 495 1268 376 119 85 1230 447 231 145 34 38 783
is_linear=0
shrinkage=0.03


Tree=50
num_leaves=14
num_cat=0
split_feature=132 73 47 111 32 21 100 47 115 56 132 65 119
split_gain=138502 30934.3 23921.8 10142.1 9645.44 8198.03 7485.51 6655.34 3802.53 3758.88 3349.65 2032.06 1942.02
threshold=158.92857142857147 242.52050000000003 0.22193150000000003 0.067674899869500024 37.30386428571429 153.55680000000001 0.18187033333333344 0.12480550000000001 61.990500000000004 0.065235500000000016 152.21428571428575 2950.3250000000003 20.181172655740998
decision_type=10 2 2 2 2 2 2 2 10 2 8 2 10
left_child=1 4 6 -4 10 -5 -2 -6 -8 11 -1 -3 -11
right_child=2 9 3 5 7 -7 8 -9 -10 12 -12 -13 -14
leaf_value=-0.017292489821008877 0.43230601022793697 -0.045167878251336509 -0.24198110045989352 0.35060276245250033 1.2491974182128904 0.1415104121934162 0.5516665729245831 0.23154328095286189 1.0105364181730483 -0.15986784705289706 0.26093700407851822 -0.11612603343820449 0.037014554310352242
leaf_weight=338 77 584 35 471 4.9999999999999991 266 30 232 53 1627 43 969 46
leaf_count=126 28 178 15 161 4 87 10 112 22 683 37 219 34
internal_value=-0.00639833 -0.085962 0.321496 0.25169 0.108347 0.275435 0.654637 0.258184 0.853258 -0.123208 0.0147018 -0.0894906 -0.154434
internal_weight=4776 3844 932 772 618 737 160 237 83 3226 381 1553 1673
internal_count=1716 1393 323 263 279 248 60 116 32 1114 163 397 717
is_linear=0
shrinkage=0.03


Tree=51
num_leaves=15
num_cat=0
split_feature=59 63 78 61 134 111 59 18 78 127 60 127 14 30
split_gain=133168 34739 17741.8 15547.7 14364 13349.9 9907.39 9499.54 8063.38 4669.78 3614.4 2338.85 2285.4 1437.81
threshold=16.949650000000002 3.1160800000000006 0.56551202946476731 -0.76565799999999984 82.894694444444454 0.075843821505500009 4.4357350000000011 -302.56399999999991 0.86935540612590112 89.500000000000014 58.234500000000004 69.500000000000014 260.2518571428572 39.354933333333356
decision_type=2 2 2 2 8 2 2 2 2 10 2 8 2 2
left_child=1 2 4 6 -1 -4 -3 -5 10 11 -2 -10 -11 -12
right_child=8 3 5 7 -6 -7 -8 -9 9 12 13 -13 -14 -15
leaf_value=0.33660319254752041 0.3786573424869113 -0.091684340097334061 -0.11614583277506907 1.9513207397460937 0.83801658973543658 0.36438804501919975 0.24943812286498698 -0.12739802789390087 -0.2138614769604589 0.58015062561035158 -0.015780459627573074 -0.12608823064237726 -0.063402649477356313 0.16454173160344363
leaf_weight=90 26 91 60 0.999999999999999 126 371 469 209 328 3.9999999999999991 232 1708 962 47
leaf_count=42 9 30 20 1 52 134 183 96 146 1 108 578 294 26
internal_value=0.00463919 0.24787 0.409768 0.111475 0.631622 0.297371 0.193936 -0.108284 -0.099624 -0.114554 0.0472056 -0.140328 -0.0601375 0.0150648
internal_weight=4724 1417 647 770 216 431 560 210 3307 3002 305 2036 966 279
internal_count=1720 558 248 310 94 154 213 97 1162 1019 143 724 295 134
is_linear=0
shrinkage=0.03


Tree=52
num_leaves=13
num_cat=0
split_feature=14 72 78 91 117 103 106 133 96 96 51 51
split_gain=120354 29594.8 21071.2 11006.6 8702.41 8705.18 8242.08 8665.2 7891.46 5891.73 5261.22 2199.44
threshold=261.36950000000007 103.21450000000002 0.59924286873427068 1008.9150000000001 17.723879881960432 36.309516666666646 0.15951094710994371 23.315124250879578 46.712750000000007 17.739600000000003 0.12258111382825475 0.048659851016692561
decision_type=2 2 2 2 10 2 2 8 2 2 2 2
left_child=2 8 3 -1 9 -6 7 -4 10 -3 -2 -5
right_child=1 4 6 11 5 -7 -8 -9 -10 -11 -12 -13
leaf_value=0.33494644147296282 0.18681590467934708 -0.19430925036920066 0.19048911943743305 0.56934305426653686 0.016816880181068326 0.6479949282932882 0.61823733484558763 0.53608231692910202 0.50696113548278798 -0.086768268609309737 0.011366712519103506 1.031540366962552
leaf_weight=42 293 550 371 15.999999999999998 81 25 63 79 44 2766 323 63
leaf_count=10 126 238 117 7 49 15 25 33 16 896 140 29
internal_value=-0.000860624 -0.0606156 0.383356 0.738575 -0.0960918 0.170372 0.298291 0.252221 0.123186 -0.104659 0.0949914 0.946255
internal_weight=4716 4082 634 121 3422 106 513 450 660 3316 616 79
internal_count=1701 1480 221 46 1198 64 175 150 282 1134 266 36
is_linear=0
shrinkage=0.03


Tree=53
num_leaves=15
num_cat=0
split_feature=113 96 96 6 105 129 95 127 56 100 15 99 53 96
split_gain=118711 17015.4 15504 11967.2 11722.1 10089.9 8570.64 7317.24 4405.97 4169.32 4086.44 3899.64 2868.81 2617.51
threshold=60.192500000000003 33.087300000000006 26.048200000000005 31.490637314118683 0.015916800000000005 172.50000000000003 0.031338800000000007 168.50000000000003 0.067469000000000015 0.30527683333333328 3.4298088936379942 0.28427750000000007 0.55045100000000013 14.545600000000002
decision_type=10 2 2 2 2 8 2 10 2 2 2 2 2 2
left_child=2 4 8 10 6 11 -2 -5 12 -6 -3 -4 -1 -10
right_child=1 3 5 7 9 -7 -8 -9 13 -11 -12 -13 -14 -15
leaf_value=-0.10538622799633258 0.41678783626751148 0.97599122993946075 0.09816092280133977 0.12361343993476985 -0.02029414382007801 0.30178693597069062 0.00018441179394721984 0.43024930847618315 -0.32663607122562821 0.2368808554883127 0.53781687565239111 -0.049752794325862604 -0.020622234276187753 -0.14169373756076734
leaf_weight=1102 201 39 230 96 215 110 57 269 73 76 48 524 534 1165
leaf_count=278 81 15 91 31 88 62 19 111 49 33 19 180 131 519
internal_value=0.00105655 0.291042 -0.0766549 0.427284 0.178293 0.0347437 0.325115 0.350166 -0.110146 0.0474428 0.743133 -0.004559 -0.0777501 -0.152856
internal_weight=4739 1001 3738 452 549 864 258 365 2874 291 87 754 1636 1238
internal_count=1707 397 1310 176 221 333 100 142 977 121 34 271 409 568
is_linear=0
shrinkage=0.03


Tree=54
num_leaves=13
num_cat=0
split_feature=107 78 72 119 59 96 107 14 91 132 50 101
split_gain=97380.6 24091.6 16249.3 12602.2 9025.3 7702.69 5601.16 5301.05 4342.34 3673.03 3297.91 2817.3
threshold=0.71952396275653763 0.45012427727886845 49.083450000000006 30.925587212350816 4.4357350000000011 24.875000000000004 0.95178258287705175 258.46535714285716 1002.1800000000002 90.619047619047635 0.2588172142857143 0.18027371428571434
decision_type=2 2 2 8 2 2 2 2 2 8 2 2
left_child=2 7 8 4 -3 10 -5 -2 -1 -7 -4 -10
right_child=1 3 5 6 -6 9 -8 -9 11 -11 -12 -13
leaf_value=-0.030950145453214641 0.91923572385311125 -0.14682508053098406 -0.28124154882564723 0.29977026130695789 0.19654827289676804 -0.088382122135162361 0.74412878542184824 0.48266867487877607 -0.18447784287482499 0.027256741766782226 -0.11069009176749026 0.42069926790493289
leaf_weight=33 47 76 106 57 673 419 49 63 6.9999999999999991 600 2460 81
leaf_count=16 20 24 58 41 261 139 27 27 2 205 840 37
internal_value=-0.0086665 0.259611 -0.0785749 0.205332 0.161553 -0.0901404 0.510244 0.67583 0.261994 -0.0203296 -0.117843 0.370995
internal_weight=4671 965 3706 855 749 3585 106 110 121 1019 2566 88
internal_count=1697 400 1297 353 285 1242 68 47 55 344 898 39
is_linear=0
shrinkage=0.03


Tree=55
num_leaves=13
num_cat=0
split_feature=14 72 120 9 129 22 96 47 47 72 99 67
split_gain=106175 22024 17749.2 16184.9 11180.4 8462.11 7280.18 5335.36 5743.57 2976.89 2364.37 1782.14
threshold=268.11392857142863 106.71300000000001 9.3163500000000017 263.06750000000005 172.50000000000003 72.537576990821449 20.451200000000004 0.49720625000000002 0.40645050000000005 463.72650000000004 0.20760600000000004 30.250750000000004
decision_type=2 2 10 2 8 2 2 2 2 2 2 2
left_child=2 7 3 4 -1 -5 11 8 -2 -8 -9 -3
right_child=1 6 -4 5 -6 -7 9 10 -10 -11 -12 -13
leaf_value=0.11154268326803883 0.11372346758385564 -0.20774251689948142 -0.26945962885953484 0.14833739858354841 0.35840575911225492 0.67945354173388972 -0.035785828472462845 0.28084100751343527 0.42153813673166124 -0.1113817150894621 -0.073576259695420587 -0.12890817691396095
leaf_weight=280 350 375 47 34 406 144 1397 18 64 706 156 863
leaf_count=66 153 178 24 8 166 52 487 11 29 197 58 277
internal_value=0.0022374 -0.0654364 0.293859 0.324782 0.257959 0.579417 -0.0952341 0.103743 0.162217 -0.0612065 -0.0355 -0.152939
internal_weight=4840 3929 911 864 686 178 3341 588 414 2103 174 1238
internal_count=1706 1390 316 292 232 60 1139 251 182 684 69 455
is_linear=0
shrinkage=0.03


Tree=56
num_leaves=12
num_cat=0
split_feature=77 64 86 96 73 12 132 94 96 87 40
split_gain=107483 22823.8 22277.4 13819.9 13602.6 11749.8 9925.07 8013.66 6259.61 5247.63 4071.94
threshold=0.23401271973572371 399.20400000000001 19.045700000000004 46.065350000000002 46.911250000000003 257.76183333333341 195.85714285714289 0.23479950000000002 20.451200000000004 50.699700000000007 0.23671654491467062
decision_type=2 2 2 2 2 2 8 2 2 2 2
left_child=2 3 -1 5 10 -2 7 -3 -6 -8 -4
right_child=1 6 4 -5 8 -7 9 -9 -10 -11 -12
leaf_value=0.67162008611134116 0.47253857539485139 -0.033568192644857414 0.48301639838551363 0.78329720213519993 -0.15387159872359435 0.18422949680237302 0.23367875936756963 0.17416163034218876 -0.068116972154396133 0.91153786373138423 0.082746933362063235
leaf_weight=34 245 258 42 66 1203 268 22 472 2116 20 50
leaf_count=13 77 97 20 25 458 111 19 177 690 20 24
internal_value=0.00740688 0.234095 -0.0815329 0.376361 -0.0892357 0.322578 0.127043 0.100795 -0.0992374 0.57023 0.26874
internal_weight=4796 1351 3445 579 3411 513 772 730 3319 42 92
internal_count=1731 526 1205 213 1192 188 313 274 1148 39 44
is_linear=0
shrinkage=0.03


Tree=57
num_leaves=15
num_cat=0
split_feature=118 105 78 33 94 72 97 72 130 75 72 100 118 84
split_gain=105123 22742.7 19803.6 11402.2 11183.9 6165.23 5683.39 5407.24 2865.81 2338.66 2302.41 1383.61 1346.65 1311.56
threshold=55.318202380952378 0.029469250000000006 0.58132862733518365 3.7404435438796377 0.24905750000000001 361.43000000000006 83.888000000000019 30.356300000000001 82.833333333333357 23.541500000000003 38.803050000000006 0.22144566666666679 22.908000000000001 494.68600000000032
decision_type=8 2 2 2 2 2 2 2 8 2 2 2 10 2
left_child=5 2 3 -2 -4 8 7 -3 11 13 -10 -1 -11 -7
right_child=1 6 4 -5 -6 9 -8 -9 10 12 -12 -13 -14 -15
leaf_value=-0.29481997212767597 0.83121911040772789 0.38968220645114776 0.15789767540131372 0.34016868134004524 0.40726465329398787 -0.384073458366394 0.43804097734915243 0.027417628887960444 0.24335051393508908 -0.14271124672006122 -0.015288315335646179 -0.08714717296914222 -0.077229885874232532 -0.15882862310929796
leaf_weight=31 93 39 453 82 253 24 36 512 31 397 968 326 1002 518
leaf_count=28 35 21 164 37 98 12 27 246 13 119 350 131 230 199
internal_value=0.0117722 0.222857 0.31917 0.604384 0.247714 -0.0822523 0.0780035 0.0537238 -0.033133 -0.116531 -0.00702416 -0.105962 -0.0959026 -0.169497
internal_weight=4765 1468 881 175 706 3297 587 551 1356 1941 999 357 1399 542
internal_count=1710 628 334 72 262 1082 294 267 522 560 363 159 349 211
is_linear=0
shrinkage=0.03


Tree=58
num_leaves=13
num_cat=0
split_feature=107 96 14 55 73 72 75 96 106 48 57 28
split_gain=83633.9 21436.7 19047.9 14168.5 7804.58 4183.25 2689.9 2026.59 2065.22 1639.96 1002.85 612.853
threshold=0.29958852271690523 53.830200000000012 260.2518571428572 0.20423000000000002 117.70200000000001 410.00700000000006 24.946000000000002 17.618450000000003 -0.98803845231459242 0.23083699999999999 18.443500000000004 33.416200000000011
decision_type=2 2 2 2 2 2 2 2 2 2 2 2
left_child=5 2 3 -2 -4 7 9 11 -9 -7 -8 -1
right_child=1 -3 4 -5 -6 6 10 8 -10 -11 -12 -13
leaf_value=-0.22056532003171739 0.54079312200813034 0.81209121397267225 0.19773515710320713 0.20361112355456173 0.0068339144575314259 -0.38812741351949753 -0.11069603790489491 0.087524268770217878 -0.051330186686177524 -0.15589198345585553 -0.045210713112059063 -0.105556526364564
leaf_weight=63 142 45 276 534 634 28 639 104 1187 727 317 133
leaf_count=44 110 21 123 121 302 11 192 36 422 253 47 65
internal_value=-0.00150823 0.173251 0.154623 0.275138 0.0648904 -0.0906638 -0.12265 -0.0537997 -0.040083 -0.165011 -0.0890548 -0.143471
internal_weight=4829 1631 1586 676 910 3198 1711 1487 1291 755 956 196
internal_count=1747 677 656 231 425 1070 503 567 458 264 239 109
is_linear=0
shrinkage=0.03


Tree=59
num_leaves=11
num_cat=0
split_feature=77 96 64 96 10 14 30 12 64 56
split_gain=78563.2 19421.5 11877.5 10729.2 9667.87 9153.98 5643.69 4608.12 4372.25 4051.1
threshold=0.23401271973572371 53.830200000000012 399.20400000000001 26.234600000000004 264.64550000000003 258.79414285714296 36.685066666666678 263.15533333333337 301.40550000000007 0.067469000000000015
decision_type=2 2 2 2 2 2 2 2 2 2
left_child=3 2 5 7 -5 -2 -4 -1 -6 -9
right_child=1 -3 6 4 8 -7 -8 9 -10 -11
leaf_value=-0.40391790844599401 0.38375251058086474 0.85517525766446045 -0.012199109790007491 0.52907752852006384 0.29630893987555834 0.13378602872322834 0.1593158180938434 -0.065124883243467213 -0.016106269832181486 -0.1386032869774734
leaf_weight=44 321 38 272 32 42 226 471 1540 645 1207
leaf_count=20 104 15 101 12 27 106 178 371 224 543
internal_value=-0.00144824 0.195005 0.174909 -0.0758113 0.0274947 0.280914 0.096591 -0.102426 0.00339191 -0.0974502
internal_weight=4838 1328 1290 3510 719 547 743 2791 687 2747
internal_count=1701 504 489 1197 263 210 279 934 251 914
is_linear=0
shrinkage=0.03


Tree=60
num_leaves=15
num_cat=0
split_feature=107 96 31 96 12 83 115 96 37 56 48 137 63 85
split_gain=82942.4 30067.7 11999.6 11590.3 9368.46 7866.02 5174.84 4628.62 2627.53 1992.23 1898.79 2098.93 737.119 309.343
threshold=0.31595530242620651 36.723450000000007 3.3371304419565129 53.830200000000012 258.38116666666673 3.1791516666666655 82.787500000000009 21.605700000000002 -0.53674399999999989 0.065235500000000016 0.23608250000000017 1.0000000180025095e-35 4.9024800000000006 1.3755705000000003
decision_type=2 2 2 2 2 2 8 2 2 2 2 2 2 2
left_child=7 2 5 4 -3 -2 -4 10 13 -10 12 -12 -1 -9
right_child=1 3 6 -5 -6 -7 -8 8 9 -11 11 -13 -14 -15
leaf_value=-0.17703714242848484 0.32306530023200308 0.47742075640112913 -0.076099255035155855 0.78981090025656986 0.19303674783031147 0.097844345779854527 0.10753571776196927 -0.13513847603797913 -0.0024753439691048793 -0.07257555797934491 -0.083505860703290191 -0.15656312688867083 -0.39668245124816892 -0.26937002771833668
leaf_weight=32 246 198 330 55 224 324 236 29 738 721 888 594 28 45
leaf_count=19 97 72 139 23 88 145 98 12 174 299 223 286 14 21
internal_value=0.00834704 0.182512 0.0984139 0.382166 0.327288 0.195446 0.000518716 -0.0830406 -0.0460776 -0.0371451 -0.119732 -0.112876 -0.28441 -0.219309
internal_weight=4688 1613 1136 477 422 570 566 3075 1533 1459 1542 1482 60 74
internal_count=1710 662 479 183 160 242 237 1048 506 473 542 509 33 33
is_linear=0
shrinkage=0.03


Tree=61
num_leaves=14
num_cat=0
split_feature=11 73 82 66 6 72 96 106 96 60 115 56 89
split_gain=79151.2 18936.9 9913.41 9869.47 17113 9559.11 9017.68 8216.06 5762.36 3894.32 3435.74 3143.76 1136.89
threshold=273.48800000000006 112.98850000000002 813.0096666666675 1008.8950000000001 26.164928611061491 49.083450000000006 31.119300000000006 0.30983042691905771 24.875000000000004 60.814850000000007 99.351000000000013 0.067469000000000015 479.36750000000006
decision_type=2 2 2 2 2 2 2 2 2 2 8 2 2
left_child=1 3 -3 4 -1 9 -4 -5 11 12 -10 -7 -2
right_child=5 2 6 7 -6 8 -8 -9 10 -11 -12 -13 -14
leaf_value=0.73969641888141635 0.5566330032348632 0.49692324120998382 -0.0073646438874583426 0.65087387194514279 0.090154910738237434 -0.067660637402324669 0.22853559502817336 0.1619405138539832 -0.028185327889222685 -0.010224584088722864 0.21365111127708639 -0.13381424365419395 0.26614387569576498
leaf_weight=47 18 59 346 149 154 1352 251 40 946 44 55 1246 47
leaf_count=14 9 20 144 65 57 338 99 21 313 20 41 541 22
internal_value=-0.00244616 0.227902 0.129149 0.393246 0.244963 -0.0674703 0.0920275 0.548809 -0.0758726 0.208098 -0.0146947 -0.0994283 0.353847
internal_weight=4754 1046 656 390 201 3708 597 189 3599 109 1001 2598 65
internal_count=1704 420 263 157 71 1284 243 86 1233 51 354 879 31
is_linear=0
shrinkage=0.03


Tree=62
num_leaves=15
num_cat=0
split_feature=107 78 33 11 73 66 72 96 78 91 56 115 132 0
split_gain=72819.2 18634.9 12007.9 10114.3 7608.55 5540.02 3893.11 3072.65 2625.96 2042.84 1764.66 1589.92 1245.48 902.689
threshold=0.31595530242620651 0.67919773200599576 3.1270728477714376 249.18000000000004 144.85650000000001 1008.8950000000001 463.72650000000004 20.739800000000006 0.98411117219464994 999.50650000000007 0.063183000000000003 78.01700000000001 95.642857142857153 55.233250000000005
decision_type=2 2 2 2 2 2 2 2 2 2 2 10 8 2
left_child=6 2 11 8 -5 -4 7 13 -3 12 -9 -2 -8 -1
right_child=1 3 5 4 -6 -7 9 10 -10 -11 -12 -13 -14 -15
leaf_value=-0.13510843337259695 0.4855077969610691 0.62802707295482219 0.089923931053972658 0.1807523694209848 0.023638229465213229 0.36076291464523064 -0.10864199809407885 0.01286639365064246 0.26939557257363961 -0.18712743100774917 -0.057653563888295109 0.77224301598622258 -0.011965412237074063 -0.057241160186205037
leaf_weight=363 39 36 111 477 662 178 981 629 42 284 647 51 137 216
leaf_count=187 9 14 37 172 286 93 250 143 16 124 265 21 45 73
internal_value=0.00383196 0.16978 0.353247 0.112399 0.0895393 0.257417 -0.0775124 -0.0489534 0.44081 -0.115235 -0.0229058 0.654725 -0.0968192 -0.106213
internal_weight=4853 1596 379 1217 1139 289 3257 1855 78 1402 1276 90 1118 579
internal_count=1735 648 160 488 458 130 1087 668 30 419 408 30 295 260
is_linear=0
shrinkage=0.03


Tree=63
num_leaves=11
num_cat=0
split_feature=77 86 65 120 118 72 111 51 72 96
split_gain=69214.8 16313.6 15236.8 8668.34 8420.88 7947.62 7202.74 6805.85 6000.65 4539.1
threshold=0.30702689860304938 19.818250000000003 1523.5650000000003 88.647500000000022 105.37357142857145 30.356300000000001 0.14196095011650003 0.12310495796367028 57.249100000000006 24.875000000000004
decision_type=2 2 2 8 8 2 2 2 2 2
left_child=1 -1 3 -2 8 -3 -5 -6 -4 -7
right_child=2 5 4 6 7 9 -8 -9 -10 -11
leaf_value=0.43577438144026132 -0.14530429970895922 0.27682571023908153 0.30904346371293068 0.23819051758929374 0.13431930190697311 -0.099744787995809464 0.45245089069713973 0.76674372645786826 0.010732150296879909 -0.024311700598783164
leaf_weight=57 36 57 69 333 35 2425 251 27 457 1021
leaf_count=24 18 21 24 124 20 859 100 25 153 336
internal_value=0.0032638 -0.0633231 0.199389 0.303055 0.0897482 -0.0715672 0.3309 0.417576 0.0503821 -0.0774095
internal_weight=4768 3560 1208 620 588 3503 584 62 526 3446
internal_count=1704 1240 464 242 222 1216 224 45 177 1195
is_linear=0
shrinkage=0.03


Tree=64
num_leaves=15
num_cat=0
split_feature=116 136 92 31 79 72 132 14 91 56 131 91 99 72
split_gain=61758.1 12423.8 14452.7 12546.2 8258.36 5348.62 3800.58 3137.04 3101.9 2435.44 2286.32 2431.86 1995.71 1717.18
threshold=62.024666666666668 1.0000000180025095e-35 1.0000000180025095e-35 1.3991470653381759 9.974750000000002 311.02500000000003 165.6428571428572 256.1437857142858 1002.9650000000001 0.064269500000000021 21.779146565049299 1006.3850000000001 0.21134050000000001 94.392900000000012
decision_type=8 2 2 2 2 2 10 2 2 2 10 2 2 2
left_child=5 2 3 -2 -4 10 12 -8 9 -7 11 -1 -3 -12
right_child=1 6 4 -5 -6 8 7 -9 -10 -11 13 -13 -14 -15
leaf_value=-0.013430571551724009 0.6762669774025678 0.068150560688089445 0.042070423834321566 0.27979180784478036 0.63424410211521642 -0.052150882568052066 0.10372640248509339 -0.09198078805346821 -0.22060372221975291 -0.11512089920480267 0.21870209724965847 -0.13069652069556897 0.28330289818404553 0.015934090743606376
leaf_weight=910 89 80 273 376 22 1058 128 171 163 1164 56 192 76 111
leaf_count=317 45 13 182 228 11 204 17 21 89 397 31 99 18 57
internal_value=-0.00644039 0.178758 0.252916 0.356971 0.0882362 -0.0680541 0.0545998 -0.0081233 -0.0945216 -0.0851762 -0.0182725 -0.0339644 0.174124 0.0848431
internal_weight=4869 1215 760 465 295 3654 455 299 2385 2222 1269 1102 156 167
internal_count=1729 535 466 273 193 1194 69 38 690 601 504 416 31 88
is_linear=0
shrinkage=0.03


Tree=65
num_leaves=15
num_cat=0
split_feature=14 73 78 96 42 84 37 18 94 41 118 9 95 118
split_gain=65222.4 13149.4 13050.6 11289.9 8405.86 8173.29 7339.82 6190.73 4481.13 4279.66 3648.69 3571.35 3369.23 2695.63
threshold=270.00128571428576 228.36550000000003 0.56551202946476731 39.870450000000012 0.30381724991813658 302.65566666666678 0.24474400000000004 -214.02149999999997 0.17565700000000004 0.28427435857142852 70.036500000000018 278.52950000000004 0.042624950000000002 22.908000000000001
decision_type=2 2 2 2 2 2 2 2 2 2 10 2 2 8
left_child=2 4 5 7 11 -1 -7 -4 -6 -5 13 -2 -12 -3
right_child=1 10 3 9 8 6 -8 -9 -10 -11 12 -13 -14 -15
leaf_value=0.75884442350599501 0.33130215673927865 -0.13376563915994305 0.62511826858520503 0.020679650988429783 -0.28340416811494262 0.56508077536362866 0.14137406462430954 0.087223736842599778 0.020002270957922199 0.4662152905407711 0.27206564467191691 0.10836200832893571 -0.15006390248812163 -0.067245563461900373
leaf_weight=53 108 714 19 23 50 64 87 549 310 127 49 163 25 2381
leaf_count=18 55 290 6 11 17 24 29 194 128 53 25 68 13 797
internal_value=0.00219028 -0.0527404 0.228401 0.167811 0.0722364 0.439779 0.323514 0.106289 -0.0227975 0.398509 -0.0776412 0.198111 0.129315 -0.0826306
internal_weight=4722 3800 922 718 631 204 151 568 360 150 3169 271 74 3095
internal_count=1728 1393 335 264 268 71 53 200 145 64 1125 123 38 1087
is_linear=0
shrinkage=0.03


Tree=66
num_leaves=15
num_cat=0
split_feature=59 42 61 59 68 111 77 131 99 84 116 66 111 39
split_gain=57719.8 18211.6 13921.8 9598.84 8457.47 7706.62 5264.15 4953.11 3507.73 3495.33 2879.89 2810.2 2704.36 1652.5
threshold=16.163350000000005 0.21408105133674357 1.9166500000000002 11.296500000000002 1391.1000000000001 0.12929184826800003 0.23401271973572371 4.5825756949552146 0.28974450000000007 221.17550000000008 20.086833333333342 1006.9900000000001 0.19160427211450007 0.14775600000000041
decision_type=2 2 2 2 2 2 2 10 2 2 8 2 2 2
left_child=1 4 3 -3 5 -1 9 -4 -6 -2 -11 13 -13 -8
right_child=6 2 7 -5 8 -7 11 -9 -10 10 -12 12 -14 -15
leaf_value=0.23490933498859404 0.7198350357055664 0.076912867043605615 0.25268728572130206 0.29364336210168818 0.2841670180448031 0.57840523814629108 -0.14233341890573503 -0.21346212745585466 -0.054603847909432193 -0.14907657288516438 -0.064045066163164327 0.10668088528005087 0.53090163132122581 0.078631739804238973
leaf_weight=99 3.9999999999999991 543 23 278 58 152 43 145 51 409 2905 40 20 98
leaf_count=41 2 210 11 107 21 59 18 58 18 188 933 18 13 39
internal_value=-0.000409725 0.166362 0.0996658 0.150572 0.348799 0.444405 -0.0643712 -0.148509 0.126577 -0.0734068 -0.074582 0.0843947 0.254522 0.0106963
internal_weight=4868 1349 989 821 360 251 3519 168 109 3318 3314 201 60 141
internal_count=1736 525 386 317 139 100 1211 69 39 1123 1121 88 31 57
is_linear=0
shrinkage=0.03


Tree=67
num_leaves=13
num_cat=0
split_feature=107 84 72 55 121 60 119 107 102 96 131 136
split_gain=54465.3 13444.6 12870.8 11762.5 8786.06 7911.82 6601.77 6722.06 6245.6 4182.26 3059.46 1790.04
threshold=0.71952396275653763 395.85216666666662 43.064350000000005 0.21619000000000002 91.891500000000022 50.656000000000013 31.651792539207211 0.85561368268953431 29.625800000000002 26.048200000000005 23.158871590242345 1.0000000180025095e-35
decision_type=2 2 2 2 8 2 10 2 2 2 8 2
left_child=2 3 8 4 -2 -5 7 -3 -1 11 -11 -4
right_child=1 6 9 5 -6 -7 -8 -9 -10 10 -12 -13
leaf_value=-0.031952206568284465 -0.032071684517179219 0.19647670765557043 -0.10129080990376393 -0.057477929059064611 0.47953207560440964 0.27759132546523829 0.44384846773380182 -0.03739067751965227 0.49072376148951674 -0.022050674188073643 0.17051232137737504 -0.052661485501076327
leaf_weight=32 34 172 1570 105 261 158 40 306 56 704 82 1211
leaf_count=15 17 81 783 22 125 37 24 116 22 222 52 177
internal_value=0.00123259 0.188736 -0.0540024 0.290798 0.420648 0.144096 0.078438 0.0469907 0.302403 -0.0628783 -0.00176646 -0.0801426
internal_weight=4731 1076 3655 558 295 263 518 478 88 3567 786 2781
internal_count=1693 422 1271 201 142 59 221 197 37 1234 274 960
is_linear=0
shrinkage=0.03


Tree=68
num_leaves=15
num_cat=0
split_feature=11 73 55 118 81 6 73 95 37 121 39 103 118 63
split_gain=51797.3 12541.6 10282.1 9394.81 9240.82 7538.49 7056.76 5182.51 4496.6 3597.52 3369.75 3231.56 2461.11 1269.06
threshold=273.48800000000006 112.98850000000002 0.21199000000000004 79.71114285714286 -1.4300000000000066 35.866306015446305 292.27650000000011 0.030051200000000004 0.030663350000000002 12.2155 -0.50554996666666596 36.620250000000013 21.125857142857146 3.1160800000000006
decision_type=2 2 2 8 2 2 2 2 2 10 2 2 8 2
left_child=1 2 7 9 -5 -4 8 -1 13 -3 -8 -10 -12 -2
right_child=6 3 5 4 -6 -7 10 -9 11 -11 12 -13 -14 -15
leaf_value=0.63967529354896391 -0.09380820683153665 0.0056832862772413931 0.41917510306074263 -0.23687726551730456 0.23920776236425714 0.091412558157833251 -0.22025934633498881 0.27080066696528726 0.09782926854776601 -0.31960231030327929 -0.13150014699983217 -0.1182237110727777 -0.053275499444847468 -0.37706592340054712
leaf_weight=95 40 243 93 40 363 195 130 57 467 34 423 71 2509 22
leaf_count=61 18 87 26 19 140 48 56 31 200 17 178 30 788 15
internal_value=0.00175845 0.1802 0.304861 0.0992031 0.191477 0.198347 -0.0528502 0.504041 0.0411719 -0.0352387 -0.0712823 0.0691447 -0.064603 -0.198756
internal_weight=4782 1120 440 680 403 288 3662 152 600 277 3062 538 2932 62
internal_count=1714 429 166 263 159 74 1285 92 263 104 1022 230 966 33
is_linear=0
shrinkage=0.03


Tree=69
num_leaves=15
num_cat=0
split_feature=14 78 94 130 105 78 31 22 60 76 63 130 39 75
split_gain=56337.4 11415.8 10233.9 8386.33 8194.56 7638.97 5411.12 4748.18 4695.81 2765 2725.17 2555.96 2098.8 815.184
threshold=275.27628571428573 0.56551202946476731 0.24137600000000001 179.16666666666671 0.015916800000000005 0.86241702114873975 2.011003742227595 96.577343838742848 59.993050000000004 0.30842152348064228 2.5638450000000002 73.833333333333357 -0.58364999999999934 21.952000000000002
decision_type=2 2 2 8 2 2 2 2 2 2 2 8 2 2
left_child=1 3 4 6 -3 8 -1 -4 10 -10 -2 13 -13 -7
right_child=5 2 7 -5 -6 11 -8 -9 9 -11 -12 12 -14 -15
leaf_value=0.53073885838768686 0.54984143743515002 0.17119141315556102 0.46919161281353094 0.72438466836855964 -0.071485784501988489 -0.19281936116330325 0.16690865268157079 0.20894747813919845 0.037843975956804055 -0.28530483857790628 0.16540097285605765 -0.19578332105848226 -0.047465393804453714 -0.10377213736332609
leaf_weight=54 19 270 81 51 232 125 116 294 202 26 110 88 2556 379
leaf_count=15 10 97 32 32 107 69 44 130 97 19 49 29 816 140
internal_value=0.00935185 0.196769 0.147896 0.389157 0.0591127 -0.0493982 0.284924 0.266267 0.0819509 -7.81813e-05 0.225841 -0.0643161 -0.0524751 -0.126201
internal_weight=4603 1098 877 221 502 3505 170 375 357 228 129 3148 2644 504
internal_count=1686 457 366 91 204 1229 59 162 175 116 59 1054 845 209
is_linear=0
shrinkage=0.03


Tree=70
num_leaves=15
num_cat=0
split_feature=14 78 57 78 69 13 79 83 10 39 19 80 14 49
split_gain=39924.4 15938.5 10242 9672.18 7941.77 6183.24 4938.61 4765.41 5525.23 4462.93 3977.34 3467.12 2426.68 1005.5
threshold=260.2518571428572 0.58132862733518365 69.136500000000026 0.86935540612590112 2.9925000000000006 6.4419308057470266 9.4356500000000008 2.5852566666666652 265.47100000000006 0.45498483333333423 -0.45931899999999998 5.56745 275.27628571428573 0.068639621928706859
decision_type=2 2 2 2 2 2 2 2 2 2 2 2 2 2
left_child=1 4 5 7 -1 -3 11 13 -9 -4 -6 -5 -8 -2
right_child=3 2 9 6 10 -7 12 8 -10 -11 -12 -13 -14 -15
leaf_value=0.081354438935556717 -0.29992357993125912 0.31041957389753921 -0.14824224819856532 -0.059301394604392564 0.36557523855481827 -0.16967829402287801 0.1829405504349739 0.42775962810005458 0.069891934812997616 0.099403426084362076 0.78682280990055631 -0.15438579605997133 -0.0012508572288921901 -0.071453831842967441
leaf_weight=30 27 257 101 2633 34 26 92 41 527 182 62 397 209 48
leaf_count=10 13 133 13 864 12 13 39 21 248 34 25 176 77 22
internal_value=-0.00309725 0.207027 0.138579 -0.0397303 0.510968 0.265859 -0.0602934 0.0667186 0.0964356 0.0107997 0.642969 -0.0718075 0.0554563 -0.156607
internal_weight=4666 692 566 3974 126 283 3331 643 568 283 96 3030 301 75
internal_count=1700 240 193 1460 47 146 1156 304 269 47 37 1040 116 35
is_linear=0
shrinkage=0.03


Tree=71
num_leaves=12
num_cat=0
split_feature=116 96 84 75 45 72 0 56 22 115 67
split_gain=51212 14143 11004.5 11810 7307.83 7090.15 3221.96 3194.76 2497.84 2187.81 1941.99
threshold=62.716750000000012 53.830200000000012 445.75633333333343 17.069500000000001 0.103119 73.489700000000013 150.22800000000004 0.065235500000000016 318.70645886926758 38.168000000000006 31.344050000000003
decision_type=8 2 2 2 2 2 2 2 2 8 2
left_child=5 2 3 -2 -4 6 9 10 -9 -1 -7
right_child=1 -3 4 -5 -6 7 -8 8 -10 -11 -12
leaf_value=0.039410488466783002 0.29409195145344874 0.69724455699920651 1.8474608001708985 -0.0017935913277279799 0.029749722763395946 -0.074150540996158032 -0.086780375791490075 -0.098727739153793709 0.14785230345161338 0.27991208002415108 -0.0085322853505782684
leaf_weight=54 546 44 0.999999999999999 156 446 664 49 1577 37 93 1043
leaf_count=28 213 18 1 84 201 231 17 655 27 34 203
internal_value=0.00524459 0.17501 0.15442 0.228426 0.0379376 -0.0523739 0.12254 -0.0627317 -0.0929851 0.192448 -0.0340871
internal_weight=4710 1193 1149 702 447 3517 196 3321 1614 147 1707
internal_count=1712 517 499 297 202 1195 79 1116 682 62 434
is_linear=0
shrinkage=0.03


Tree=72
num_leaves=12
num_cat=0
split_feature=107 78 59 130 126 96 132 96 103 83 136
split_gain=40781.1 13510.7 9532.43 7885.26 7553.29 7475.38 5874.4 3149.18 2288.88 1829.3 1681.33
threshold=0.71952396275653763 0.45012427727886845 4.4357350000000011 170.83333333333334 23.187735952048687 36.900800000000011 110.39285714285715 18.666800000000006 31.30828333333335 2.9292199999999986 1.0000000180025095e-35
decision_type=2 2 2 8 10 2 8 2 2 2 2
left_child=5 3 10 -2 -4 7 -7 9 -9 -1 -3
right_child=1 2 4 -5 -6 6 -8 8 -10 -11 -12
leaf_value=0.27641872423345393 0.21157695106732641 -0.010305791011223427 0.18302673408473119 0.70545238795045939 -0.1562987416628748 0.001108774423599243 0.38712714367528112 -0.029866224124225522 -0.11549620469574687 -0.11470603537016152 -0.27113803566826711
leaf_weight=9.9999999999999982 58 38 797 60 63 83 61 2551 315 723 53
leaf_count=5 22 27 301 27 32 25 29 835 114 312 8
internal_value=0.00164025 0.164973 0.127101 0.466543 0.158013 -0.0450384 0.166193 -0.0535347 -0.0393158 -0.108997 -0.163548
internal_weight=4812 1069 951 118 860 3743 144 3599 2866 733 91
internal_count=1737 417 368 49 333 1320 54 1266 949 317 35
is_linear=0
shrinkage=0.03


Tree=73
num_leaves=14
num_cat=0
split_feature=132 91 106 106 45 138 73 47 0 39 33 57 68
split_gain=47230.3 10918.5 7259.65 7988.89 6552.94 6687.91 6065.05 2319.05 2341.37 2223.19 2020 1905.99 703.395
threshold=158.92857142857147 1010.0850000000002 0.30983042691905771 0.19337368024598436 0.12528050000000004 1.0000000180025095e-35 279.06700000000006 0.68450700000000009 147.74050000000003 -0.56223699999999954 4.5391322146985749 20.402500000000003 785.58650000000011
decision_type=8 2 2 2 2 2 2 2 2 2 2 2 2
left_child=6 4 3 -3 -2 -6 7 8 -1 12 -4 -11 -8
right_child=1 2 10 -5 5 -7 9 -9 -10 11 -12 -13 -14
leaf_value=0.09536610631095313 1.8170034942626954 0.29605671005381695 0.17802476732120959 0.70571652526013984 0.069577185444176598 0.47087879392057652 -0.29039887070197323 -0.13896759073487641 -0.049720448545434261 -0.077541428395116088 -0.12227351906974065 -0.029628835815615085 -0.13557415523602789
leaf_weight=416 0.999999999999999 300 42 50 583 39 38 57 131 1726 37 1321 96
leaf_count=168 1 127 29 20 232 39 17 27 54 686 25 305 30
internal_value=0.00388536 0.181603 0.297945 0.356432 0.101135 0.0954594 -0.0455434 0.0415512 0.0605868 -0.0620894 0.0375709 -0.0567869 -0.181328
internal_weight=4837 1052 429 350 623 622 3785 604 547 3181 79 3047 134
internal_count=1760 473 201 147 272 271 1287 249 222 1038 54 991 47
is_linear=0
shrinkage=0.03


Tree=74
num_leaves=15
num_cat=0
split_feature=14 78 120 55 23 12 61 42 104 102 96 72 27 96
split_gain=39774.1 11690.7 7539.25 7581.48 6964.44 8004.66 6955.22 7550.58 5003.8 4267.82 3230.23 2086.69 1871.91 984.301
threshold=268.68514285714292 0.67919773200599576 1.0000000180025095e-35 0.21844000000000002 83.082364285714348 257.76183333333341 1.2267850000000002 0.47929578487344821 35.042500000000011 31.509100000000004 18.173800000000004 323.29550000000006 39.337950000000006 14.335100000000002
decision_type=2 2 10 2 2 2 2 2 2 2 2 2 2 2
left_child=1 4 3 -3 8 -6 7 9 -1 -2 13 -12 -9 -8
right_child=6 2 -4 -5 5 -7 10 12 -10 -11 11 -13 -14 -15
leaf_value=0.73296213937209831 0.10384268991341138 0.26160893389425777 -0.33143590128421779 0.047871337293535904 0.48958624441483434 -0.010626615750255869 -0.19222059813785281 -0.013188638490576277 0.30942261889516087 0.38426046369005651 -0.0098156379921598477 -0.062370237139852465 -0.223481703305731 -0.098593030141136642
leaf_weight=58 178 265 31 342 50 66 131 172 48 67 1085 1823 48 463
leaf_count=22 84 125 16 78 20 23 67 64 16 42 436 506 21 188
internal_value=-0.00124126 0.18359 0.118 0.141465 0.370701 0.207298 -0.0413475 0.0675586 0.545883 0.181791 -0.0558243 -0.0427728 -0.059888 -0.119535
internal_weight=4827 860 638 607 222 116 3967 465 106 245 3502 2908 220 594
internal_count=1708 300 219 203 81 43 1408 211 38 126 1197 942 85 255
is_linear=0
shrinkage=0.03


Tree=75
num_leaves=13
num_cat=0
split_feature=77 14 68 73 72 4 55 48 10 115 62 42
split_gain=39971.3 11819.8 7791.38 6961 5536.74 5204.71 4451.62 3991.33 3531.57 4250.07 3384.83 2944.27
threshold=0.30702689860304938 258.79414285714296 1014.0550000000002 46.911250000000003 41.840950000000007 30.684610274657505 0.20423000000000002 0.39451816666666645 257.28600000000006 89.44850000000001 -1.0591649999999997 0.24886991888536877
decision_type=2 2 2 2 2 2 2 2 2 10 2 2
left_child=3 2 10 11 7 -6 -4 -3 -5 -10 -2 -1
right_child=1 4 6 8 5 -7 -8 -9 9 -11 -12 -13
leaf_value=0.31718546598404646 0.31446156904183586 0.076010147609710699 0.39583453424487791 -0.33543395118713376 -0.048196823909141047 0.12900637723634742 0.093830695019449503 0.44870206751142228 -0.056300081884886118 0.19052264387905596 0.57275109187761941 0.014512068054742281
leaf_weight=63 144 49 55 39 302 293 209 55 3423 63 71 53
leaf_count=27 45 26 50 12 110 149 58 15 1184 26 24 29
internal_value=0.00167311 0.153497 0.268157 -0.0474755 0.0746501 0.0391296 0.158016 0.275532 -0.0550185 -0.0517852 0.402028 0.180227
internal_weight=4819 1178 479 3641 699 595 264 104 3525 3486 215 116
internal_count=1755 477 177 1278 300 259 108 41 1222 1210 69 56
is_linear=0
shrinkage=0.03


Tree=76
num_leaves=14
num_cat=0
split_feature=96 114 15 59 87 38 36 96 90 9 38 75 59
split_gain=29977.7 10006.8 11361.8 14518.5 9514.5 6961.26 5176 3464.86 4644.78 2364.86 1735.78 1564.04 981.107
threshold=32.211050000000007 61.875500000000009 7.7327055475164643 11.835900000000001 53.186100000000003 -0.22128299999999998 1.0038300000000002 20.739800000000006 833.59450000000015 246.96950000000001 0.54612600000000011 10.533000000000001 18.405900000000003
decision_type=2 8 2 2 2 2 2 2 2 2 2 2 2
left_child=4 10 3 -3 5 -1 -7 8 -6 -9 11 -2 -12
right_child=1 2 -4 -5 7 6 -8 9 -10 -11 12 -13 -14
leaf_value=0.62553873252868641 -0.22718842929601671 0.16408076061291127 -0.17925825689763436 0.52679122351503072 -0.41777209048522146 0.10828587105612117 -0.18148300589231342 0.27330827519168022 -0.080984697937000055 -0.032558452874525648 -0.12635022701850304 0.13028916588121531 0.027815423040554444
leaf_weight=20 10.999999999999998 258 48 162 37 380 64 22 1313 2157 64 146 86
leaf_count=7 5 101 21 75 13 150 29 7 476 720 19 71 24
internal_value=-0.00282046 0.167801 0.254969 0.304909 -0.0359708 0.0916061 0.0661967 -0.0527669 -0.0905198 -0.029345 0.0345144 0.103945 -0.0383432
internal_weight=4768 775 468 420 3993 464 444 3529 1350 2179 307 157 150
internal_count=1718 316 197 176 1402 186 179 1216 489 727 119 76 43
is_linear=0
shrinkage=0.03


Tree=77
num_leaves=12
num_cat=0
split_feature=72 132 72 42 13 85 41 76 45 83 121
split_gain=30874.7 9580.1 8845.98 7763.35 6130.64 5429.67 3871.6 3781.49 3742.05 2683.91 3211.74
threshold=92.735450000000014 168.61904761904765 25.763850000000001 0.38039220502715304 1.9756500718315875 0.42078307500000006 0.36483150000000014 0.67302828490045596 0.44724625000000007 2.7949866666666652 12.2155
decision_type=2 10 2 2 2 2 2 2 2 2 10
left_child=2 9 6 5 -3 -4 -1 -5 -6 -2 -11
right_child=1 4 3 7 8 -7 -8 -9 -10 10 -12
leaf_value=0.10602253428697586 0.16604348923002971 0.42491669298620782 0.21727452897583219 -0.050289092883651632 0.0059721908847105154 -0.14191044785918258 0.61437065483542053 0.17923353722285137 0.28672536235385465 -0.049744910340045384 -0.2920943662548065
leaf_weight=19 50 50 549 242 205 40 50 87 53 3369 49
leaf_count=13 25 18 223 91 81 15 21 32 19 1159 28
internal_value=0.00321257 -0.0358442 0.152522 0.127565 0.12424 0.192677 0.477948 0.0107555 0.0645422 -0.0500942 -0.0533045
internal_weight=4763 3776 987 918 308 589 69 329 258 3468 3418
internal_count=1725 1330 395 361 118 238 34 123 100 1212 1187
is_linear=0
shrinkage=0.03


Tree=78
num_leaves=13
num_cat=0
split_feature=65 91 55 114 96 72 70 11 115 76 133 37
split_gain=27687 9520.12 8940.74 8625.45 7297.07 5030.58 5002.94 4546.06 4339.09 3183.15 2891.58 2577.45
threshold=1534.3000000000004 1011.6250000000001 0.16627000000000003 94.065500000000014 47.327550000000009 47.758800000000008 17.017400000000006 250.66300000000004 92.412500000000009 -0.69578602784671961 20.935725972916089 0.30054950000000008
decision_type=2 2 2 10 2 2 2 2 8 2 10 2
left_child=1 4 10 5 7 -2 -4 -1 -5 -10 -3 -7
right_child=3 2 6 8 -6 11 -8 -9 9 -11 -12 -13
leaf_value=0.46533710370540615 0.22223345393086633 -0.24764131853315569 0.56167148674186318 0.36768770241737359 0.48560194830894471 -0.1032098561860621 0.2463182378022567 0.052805645259304181 -0.33555057299137114 0.11865879263068145 0.17393802098371089 -0.037159174507931388
leaf_weight=24 61 26 95 62 39 667 91 647 14.999999999999998 105 31 2621
leaf_count=10 24 17 47 24 20 283 31 287 6 52 19 849
internal_value=0.0041305 0.147536 0.30928 -0.0346038 0.0918165 -0.0455514 0.409544 0.0682358 0.165975 0.0595539 -0.0192638 -0.0505864
internal_weight=4484 953 243 3531 710 3349 186 671 182 120 57 3288
internal_count=1669 431 114 1238 317 1156 78 297 82 58 36 1132
is_linear=0
shrinkage=0.03


Tree=79
num_leaves=14
num_cat=0
split_feature=63 87 118 36 76 57 78 26 94 125 21 75 75
split_gain=22399.5 9638.11 9105.49 8882.57 6202.24 5402.51 5241.65 4642.34 4196.25 3712.29 3447.33 3326.76 2904.85
threshold=3.5130250000000003 56.226250000000007 88.964357142857153 0.42185400000000001 -0.21168262540230295 25.358000000000004 0.58132862733518365 0.92894550000000009 0.1220905 37.25950000000001 -31.768849999999915 8.0096500000000024 8.5800500000000017
decision_type=2 2 10 2 2 2 2 2 2 10 2 2 2
left_child=1 3 9 4 -1 -4 7 -3 -8 12 -5 -7 -2
right_child=2 6 5 10 -6 11 8 -9 -10 -11 -12 -13 -14
leaf_value=0.52848855639906489 -0.36316862283303181 -0.094313904068686755 0.4939400036831697 0.46340535866130478 0.19693691563887417 -0.18347237968444824 -0.41442839676993232 0.32147972727185015 0.017293713095897736 -0.31294762396812437 0.071840027616613289 0.15641817857593784 -0.044696362837808895
leaf_weight=101 25 32 35 21 105 32 20 93 576 47 263 121 3372
leaf_count=41 10 16 26 10 45 9 5 43 244 26 98 48 1139
internal_value=-0.00249409 0.109186 -0.0397516 0.211712 0.361276 0.163017 0.0393064 0.215109 0.00213145 -0.0508652 0.102329 0.0845807 -0.0471472
internal_weight=4843 1211 3632 490 206 188 721 125 596 3444 284 153 3397
internal_count=1760 502 1258 194 86 83 308 59 249 1175 108 57 1149
is_linear=0
shrinkage=0.03


Tree=80
num_leaves=12
num_cat=0
split_feature=107 72 42 132 76 42 67 118 72 49 48
split_gain=28275.7 12583.4 10178.5 11148.8 6963.1 6535.89 4559.87 4338.17 4047.28 3500.15 1999.73
threshold=0.71952396275653763 31.801700000000004 0.21408105133674357 196.78571428571431 -0.97078810500921497 0.14161989328962774 31.366550000000004 80.81620238095239 70.585200000000015 0.097957948185338498 0.1942288499999997
decision_type=2 2 2 8 2 2 2 8 2 2 2
left_child=1 -1 5 4 -4 -2 10 -7 -8 -5 -3
right_child=2 6 3 9 -6 7 8 -9 -10 -11 -12
leaf_value=0.48062377484355656 -0.05701013214173524 -0.26580498454851259 -0.18808424585449451 0.27078787460327147 0.083850786729318325 0.18700049724661069 0.12853920487836448 0.42920367321282804 -0.025231682939363047 0.78185900318104284 -0.074422869489759055
leaf_weight=41 45 50 97 29 627 115 166 166 1986 22 1504
leaf_count=19 21 32 39 29 223 33 62 70 596 22 596
internal_value=0.0035134 -0.0357646 0.137101 0.0777518 0.0472042 0.277513 -0.0416064 0.331107 -0.0133146 0.502104 -0.0807495
internal_weight=4848 3747 1101 775 724 326 3706 281 2152 51 1554
internal_count=1742 1305 437 313 262 124 1286 103 658 51 628
is_linear=0
shrinkage=0.03


Tree=81
num_leaves=14
num_cat=0
split_feature=61 136 72 5 91 103 86 50 59 74 72 91 94
split_gain=25637.3 9825.45 9066.66 7962.56 7433.94 7295.54 7213.59 3874.37 3350.33 3158.7 3139.54 2347.09 1319.19
threshold=1.3196450000000002 1.0000000180025095e-35 98.486700000000027 133.20027142857145 1012.3650000000001 43.310183333333349 19.818250000000003 0.2136277857142857 8.5736950000000025 0.04145490000000001 40.136250000000011 1002.4300000000002 0.20098150000000001
decision_type=2 2 2 2 2 2 2 2 2 2 2 2 2
left_child=1 2 3 -1 7 -4 -6 11 12 -9 -10 -2 -3
right_child=4 8 5 -5 6 -7 -8 9 10 -11 -12 -13 -14
leaf_value=0.17136103525417656 -0.078507543936008353 -0.13571606312348292 0.028654680274033176 0.46077592080122814 0.62975243842190709 0.45819298332348096 0.032018026592731473 -0.0018916391643749532 0.22008288933101453 -0.06069257812046152 0.025329043258719729 -0.40216057395935051 0.0093427538076235397
leaf_weight=183 40 103 271 163 28 40 49 1396 113 2000 216 41 123
leaf_count=114 20 13 147 99 10 26 27 549 17 608 35 21 17
internal_value=0.00566022 0.124751 0.203171 0.308647 -0.0349753 0.0852019 0.254702 -0.0414626 0.0317138 -0.0365297 0.0926935 -0.245275 -0.0570615
internal_weight=4766 1212 657 346 3554 311 77 3477 555 3396 329 81 226
internal_count=1703 468 386 213 1235 173 37 1198 82 1157 52 41 30
is_linear=0
shrinkage=0.03


Tree=82
num_leaves=15
num_cat=0
split_feature=11 47 33 61 136 79 73 12 39 131 72 97 60 14
split_gain=21768.2 9358.05 6266.59 5509.28 5495.66 5427.74 3749.98 2967.97 2892.36 2653.9 2276.97 1769.81 1438.28 824.106
threshold=265.67150000000009 0.21915500000000002 2.6769753916123586 4.1999600000000008 1.0000000180025095e-35 3.7575000000000007 91.069450000000018 280.28166666666669 0.17708050000000025 39.183277843300672 124.30600000000003 42.474950000000007 56.647500000000008 283.68792857142859
decision_type=2 2 2 2 2 2 2 2 2 10 2 2 2 2
left_child=1 5 8 9 -4 -1 -7 13 -3 10 -2 -9 -11 -5
right_child=3 2 4 7 -6 6 -8 11 -10 12 -12 -13 -14 -15
leaf_value=-0.20973801784515381 0.053522252688421902 0.12235129077972903 0.15433639916366007 -0.21599034070656742 -0.026691537805739785 0.57174495820607996 0.2629639262380925 -0.11000254247796237 0.51153212022226902 0.37128877748761852 -0.018881647963326056 -0.036844979050012987 0.031160367375612254 -0.016403908035029537
leaf_weight=13.999999999999998 595 30 285 128 319 63 87 358 42 27 1135 1757 19 22
leaf_count=10 267 12 165 71 43 24 33 116 19 17 436 507 13 9
internal_value=0.00142128 0.140286 0.0906805 -0.0274712 0.0588362 0.342948 0.395599 -0.058479 0.353312 0.0120833 0.00603507 -0.0492757 0.234517 -0.18704
internal_weight=4881 840 676 4041 604 164 150 2265 72 1776 1730 2115 46 150
internal_count=1742 306 239 1436 208 67 57 703 31 733 703 623 30 80
is_linear=0
shrinkage=0.03


Tree=83
num_leaves=13
num_cat=0
split_feature=72 91 120 84 121 96 118 96 105 59 12 96
split_gain=22490.8 11584.5 12282 7062.41 5705.48 5676.19 5058.2 3559.66 3901.89 2219.29 1911.65 1332.75
threshold=141.65200000000002 1010.0850000000002 88.647500000000022 395.85216666666662 13.644500000000003 42.227900000000012 114.52107142857143 17.618450000000003 0.0090459800000000003 11.125400000000001 277.13433333333347 30.255450000000007
decision_type=2 2 8 2 10 2 8 2 2 2 2 2
left_child=1 5 11 -4 7 6 -1 10 -9 -7 -2 -3
right_child=4 2 3 -5 -6 9 -8 8 -10 -11 -12 -13
leaf_value=-0.011612629335027099 -0.31163111631753965 -0.045503079833655515 0.35565785929446436 0.096696417071235677 -0.39291481245415549 0.057134856160481771 0.32267892905723217 0.19447579032441845 -0.03381326707759226 0.32712607055664061 -0.097085594870967254 -0.33531239771246907
leaf_weight=773 40 28 286 143 41 44 42 68 2896 74 464 29
leaf_count=282 23 15 113 77 22 13 39 24 910 26 194 15
internal_value=-0.00453452 0.0962075 0.214818 0.26977 -0.0452901 0.0342565 0.00598532 -0.0410674 -0.028511 0.227803 -0.114702 -0.196241
internal_weight=4928 1419 486 429 3509 933 815 3468 2964 118 504 57
internal_count=1753 580 220 190 1173 360 321 1151 934 39 217 30
is_linear=0
shrinkage=0.03


Tree=84
num_leaves=13
num_cat=0
split_feature=77 136 120 96 96 12 95 33 83 42 114 64
split_gain=19316.2 10925.8 11495 7769.2 5278.92 4774.5 3952.76 3619.91 2768.75 2702.76 2149.05 1935.26
threshold=0.30702689860304938 1.0000000180025095e-35 94.571000000000012 31.119300000000006 24.875000000000004 262.12983333333341 0.018183250000000005 2.4295608408630227 2.8851349999999987 0.29738503969778574 53.925000000000004 232.07550000000003
decision_type=2 2 8 2 2 2 2 2 2 2 10 2
left_child=4 2 10 -4 5 -1 -6 -3 -7 -9 -2 -8
right_child=1 7 3 -5 6 8 11 9 -10 -11 -12 -13
leaf_value=-0.35398710463971506 0.00072303966113499232 0.15507273737589516 0.1121927778101562 0.32182119964503103 0.44862213797318301 0.16408043242640352 0.39051871633529667 0.029579465289174774 -0.059332033425253984 -0.11797550620073856 -0.34918746059191852 0.0072246770428519855
leaf_weight=48 27 107 325 314 18 50 10.999999999999998 242 2493 206 37 993
leaf_count=18 15 18 193 186 8 28 8 37 852 29 19 333
internal_value=-0.0025303 0.0986659 0.177134 0.215549 -0.0377839 -0.0605522 0.0199388 -0.000861986 -0.0548754 -0.0383744 -0.203783 0.0118115
internal_weight=4871 1258 703 639 3613 2591 1022 555 2543 448 64 1004
internal_count=1744 497 413 379 1247 898 349 84 880 66 34 341
is_linear=0
shrinkage=0.03


Tree=85
num_leaves=11
num_cat=0
split_feature=77 136 78 120 82 12 111 130 67 20
split_gain=19984.9 11540 8155.95 6817.74 6061.56 4055.13 3618.96 3439.35 2907.82 2211.25
threshold=0.23401271973572371 1.0000000180025095e-35 0.50471186377737542 94.571000000000012 1489.5250000000005 262.80533333333341 0.10845409837900002 146.50000000000003 24.323750000000004 68.374400000000009
decision_type=2 2 2 8 2 2 2 10 2 2
left_child=2 3 -1 7 -5 -4 -3 -2 -7 -8
right_child=1 6 5 4 -6 8 9 -9 -10 -11
leaf_value=0.31225521530776185 0.13175747839577734 -0.11170547182448787 -0.34321223042650917 0.30847440164384132 0.12597183729952033 0.20520607242201053 0.15590477419707735 -0.28996644264757632 -0.0461017291530567 -0.005287710366183764
leaf_weight=57 30 192 40 288 384 41 117 39 3242 218
leaf_count=29 17 27 20 178 221 17 19 20 1130 34
internal_value=-0.00237265 0.099144 -0.0404753 0.175387 0.204534 -0.0466188 -0.00818258 -0.107303 -0.0429008 0.0512969
internal_weight=4648 1268 3380 741 672 3323 527 69 3283 335
internal_count=1712 516 1196 436 399 1167 80 37 1147 53
is_linear=0
shrinkage=0.03


Tree=86
num_leaves=14
num_cat=0
split_feature=96 113 66 31 113 57 42 120 21 94 96 64 61
split_gain=21286.6 9429.56 7743.88 8100.09 6018.73 5785.6 5617.63 5475.25 6310.93 4051.83 3082.22 2626.46 1102.28
threshold=33.087300000000006 87.094500000000025 1010.4250000000001 2.6139587726086773 75.927000000000007 67.885500000000022 0.52867587424926077 9.3163500000000017 22.472374999999989 0.19518650000000001 14.781600000000003 402.1615000000001 -3.8123399999999994
decision_type=2 8 2 2 10 2 2 10 2 2 2 2 2
left_child=2 7 10 4 -4 6 -3 8 -2 -5 12 -12 -1
right_child=1 5 3 9 -6 -7 -8 -9 -10 -11 11 -13 -14
leaf_value=0.12232032930850983 0.33690614597518725 0.4634827649644081 0.098080432833268713 -0.10731354193557473 0.5422555630207061 0.12740713595549266 -0.05968565797805786 -0.27682341538667676 0.038571722168554652 0.12866816838674766 0.032108857802764096 -0.046776439817181249 -0.17824629258347974
leaf_weight=10.999999999999998 76 140 57 132 53 134 21 39 375 128 434 3007 180
leaf_count=5 27 89 28 52 21 28 12 21 129 60 197 988 84
internal_value=-0.00200714 0.140729 -0.030034 0.100536 0.315076 0.274453 0.395278 0.0598204 0.0894862 0.00889844 -0.0433603 -0.0368196 -0.160374
internal_weight=4787 785 4002 370 110 295 161 490 451 260 3632 3441 191
internal_count=1741 306 1435 161 49 129 101 177 156 112 1274 1185 89
is_linear=0
shrinkage=0.03


Tree=87
num_leaves=12
num_cat=0
split_feature=96 113 78 119 12 96 72 12 55 91 101
split_gain=16772.2 10823.6 5292.81 5277.17 4074.8 3857.81 3775.62 3354.88 2738.59 2139.88 1345.65
threshold=27.485500000000005 107.22000000000001 0.49134412211272999 22.633914172532819 247.19733333333332 14.335100000000002 84.236350000000016 250.10216666666665 0.21497000000000002 1011.0750000000002 0.17717400000000003
decision_type=2 8 2 8 2 2 2 2 2 2 2
left_child=2 4 -1 9 -2 10 -6 -7 -5 -3 -4
right_child=1 3 5 8 6 7 -8 -9 -10 -11 -12
leaf_value=0.25758338022007132 0.39133671274492815 0.35076306440830224 -0.53049293346405035 0.2785004884934687 0.10430670968766158 0.295696389304267 -0.0023354446790319807 -0.040239713788917601 -0.02976920911961713 0.75016475794865534 -0.16548126921238931
leaf_weight=52 30 29 8.9999999999999982 90 518 26 704 3080 36 25 147
leaf_count=24 7 20 5 53 180 9 251 1085 17 16 69
internal_value=-0.00278926 0.0829696 -0.0398609 0.299847 0.0515723 -0.0446809 0.0429155 -0.0373324 0.190859 0.546003 -0.189804
internal_weight=4746 1432 3314 180 1252 3262 1222 3106 126 54 156
internal_count=1736 544 1192 106 438 1168 431 1094 70 36 74
is_linear=0
shrinkage=0.03


Tree=88
num_leaves=13
num_cat=0
split_feature=65 11 132 86 81 85 105 4 113 57 103 49
split_gain=16787.2 5370.42 4919.67 4505.82 4172.8 3834.96 4785.15 3247.44 2488.44 4615.77 2294.92 1145.44
threshold=1534.3000000000004 250.66300000000004 184.92857142857147 20.472450000000006 -1.9215000000000371 1.0000000180025095e-35 0.011898150000000001 64.535243365299934 98.868500000000012 69.136500000000026 33.208383333333323 0.095541133980524134
decision_type=2 2 8 2 2 2 2 2 10 2 2 2
left_child=1 -1 4 -4 -3 8 11 -8 10 -10 -2 -7
right_child=5 2 3 -5 -6 6 7 -9 9 -11 -12 -13
leaf_value=0.40710150004892925 0.053502429477459798 0.31353027457939947 0.60535467218501227 0.16178094030278067 0.048930666010526071 -0.18684780301451684 -0.044480632263888813 0.14141413651458148 0.3671026435101834 -0.046889627967191781 -0.071990775091052048 -0.45042558129628496
leaf_weight=48 380 56 27 83 928 39 3085 86 51 45 199 26
leaf_count=19 140 21 26 70 337 20 994 40 34 12 56 13
internal_value=-0.00155394 0.0995865 0.0857318 0.275158 0.0642952 -0.0311053 -0.0446718 -0.0393951 0.0338989 0.17453 0.010316 -0.297552
internal_weight=5053 1142 1094 110 984 3911 3236 3171 675 96 579 65
internal_count=1782 473 454 96 358 1309 1067 1034 242 46 196 33
is_linear=0
shrinkage=0.03


Tree=89
num_leaves=13
num_cat=0
split_feature=77 81 47 62 121 78 12 91 97 84 132 91
split_gain=17479 7092.17 6451.59 5428.94 4932.1 4528.68 5068.98 3490.16 3196.88 2596.28 2568.08 1378.94
threshold=0.23401271973572371 1.0949999999999707 0.17458550000000003 -1.6120849999999998 43.764500000000005 0.58132862733518365 262.80533333333341 1012.1700000000001 37.30960000000001 400.34533333333337 172.57142857142858 1002.8450000000001
decision_type=2 2 2 2 10 2 2 2 2 2 8 2
left_child=5 2 8 10 -4 9 -7 -8 -2 -1 -3 -5
right_child=1 3 4 11 -6 6 7 -9 -10 -11 -12 -13
leaf_value=0.35166503702402113 0.12131372611999511 -0.19746744071597783 0.12285424466665223 -0.070241304516792294 -0.22628723606388818 -0.35329454558310297 -0.039861503351880927 0.21265994304656979 0.5548053133902342 0.038823323979729513 0.055334175073370649 0.18900124497413634
leaf_weight=39 24 141 928 23 37 45 3406 49 45 60 48 84
leaf_count=18 12 47 357 7 19 22 1162 24 20 24 24 41
internal_value=-0.000373832 0.0925168 0.129555 -0.0368575 0.109244 -0.0347183 -0.0403961 -0.0362188 0.407956 0.164378 -0.133295 0.133114
internal_weight=4929 1330 1034 296 965 3599 3500 3455 69 99 189 107
internal_count=1777 527 408 119 376 1250 1208 1186 32 42 71 48
is_linear=0
shrinkage=0.03


Tree=90
num_leaves=13
num_cat=0
split_feature=96 91 125 60 30 96 97 112 112 49 14 61
split_gain=12919.5 5599.82 7432.15 5357.03 3609.68 2939.31 3422.79 5370.62 2851.9 2431.02 1685.7 734.282
threshold=28.466600000000003 1010.0850000000002 24.56757142857143 47.636950000000006 39.445283333333343 14.335100000000002 24.898700000000002 0.051564853162000011 0.15493831893750001 0.060402641766074287 274.83400000000012 4.5787250000000013
decision_type=2 2 10 2 2 2 2 2 2 2 2 2
left_child=5 4 3 -3 8 10 -7 -8 -2 -6 -1 -12
right_child=1 2 -4 -5 9 6 7 -9 -10 -11 11 -13
leaf_value=-0.44686228197813033 0.10283814175254735 0.020682210472931988 -0.16288391892777548 0.28467899148030712 -0.030424128177165981 0.20614211028489196 0.95001132502555852 -0.034049754571600567 -0.028955641806346299 0.21425004656200711 -0.054292912998504472 -0.17971301118020089
leaf_weight=14.999999999999998 198 94 53 263 49 54 3.9999999999999991 3240 573 140 79 92
leaf_count=9 72 38 27 110 13 25 4 1109 187 47 39 32
internal_value=-0.00445258 0.0735643 0.166239 0.215428 0.0338494 -0.035144 -0.0285727 -0.0325431 0.00497571 0.150974 -0.150869 -0.12244
internal_weight=4854 1370 410 357 960 3484 3298 3244 771 189 186 171
internal_count=1712 494 175 148 319 1218 1138 1113 259 60 80 71
is_linear=0
shrinkage=0.03


Tree=91
num_leaves=12
num_cat=0
split_feature=96 113 11 91 6 88 15 94 11 116 31
split_gain=17490.4 9075.73 7049.76 6301.44 4844.09 4275.48 3695.36 3627.38 3467.08 3706.47 3056.59
threshold=29.824750000000005 87.094500000000025 249.81350000000003 1011.3000000000001 86.353136666713866 2.2022550000000005 2.7078648798375693 0.13961700000000002 249.81350000000003 82.785333333333341 4.8679602577202568
decision_type=2 8 2 2 2 2 2 2 2 10 2
left_child=3 2 -2 8 7 -3 -4 -5 -1 -10 -7
right_child=1 5 6 4 -6 10 -8 -9 9 -11 -12
leaf_value=0.28954672388372743 0.47947587221319021 0.012493576409211799 0.17293001803255428 0.42326191930286583 -0.16288193589051564 0.32844113806991881 0.0011280784333159899 0.11409565789885817 -0.032748483570272179 -0.17486798735425391 0.086785589766306945
leaf_weight=28 32 66 136 43 44 235 635 159 3284 173 60
leaf_count=9 10 25 46 21 20 108 214 72 1141 60 32
internal_value=0.00486721 0.106343 0.0500467 -0.0268105 0.119632 0.231075 0.0316216 0.181684 -0.0371798 -0.03991 0.27976
internal_weight=4895 1164 803 3731 246 361 771 202 3485 3457 295
internal_count=1758 435 270 1323 113 165 260 93 1210 1201 140
is_linear=0
shrinkage=0.03


Tree=92
num_leaves=13
num_cat=0
split_feature=77 96 123 47 96 48 56 12 67 104 79 11
split_gain=17971.5 10040.5 7018.14 5429.64 4263.12 4306.55 3248.41 3244.5 2539.23 2324.84 1758.82 674.22
threshold=0.30702689860304938 47.327550000000009 67.805500000000009 0.22890150000000004 24.875000000000004 0.2091501666666665 0.065235500000000016 270.59033333333338 24.922000000000001 32.732292857142859 6.8485500000000021 264.10950000000008
decision_type=2 2 10 2 2 2 2 2 2 2 2 2
left_child=4 2 3 -2 5 11 -7 10 -3 -9 -6 -1
right_child=1 8 -4 -5 7 6 -8 9 -10 -11 -12 -13
leaf_value=-0.3977556602304631 0.21641816848974962 0.16673728174822672 -0.35888594562560316 0.057541105042746989 0.013372648385854868 -0.0065787165320595762 -0.075785925830501422 0.0229670652393693 0.52655992131314033 -0.14529128506007016 0.32549744658267243 -0.19949007979393005
leaf_weight=21 246 27 31 902 25 1189 1254 843 58 80 46 74
leaf_count=8 99 12 16 332 14 313 527 290 25 43 19 36
internal_value=0.00547749 0.102508 0.0796022 0.0917475 -0.0292651 -0.0498863 -0.0421207 0.0233816 0.415566 0.00823875 0.217348 -0.247035
internal_weight=4796 1264 1179 1148 3532 2538 2443 994 85 923 71 95
internal_count=1734 484 447 431 1250 884 840 366 37 333 33 44
is_linear=0
shrinkage=0.03


Tree=93
num_leaves=12
num_cat=0
split_feature=130 96 78 94 31 114 42 57 100 83 113
split_gain=13190.1 8852.57 7411.02 5520.92 5477.05 3132.19 2580.5 2126.49 1806.1 1733.33 1010.26
threshold=153.58333333333334 53.830200000000012 0.45012427727886845 0.26651850000000005 4.2502289276341907 24.367500000000003 0.21408105133674357 69.136500000000026 0.16401716666666685 3.0981749999999977 17.829500000000003
decision_type=8 2 2 2 2 10 2 2 2 2 10
left_child=5 2 3 -2 -4 8 9 -8 -1 -7 -10
right_child=1 -3 4 -5 -6 6 7 -9 10 -11 -12
leaf_value=-0.42529537307299103 0.5669013509858738 0.49005251787063925 0.087817514770484273 0.11681689130026719 -0.070196893474066643 0.33334497804301128 -0.01567623843215132 -0.13616171326282175 -0.12633165532574056 0.050307608555458828 -0.05402468465623235
leaf_weight=11.999999999999998 43 46 713 57 272 20 2039 140 219 280 852
leaf_count=9 21 17 325 21 128 13 646 35 108 95 313
internal_value=-0.00237623 0.0868334 0.0693002 0.31408 0.0441531 -0.0307192 -0.0121124 -0.0234777 -0.0732573 0.0702315 -0.068917
internal_weight=4693 1131 1085 100 985 3562 2479 2179 1083 300 1071
internal_count=1731 512 495 42 453 1219 789 681 430 108 421
is_linear=0
shrinkage=0.03


Tree=94
num_leaves=12
num_cat=0
split_feature=132 132 42 14 4 33 30 104 85 92 76
split_gain=16921.9 8393.48 5977.63 7958.77 5190.97 4645.97 3947.12 3881.48 4462.64 3232.54 2076.25
threshold=168.61904761904765 170.90000000000003 0.40024051329062688 247.90628571428573 70.10454871063196 3.2398806229337249 38.476050000000001 33.679900000000004 0.00080803150000344182 1.862649999888978e-06 -0.75824438840694774
decision_type=8 8 2 2 2 2 2 2 2 2 2
left_child=4 -2 3 -3 7 -6 -4 8 -1 -9 -7
right_child=1 2 6 -5 5 10 -8 9 -10 -11 -12
leaf_value=0.046197129862059406 0.44638114046369282 -0.33145995014905927 0.048189773567469715 0.19045720712124781 0.47592522496730083 -0.046613247744853682 -0.2375080362942259 -0.28400921391172612 -0.036341116675777052 -0.0048217213551203413 0.2122694084863273
leaf_weight=730 69 27 165 457 31 64 58 93 3047 62 48
leaf_count=249 28 7 109 218 9 37 21 27 977 30 24
internal_value=0.00448916 0.132795 0.101599 0.160712 -0.0199699 0.156951 -0.0268325 -0.0264432 -0.0203797 -0.1731 0.0652065
internal_weight=4851 776 707 484 4075 143 223 3932 3777 155 112
internal_count=1736 383 355 225 1353 70 130 1283 1226 57 61
is_linear=0
shrinkage=0.03


Tree=95
num_leaves=11
num_cat=0
split_feature=61 138 59 101 87 99 91 105 12 62
split_gain=10722.3 8912.39 6949.56 5854.44 4581.9 4170.29 4537.87 6173.22 2766.76 2523.31
threshold=1.3196450000000002 1.0000000180025095e-35 8.5736950000000025 0.25582835714285718 50.343200000000003 0.11325400000000001 1011.7250000000001 0.026696050000000002 253.43216666666669 -3.6700799999999996
decision_type=2 2 2 2 2 2 2 2 2 2
left_child=1 2 8 -4 -3 -2 9 -8 -1 -7
right_child=5 4 3 -5 -6 6 7 -9 -10 -11
leaf_value=-0.23922907294503978 -0.35071610273917508 0.76364871668815604 0.1790211369229536 0.022195389755352696 0.18449801255975451 1.0340052566528322 0.44938081212980402 -0.057890020753939953 -0.017383634282992437 -0.032083867260853598
leaf_weight=60 35 23 436 421 27 0.999999999999999 41 44 298 3470
leaf_count=16 15 23 149 165 27 1 18 26 99 1173
internal_value=-0.00295335 0.0721205 0.0557607 0.1021 0.460716 -0.0294131 -0.0261521 0.189139 -0.0551356 -0.0314781
internal_weight=4856 1265 1215 857 50 3591 3556 85 358 3471
internal_count=1712 479 429 314 50 1233 1218 44 115 1174
is_linear=0
shrinkage=0.03


Tree=96
num_leaves=12
num_cat=0
split_feature=64 96 105 66 79 112 82 100 111 56 131
split_gain=10930.6 7355.76 5695.53 4827.62 4479.83 6235.1 5088.32 3674.71 2582.73 2692.18 879.513
threshold=423.17900000000003 48.402150000000006 0.015916800000000005 1012.2600000000001 9.4356500000000008 0.058888339617600011 1317.865833333334 0.12587501666666676 0.082835813808000008 0.065235500000000016 8.6216781042517265
decision_type=2 2 2 2 2 2 2 2 2 2 10
left_child=1 2 3 -1 8 -6 -7 -4 10 -10 -2
right_child=4 -3 7 -5 5 6 -8 -9 9 -11 -12
leaf_value=0.092282919361532378 -0.092205791633956286 0.36869067893616136 -0.39319411597251885 0.35077008314742597 1.7324522552490234 0.4441293964045388 0.025890585063569959 0.019339034938706902 -0.010445208079154706 -0.066834692143194568 -0.2702106969824859
leaf_weight=272 48 72 19 85 0.999999999999999 27 406 685 1626 1434 55
leaf_count=102 21 28 7 38 1 17 166 308 409 597 18
internal_value=-0.00389525 0.0773215 0.0572177 0.154644 -0.0294925 0.0607908 0.0529403 0.00765914 -0.0418967 -0.036885 -0.18897
internal_weight=4730 1133 1061 357 3597 434 433 704 3163 3060 103
internal_count=1712 483 455 140 1229 184 183 315 1045 1006 39
is_linear=0
shrinkage=0.03


Tree=97
num_leaves=13
num_cat=0
split_feature=118 96 101 112 107 121 32 64 72 131 56 41
split_gain=11911.1 5901.57 4460.59 4485.37 4279.49 3954.42 5224.24 3944.03 3065.17 2689.46 2502.53 1274.22
threshold=73.608857142857161 45.181800000000003 0.15557829285714289 0.051564853162000011 0.84658398682345093 12.2155 37.422264285714284 411.66600000000005 188.65800000000004 15.383970530903994 0.065235500000000016 0.25281285714285712
decision_type=8 2 2 2 2 10 2 2 2 10 2 2
left_child=5 2 -2 -4 -3 6 10 -6 -8 11 -1 -7
right_child=1 4 3 -5 7 9 8 -9 -10 -11 -12 -13
leaf_value=-0.008931209772319015 0.30355894150367146 0.58355348448319866 0.94220292320251464 0.040869373706036986 0.41639919716661622 -0.48411973276138309 0.15212387049710982 -0.019136697625572029 -0.023690214862480876 0.0033674973191753512 -0.061510283806382918 -0.18829554286812034
leaf_weight=1721 64 32 3.9999999999999991 885 32 29 230 43 145 30 1547 27
leaf_count=433 19 19 4 385 15 15 99 17 62 16 641 15
internal_value=-0.0012092 0.0874817 0.0635834 0.0459823 0.297745 -0.0264378 -0.0216571 0.169686 0.0842522 -0.226339 -0.0338331 -0.347349
internal_weight=4789 1060 953 889 107 3729 3643 75 375 86 3268 56
internal_count=1740 459 408 389 51 1281 1235 32 161 46 1074 30
is_linear=0
shrinkage=0.03


Tree=98
num_leaves=12
num_cat=0
split_feature=14 111 47 37 12 96 4 31 120 11 4
split_gain=13532.8 5684.2 5395.62 5306.15 5239.93 4466 3781.73 9053.96 3975.01 3637.94 1474.12
threshold=258.79414285714296 0.14092957117300001 0.23814650000000001 0.36172700000000008 259.87366666666668 49.324550000000009 70.10454871063196 3.3229613512962355 9.3163500000000017 252.11900000000003 35.871493824443853
decision_type=2 2 2 2 2 2 2 2 10 2 2
left_child=1 3 -3 10 -5 6 8 -8 -2 -4 -1
right_child=5 2 9 4 -6 -7 7 -9 -10 -11 -12
leaf_value=-0.0034425980316268073 -0.027915101733167996 0.55642321081672397 0.33424537893442008 0.070136819235638734 0.42972238814559849 0.28560793488792008 0.36045988942604312 -0.047520422973062679 -0.25605980688290936 0.065074730773947459 -0.2233572670786004
leaf_weight=53 3866 41 77 217 43 41 75 137 69 109 56
leaf_count=22 1349 15 26 66 18 22 36 76 39 39 16
internal_value=-0.0031663 0.130461 0.248268 0.0575063 0.131037 -0.0222104 -0.0253225 0.0978128 -0.0319804 0.177713 -0.117457
internal_weight=4784 596 227 369 260 4188 4147 212 3935 186 109
internal_count=1724 202 80 122 84 1522 1500 112 1388 65 38
is_linear=0
shrinkage=0.03


Tree=99
num_leaves=10
num_cat=0
split_feature=64 11 5 100 20 75 61 120 79
split_gain=8663.56 7699.14 5269.69 3597.11 2929.84 2582.51 3218.76 3215.21 2751.15
threshold=402.1615000000001 250.66300000000004 166.81003571428576 0.11393020000000008 153.19650000000004 8.327200000000003 3.1676600000000006 13.644500000000003 7.1629000000000014
decision_type=2 2 2 2 2 2 2 10 2
left_child=1 -1 3 -3 -4 -2 7 -7 -8
right_child=5 2 4 -5 -6 6 8 -9 -10
leaf_value=0.38184612017270664 -0.2121606077478482 -0.48726420021057126 0.42070034647338528 0.036153378893003553 0.065011840852531227 0.02972764829635377 -0.022925842769866003 -0.26235010821819305 -0.096100809186166161
leaf_weight=68 64 10.999999999999998 50 783 36 1102 2022 34 599
leaf_count=23 20 7 28 345 23 425 593 19 248
internal_value=-0.00451026 0.0766192 0.0526234 0.0282944 0.274301 -0.0246543 -0.0214037 0.0207602 -0.0396806
internal_weight=4769 948 880 794 86 3821 3757 1136 2621
internal_count=1731 426 403 352 51 1305 1285 444 841
is_linear=0
shrinkage=0.03


Tree=100
num_leaves=9
num_cat=0
split_feature=61 120 62 84 136 14 10 130
split_gain=12642.5 8003.33 6560.06 6104.21 5879.3 2906.34 4052.3 2890.35
threshold=1.9937700000000003 88.647500000000022 -4.6496799999999991 284.26749999999998 1.0000000180025095e-35 256.90935714285723 263.87900000000008 146.50000000000003
decision_type=2 8 2 2 2 2 2 10
left_child=1 7 -2 -3 -5 -4 -7 -1
right_child=2 3 5 4 -6 6 -8 -9
leaf_value=0.0014635600192206245 1.6901079711914062 0.37583644071492278 0.36270985726749194 0.13782344971866795 0.0097776282269337461 -0.28841616694794758 -0.026410384895001689 -0.39811190171503436
leaf_weight=27 0.999999999999999 65 15.999999999999998 712 590 53 3352 40
leaf_count=15 1 26 5 425 94 24 1129 21
internal_value=0.00370477 0.0784504 -0.0276305 0.0941944 0.079854 -0.0286272 -0.030573 -0.239391
internal_weight=4856 1434 3422 1367 1302 3421 3405 67
internal_count=1740 581 1159 545 519 1158 1153 36
is_linear=0
shrinkage=0.03


Tree=101
num_leaves=11
num_cat=0
split_feature=14 9 10 76 61 2 20 118 9 64
split_gain=10767.9 7898.38 4937.91 4808.38 5309.05 2586.81 1936.99 1885.75 1092.68 1043.03
threshold=266.94021428571438 263.06750000000005 263.59700000000004 -0.97078810500921497 -0.44684649999999998 199.43100000000001 -238.90699999999995 27.408357142857145 280.30050000000006 494.94500000000005
decision_type=2 2 2 2 2 2 2 8 2 2
left_child=1 3 -3 -1 -5 6 8 -8 -2 -7
right_child=5 2 -4 4 -6 9 7 -9 -10 -11
leaf_value=-0.20453400933338423 -0.32283398267030711 0.12577176764212458 0.46250606748345613 0.028637762804697084 0.23420046300768851 0.29781179400682445 -0.0443719232291847 -0.0020929735415758585 -0.025465659583869732 0.056195800259306629
leaf_weight=58 29 82 76 461 149 29 1655 2226 18 36
leaf_count=23 16 28 27 158 53 20 555 796 17 21
internal_value=0.00104751 0.0995783 0.289654 0.0542499 0.079155 -0.0193538 -0.0224787 -0.0201298 -0.211914 0.166918
internal_weight=4819 826 158 668 610 3993 3928 3881 47 65
internal_count=1714 289 55 234 211 1425 1384 1351 33 41
is_linear=0
shrinkage=0.03


Tree=102
num_leaves=13
num_cat=0
split_feature=132 81 118 97 132 121 107 58 131 9 22 49
split_gain=8971.54 5370.05 4617.7 11897 4128.87 3228.45 3067.05 3796.52 2635.84 2243.09 2234.13 1137.16
threshold=164.07142857142858 1.1130000000000566 84.601702380952403 80.548750000000013 175.07142857142858 96.700000000000017 0.71952396275653763 18.481600000000004 15.383970530903994 268.7435000000001 204.90410424553741 0.078545679533060617
decision_type=8 2 8 2 8 8 2 2 10 2 2 2
left_child=5 2 10 -4 -3 8 9 -8 -1 -7 -2 -6
right_child=1 4 3 -5 11 6 7 -9 -10 -11 -12 -13
leaf_value=-0.35726809115105485 0.15449884603023528 -0.23062822479671902 0.041803892612323083 0.71029040368080132 -0.040751192940665142 -0.17447933609088259 -0.16091063916973952 0.16457074291010695 -0.012916657249132792 -0.022655323741866129 0.36532808963562313 0.18049630071808184
leaf_weight=46 119 80 582 24 41 89 40 152 35 3310 75 41
leaf_count=25 32 20 286 20 22 25 15 70 19 1123 20 30
internal_value=-0.00297031 0.0785339 0.110415 0.0694101 -0.0785987 -0.0243394 -0.0200824 0.0962642 -0.210483 -0.0266817 0.237476 0.0706782
internal_weight=4634 962 800 606 162 3672 3591 192 81 3399 194 82
internal_count=1707 430 358 306 72 1277 1233 85 44 1148 52 52
is_linear=0
shrinkage=0.03


Tree=103
num_leaves=11
num_cat=0
split_feature=96 78 84 105 100 96 113 41 117 14
split_gain=8930.93 4676.24 4560.01 4502.12 4391.62 3136.26 3262.62 2456.32 2390.42 2240.39
threshold=43.082450000000001 0.45012427727886845 429.69150000000002 0.031936300000000008 0.23767066666666684 27.485500000000005 105.01500000000001 0.29116994285714287 11.866573498199363 255.82578571428573
decision_type=2 2 2 2 2 2 10 2 8 2
left_child=1 2 -1 4 -2 9 -7 -5 -6 -3
right_child=3 5 -4 7 8 6 -8 -9 -10 -11
leaf_value=0.42631535778489221 0.13078237532800244 0.12950794180888164 0.019701334905624389 -0.25477022591504184 0.35765149365152632 0.01554072352168475 0.2168004672951423 0.12448604129342472 0.79381814622879021 -0.032173211346730853
leaf_weight=42 61 78 59 21 41 1031 77 50 17 3309
leaf_count=24 22 27 25 9 16 377 47 23 17 1152
internal_value=-0.00117269 -0.00952471 0.19134 0.199835 0.311872 -0.0140802 0.0297128 0.0102895 0.496832 -0.0284118
internal_weight=4786 4596 101 190 119 4495 1108 71 58 3387
internal_count=1739 1652 49 87 55 1603 424 32 33 1179
is_linear=0
shrinkage=0.03


Tree=104
num_leaves=11
num_cat=0
split_feature=11 78 125 59 107 57 5 72 10 39
split_gain=8082.79 6005.44 6099.32 4570.92 4290.88 3901.2 3102.6 1761.79 1551.8 1551.69
threshold=276.69750000000005 0.43189735527757073 62.020071428571434 4.4357350000000011 0.84199059757024453 67.885500000000022 137.54884285714289 467.46850000000006 281.97800000000007 -0.1489483333333326
decision_type=2 2 8 2 2 2 2 2 2 2
left_child=1 5 -3 -4 7 6 -1 9 -9 -2
right_child=4 2 3 -5 -6 -7 -8 8 -10 -11
leaf_value=0.23604814689390119 -0.078961953503176807 -0.33360502000112785 -0.15992075784118087 0.073719694498742508 -0.30884063629647518 0.061396015155315405 0.69647058237515957 -0.15923214669437968 -0.03738180840773269 0.0071311593345747401
leaf_weight=30 210 36 80 1093 46 39 25 101 1236 1759
leaf_count=17 95 19 29 447 26 9 14 46 355 647
internal_value=0.000455182 0.063832 0.0457408 0.0576599 -0.0241917 0.293553 0.454084 -0.0201379 -0.046701 -0.00208484
internal_weight=4655 1303 1209 1173 3352 94 55 3306 1337 1969
internal_count=1704 535 495 476 1169 40 31 1143 401 742
is_linear=0
shrinkage=0.03


Tree=105
num_leaves=13
num_cat=0
split_feature=92 138 42 24 115 69 106 80 65 89 57 69
split_gain=6651.58 8318.34 3720.64 5255.5 4356.58 3336.64 1883.92 2351.46 2364.08 1140.04 997.366 481.906
threshold=0.00080803150000344182 1.0000000180025095e-35 0.21408105133674357 185.25804667821822 1.0000000180025095e-35 4.8640900000000009 -0.98803845231459242 3.7162000000000011 603.00150000000019 500.42150000000009 18.443500000000004 5.2717400000000003
decision_type=2 2 2 2 10 2 2 2 2 2 2 2
left_child=1 2 3 -1 -4 -3 9 10 -9 -2 -8 -11
right_child=6 5 4 -5 -6 -7 7 8 -10 11 -12 -13
leaf_value=0.045529634210956606 0.22261906377006979 0.65472288068135576 0.31348924324214456 0.29012476320029662 -0.0055670119373377007 0.15957258397221566 -0.03137374104116792 -1.1002144775390625 -0.066608674063763945 0.11347833225943825 0.011441948080929841 -0.0044019119756089319
leaf_weight=283 33 26 39 109 1038 24 1204 0.999999999999999 1092 43 824 107
leaf_count=105 14 26 34 46 369 24 397 1 486 11 169 43
internal_value=-0.00373225 0.0482075 0.0351038 0.114115 0.00626386 0.424899 -0.0276196 -0.033111 -0.0685619 0.0656885 -0.0139787 0.0298983
internal_weight=4823 1519 1469 392 1077 50 3304 3121 1093 183 2028 150
internal_count=1725 604 554 151 403 50 1121 1053 487 68 566 54
is_linear=0
shrinkage=0.03


Tree=106
num_leaves=14
num_cat=0
split_feature=113 132 29 91 80 96 95 92 134 90 94 119 114
split_gain=6961.05 3998.61 3856.4 5140.27 2757.32 2618.96 2350.4 1769.46 1926.26 1163.32 1154.19 695.82 363.394
threshold=51.237500000000004 196.78571428571431 44.757650000000005 1011.3000000000001 4.4360499999999998 17.739600000000003 0.016251750000000002 2.953946499999986 48.991916666666675 1337.6150000000002 0.35478500000000007 10.722220520942098 17.729000000000003
decision_type=10 8 2 2 2 2 2 2 10 2 2 10 10
left_child=5 2 3 -2 -4 10 -3 8 -7 -9 11 -1 -12
right_child=1 6 4 -5 -6 7 -8 9 -10 -11 12 -13 -14
leaf_value=-0.12780034276373953 0.019779248543180108 0.52058152572925276 -0.24829678714467629 0.16258191490068771 0.012137847411632537 -0.0027977968362898364 0.082912412905267296 -0.28134493088722229 -0.1277735251214612 -0.070317759600705562 -0.12590059914839055 -0.3152472540651049 -0.041868593358052403
leaf_weight=154 675 25 61 341 89 2576 20 26 115 195 55 20 284
leaf_count=83 230 24 25 131 35 823 18 13 56 87 35 17 88
internal_value=-0.00407233 0.0577204 0.0468507 0.0678238 -0.0946953 -0.0259321 0.332158 -0.0149053 -0.00818523 -0.0963135 -0.0883681 -0.151041 -0.0558411
internal_weight=4636 1211 1166 1016 150 3425 45 2912 2691 221 513 174 339
internal_count=1665 463 421 361 60 1202 42 979 879 100 223 100 123
is_linear=0
shrinkage=0.03


Tree=107
num_leaves=13
num_cat=0
split_feature=96 1 28 87 23 77 39 31 95 106 46 134
split_gain=7468.42 4355.5 4390.16 3263.1 4136.16 3129.36 2480.49 2363.43 1368.37 568.71 549.939 503.66
threshold=37.324850000000005 64.701850000000022 35.198600000000006 41.805200000000006 81.484200000000058 0.85726713047346148 -0.50554996666666596 6.4925734315336001 0.0099827800000000019 0.022575936829235418 0.22661800000000001 21.932000000000006
decision_type=2 2 2 2 2 2 2 2 2 2 2 10
left_child=3 8 -3 4 -1 -4 11 -8 -2 -10 -6 -5
right_child=1 2 5 6 10 -7 7 -9 9 -11 -12 -13
leaf_value=0.36324023857324017 -0.19606100782666888 -0.056024426335873817 0.17298998473969882 -0.045874697270916726 0.11221005696835726 0.46994720386814426 -0.010713066090624739 -0.1392556524319308 0.10970101401507855 -0.030403391942977906 -0.068119220501184463 -0.17159172041835011
leaf_weight=45 34 68 263 40 22 36 4030 132 39 74 44 110
leaf_count=20 9 22 105 21 10 17 1391 60 16 26 20 42
internal_value=-0.00242548 0.105698 0.160847 -0.0150123 0.144862 0.210201 -0.0191611 -0.0148231 -0.032124 0.018463 -0.00718707 -0.138613
internal_weight=4937 514 367 4423 111 299 4312 4162 147 113 66 150
internal_count=1759 195 144 1564 50 122 1514 1451 51 42 30 63
is_linear=0
shrinkage=0.03


Tree=108
num_leaves=11
num_cat=0
split_feature=63 77 9 14 49 38 10 75 62 53
split_gain=9140.21 4426.35 5500.21 7100.77 4109.5 4391.56 3512.82 3123.4 2562.42 2088.02
threshold=3.4746750000000004 0.51530988526122801 252.47750000000005 259.78335714285714 0.058322163377420515 0.60815100000000022 252.07400000000004 9.6068500000000014 -2.4751249999999994 0.95512350000000013
decision_type=2 2 2 2 2 2 2 2 2 2
left_child=1 2 -1 -4 9 -6 -2 -8 -9 -3
right_child=6 4 3 -5 5 -7 7 8 -10 -11
leaf_value=-0.21636900900324729 0.19679140455072575 -0.074074634038820489 0.33679886312680701 0.021284911241709625 0.3280839426058989 0.083369515892022683 -0.22549072135360362 0.06917424185322911 -0.027485749714517425 0.13639105118946593
leaf_weight=72 65 81 72 534 155 116 67 266 3272 87
leaf_count=22 23 39 25 246 78 45 26 106 1093 29
internal_value=0.00275939 0.0778608 0.0297184 0.0592698 0.15197 0.224038 -0.0201126 -0.0240778 -0.0202002 0.0350609
internal_weight=4787 1117 678 606 439 271 3670 3605 3538 168
internal_count=1732 484 293 271 191 123 1248 1225 1199 68
is_linear=0
shrinkage=0.03


Tree=109
num_leaves=10
num_cat=0
split_feature=127 55 92 47 90 111 85 39 70
split_gain=5644.72 8178.12 4992.38 3214.69 2932.9 2680.02 2452.51 2377.31 1982.89
threshold=177.50000000000003 0.20423000000000002 0.000432634629999889 0.33865625000000005 365.17650000000009 0.067674899869500024 26.866483500000005 0.47199500000000033 16.596850000000003
decision_type=10 2 2 2 2 2 2 2 2
left_child=4 2 8 7 -1 -6 -7 -3 -2
right_child=1 3 -4 -5 5 6 -8 -9 -10
leaf_value=0.35618892077395786 0.25645853928761048 0.23712798141260616 0.0094133153915405277 -0.1159215144209501 -0.20423685788407045 -0.011138012417746703 -0.17206767991493488 -0.0064668194845821075 0.52707175894344549
leaf_weight=18 54 60 44 118 67 4210 86 88 50
leaf_count=7 47 18 22 29 28 1468 45 23 39
internal_value=-0.00573092 0.100017 0.277956 0.000331834 -0.0157452 -0.0173616 -0.0143996 0.0931964 0.39037
internal_weight=4795 414 148 266 4381 4363 4296 148 104
internal_count=1726 178 108 70 1548 1541 1513 41 86
is_linear=0
shrinkage=0.03


Tree=110
num_leaves=12
num_cat=0
split_feature=72 12 42 41 111 29 29 118 114 119 86
split_gain=10328.4 5110.37 4764.1 3871.79 4873.47 3793.06 4587.71 3172.76 2285.44 1951.16 798.77
threshold=102.11800000000001 247.78099999999998 0.40173814219491194 0.8268025 0.077542340988000016 37.295750000000005 35.349000000000011 108.45621428571431 130.03500000000003 15.813737938541621 28.051950000000001
decision_type=2 2 2 2 2 2 2 10 10 10 2
left_child=2 -2 3 4 -1 6 -4 8 -3 -7 -5
right_child=1 7 5 10 -6 9 -8 -9 -10 -11 -12
leaf_value=-0.03984241323034788 0.29866697018941241 -0.023516531710882794 -0.02651920503733763 -0.17857537021636963 0.19183033255691634 0.029574207589942579 0.27195174425588525 0.22465146427180455 -0.24613960565839491 -0.20533248121507705 0.0093279655203223222
leaf_weight=96 44 3625 133 29 536 48 70 45 41 92 63
leaf_count=32 14 1274 62 12 222 24 29 29 11 28 20
internal_value=0.00428329 -0.0191246 0.086604 0.130186 0.156627 -0.00549065 0.0772157 -0.0229727 -0.0260736 -0.125133 -0.0511535
internal_weight=4822 3755 1067 724 632 343 203 3711 3666 140 92
internal_count=1757 1328 429 286 254 143 91 1314 1285 52 32
is_linear=0
shrinkage=0.03


Tree=111
num_leaves=15
num_cat=0
split_feature=130 55 105 96 131 103 131 2 57 60 107 67 116 105
split_gain=8788.14 6028.29 5306.95 3310.34 3246.08 4646.04 2930.08 2899.37 2329.94 1880.75 1702.79 1048.68 1428.5 788.23
threshold=174.83333333333334 0.20423000000000002 0.018067850000000003 18.728650000000005 37.493329034954591 36.309516666666646 16.005206639015217 155.37000000000003 57.143000000000008 55.159800000000011 0.98770287048522643 27.949450000000002 35.285166666666676 0.078684850000000015
decision_type=10 2 2 2 8 2 10 2 2 2 2 2 10 2
left_child=3 2 8 11 10 -6 9 -4 -2 -3 -5 13 -13 -1
right_child=1 6 7 4 5 -7 -8 -9 -10 -11 -12 12 -14 -15
leaf_value=-0.27323097749658531 0.63930104262630139 -0.0057035319397324008 0.29304884482684884 -0.0042634530906013757 0.053244276683829014 0.44832978254556655 -0.059045720270963817 -0.071418337265165846 0.28794369642092627 0.21090680933942887 -0.14270961168844523 -0.072179715703078517 0.058241373883976655 -0.02921339589357376
leaf_weight=36 35 56 37 3213 167 31 129 40 38 100 81 696 84 18
leaf_count=20 31 21 22 1023 121 21 32 23 38 25 22 276 32 14
internal_value=-0.000500586 0.127874 0.281161 -0.0134365 -0.000604161 0.117058 0.0464844 0.105189 0.462806 0.133589 -0.00771106 -0.0670974 -0.0580739 -0.193956
internal_weight=4761 435 150 4326 3492 198 285 77 73 156 3294 834 780 54
internal_count=1721 192 114 1529 1187 142 78 45 69 46 1045 342 308 34
is_linear=0
shrinkage=0.03


Tree=112
num_leaves=12
num_cat=0
split_feature=87 15 42 111 119 47 128 118 102 30 35
split_gain=6051.32 5039.94 4254.95 3622.51 3632.02 3492.27 4370.06 3033.67 2908.77 2392.27 1756.38
threshold=55.314750000000011 4.1399800941678713 0.14161989328962774 0.067674899869500024 31.651792539207211 0.20076700000000003 178.50000000000003 87.815928571428586 29.069200000000006 45.502716666666693 0.77916250000000009
decision_type=2 2 2 2 10 2 8 8 2 2 2
left_child=1 2 -1 -2 9 8 -7 -4 -3 -5 -6
right_child=3 5 7 4 10 6 -8 -9 -10 -11 -12
leaf_value=-0.27366239600096426 -0.25889028234933981 -0.023639112028208644 0.11258900019460254 -0.020297212809719772 0.073722008498703556 -0.066680209577419713 0.19033041045213381 0.30428125848391885 0.3533246982818426 -0.18514320001337262 0.39297090661525719
leaf_weight=20 57 32 269 3683 40 398 69 103 42 80 25
leaf_count=6 25 17 77 1309 21 126 55 58 14 39 14
internal_value=-0.00707955 0.061486 0.14325 -0.0235582 -0.0199866 0.00208044 -0.0283745 0.166347 0.192132 -0.0238508 0.200649
internal_weight=4818 933 392 3885 3828 541 467 372 74 3763 65
internal_count=1761 353 141 1408 1383 212 181 135 31 1348 35
is_linear=0
shrinkage=0.03


Tree=113
num_leaves=10
num_cat=0
split_feature=96 95 125 28 96 125 39 82 81
split_gain=7038.72 5150.76 5355.59 6757.03 1951.38 2599.17 2064.19 1785.44 1373.48
threshold=33.087300000000006 0.0057109450000000011 24.56757142857143 35.153250000000007 18.666800000000006 87.968166666666676 0.48915283333333387 643.53016666666758 -2.0974999999999677
decision_type=2 2 10 2 2 8 2 2 2
left_child=4 -2 3 -3 7 -6 -7 -1 -9
right_child=1 2 -4 -5 5 6 -8 8 -10
leaf_value=0.57832001495361329 -0.26522636484168466 -0.0047100830071029201 -0.2714391292441975 0.18945701851277816 0.2234476453622182 -0.04804556172692024 0.0077327181831213423 -0.29169002736698496 -0.05107847272510762
leaf_weight=2.9999999999999991 35 251 32 450 44 794 2398 21 804
leaf_count=1 11 94 17 189 24 365 717 12 341
internal_value=0.00226178 0.0854922 0.102581 0.120022 -0.0134832 -0.00296085 -0.00615172 -0.0545501 -0.0575525
internal_weight=4832 768 733 701 4064 3236 3192 828 825
internal_count=1771 311 300 283 1460 1106 1082 354 353
is_linear=0
shrinkage=0.03


Tree=114
num_leaves=11
num_cat=0
split_feature=129 97 88 103 95 124 79 90 105 38
split_gain=5078.31 5784.49 4198.07 4165.08 3535.25 2497.08 2879.45 2388.56 2190.83 1479.71
threshold=169.50000000000003 84.759650000000008 3.2644000000000006 48.386233333333344 0.032256550000000009 12.492774243014216 9.4356500000000008 905.89900000000011 0.023315000000000002 0.31721250000000006
decision_type=8 2 2 2 2 8 2 2 2 2
left_child=5 2 4 -4 -2 9 7 -7 -8 -1
right_child=1 -3 3 -5 -6 6 8 -9 -10 -11
leaf_value=-0.34571136689186094 0.17791753533288893 0.44439499486684797 0.0067552630514527362 -0.37311584513528001 -0.011610662768232343 -0.11296603603316185 0.22538813047823697 -0.012903403653996132 0.033181195215248038 -0.050339320392377908
leaf_weight=31 276 34 359 27 130 228 68 3450 238 30
leaf_count=17 133 26 192 12 59 70 24 1102 99 16
internal_value=-0.000870162 0.066869 0.0501183 -0.0207037 0.117344 -0.0147165 -0.0117726 -0.0191361 0.0764987 -0.20365
internal_weight=4871 826 792 386 406 4045 3984 3678 306 61
internal_count=1750 422 396 204 192 1328 1295 1172 123 33
is_linear=0
shrinkage=0.03


Tree=115
num_leaves=11
num_cat=0
split_feature=72 37 138 119 55 42 107 92 134 88
split_gain=7697.34 6172.52 5876.42 4388.52 3764.07 3597.56 2259.03 1904.03 1350.42 998.846
threshold=79.057800000000015 -0.098633699999999991 1.0000000180025095e-35 31.651792539207211 0.21844000000000002 0.28118870777052113 0.98770287048522643 6.5288566500000007 99.957642857142872 3.7067150000000004
decision_type=2 2 2 10 2 2 2 2 10 2
left_child=1 -1 4 6 -3 -4 7 -2 -5 -8
right_child=3 2 5 8 -6 -7 9 -9 -10 -11
leaf_value=-0.32632897747646677 -0.018462442822254878 0.13583635638778704 0.7831228620234657 0.10802386843191611 0.0039382991679727218 0.18385848986018788 -0.07328018554051717 -0.11591653486796115 0.39961059534430499 -0.26225831392049787
leaf_weight=32 3611 418 15.999999999999998 36 364 21 53 189 24 49
leaf_count=17 1231 208 16 17 77 21 15 88 13 15
internal_value=-0.00557652 0.0762301 0.0923413 -0.0231634 0.0745286 0.456868 -0.0271047 -0.0233395 0.229347 -0.165758
internal_weight=4813 851 819 3962 782 37 3902 3800 60 102
internal_count=1718 339 322 1379 285 37 1349 1319 30 30
is_linear=0
shrinkage=0.03


Tree=116
num_leaves=11
num_cat=0
split_feature=77 86 57 15 66 112 14 111 67 77
split_gain=6306.4 4705.8 3909.64 4947.04 6164.26 3540.15 3407.14 2457.51 2094.63 1937.5
threshold=0.23401271973572371 19.635950000000005 69.136500000000026 6.847663310942858 1002.5550000000002 0.220911540027 257.84407142857145 0.14662410599500003 31.446250000000003 0.63308037832700526
decision_type=2 2 2 2 2 2 2 2 2 2
left_child=1 -1 3 4 -2 -5 -3 9 -8 -4
right_child=2 6 7 5 -6 -7 8 -9 -10 -11
leaf_value=0.2870335789680481 -0.0096553085140613677 -0.33487066692306144 0.013780025969554738 0.04410603431516117 0.19246290892919377 -0.32719841414528922 -0.044009744095676186 0.10792278425197685 0.0030679950273820021 -0.13888301365271857
leaf_weight=44 192 30 163 61 462 36 1594 112 1822 137
leaf_count=17 88 9 37 39 252 21 641 22 541 28
internal_value=0.00238448 -0.0177783 0.062856 0.103553 0.133197 -0.0955997 -0.0217533 -0.0113914 -0.0189054 -0.0561559
internal_weight=4653 3490 1163 751 654 97 3446 412 3416 300
internal_count=1695 1208 487 400 340 60 1191 87 1182 65
is_linear=0
shrinkage=0.03


Tree=117
num_leaves=9
num_cat=0
split_feature=96 66 31 42 138 42 24 90
split_gain=5414.3 3909.13 2988.32 3218.21 2786 2480.35 2474.88 1783.52
threshold=53.830200000000012 1010.6150000000001 5.6528682045250376 0.42807221169469672 1.0000000180025095e-35 0.28118870777052113 290.3162001647691 913.64400000000012
decision_type=2 2 2 2 2 2 2 2
left_child=1 4 3 -3 7 -6 -4 -1
right_child=-2 2 6 -5 5 -7 -8 -9
leaf_value=-0.089162432501894193 0.2830131025859865 0.14621077455646225 0.031897154986084281 -0.021715063833210566 0.46281939945501432 0.069945185957366929 -0.25251606883281885 -0.014926526166732427
leaf_weight=315 58 349 76 145 15.999999999999998 101 42 3737
leaf_count=111 22 147 34 70 16 101 18 1216
internal_value=-0.00261639 -0.00614054 0.0645975 0.0969704 -0.0165385 0.127164 -0.0705808 -0.0207189
internal_weight=4839 4781 612 494 4169 117 118 4052
internal_count=1735 1713 269 217 1444 117 52 1327
is_linear=0
shrinkage=0.03


Tree=118
num_leaves=10
num_cat=0
split_feature=96 78 101 95 94 11 4 12 75
split_gain=6661.09 4661.02 4834.83 4507.86 2695.39 2651.46 2651.31 2467.85 941.118
threshold=44.264100000000006 0.49134412211272999 0.19471350000000004 0.030051200000000004 0.38357800000000003 247.89500000000001 16.062465580462703 253.43216666666669 14.464500000000003
decision_type=2 2 2 2 2 2 2 2 2
left_child=1 2 -1 4 -2 -3 -4 -7 -5
right_child=3 5 6 8 -6 7 -8 -9 -10
leaf_value=0.41655473391034381 0.23788219257880899 0.18833517747176318 -0.24200952027673306 -0.092090548732063987 0.64450351428985597 -0.16647548997516229 0.11504071371840072 -0.014234629474832169 0.11067933386239139
leaf_weight=43 57 56 22 32 20 97 100 4362 54
leaf_count=17 25 20 10 15 15 28 45 1547 21
internal_value=-0.00266614 -0.00925035 0.146875 0.185263 0.350445 -0.0149879 0.0491861 -0.0175837 0.0350043
internal_weight=4843 4680 165 163 77 4515 122 4459 86
internal_count=1743 1667 72 76 40 1595 55 1575 36
is_linear=0
shrinkage=0.03


Tree=119
num_leaves=11
num_cat=0
split_feature=65 138 81 118 59 5 72 50 94 67
split_gain=4732.46 5114.6 3795.23 3460.18 3255.56 3091.29 2783.63 1778.82 1735.94 1519.3
threshold=1493.1900000000003 1.0000000180025095e-35 -2.0169999999999955 105.37357142857145 14.538100000000002 172.50258571428574 26.408100000000005 0.42485200000000006 0.17430900000000002 25.109700000000004
decision_type=2 2 2 10 2 2 2 2 2 2
left_child=1 2 -1 5 -3 8 -4 -5 -2 -7
right_child=3 4 6 7 -6 9 -8 -9 -10 -11
leaf_value=0.25959630961102598 -0.12816808333273591 0.60924920354224732 -0.15050700242552037 0.079335799432569937 0.070895642205288531 -0.3187529298825697 0.041887918801290731 0.44286571250643042 -0.010238896832557454 -0.067386762833595279
leaf_weight=67 115 23 72 30 18 43 931 20 3580 44
leaf_count=25 56 23 24 20 18 17 362 20 1168 18
internal_value=0.000979601 0.0554677 0.0426751 -0.0148275 0.380286 -0.0181336 0.0279378 0.230639 -0.0139437 -0.19387
internal_weight=4943 1111 1070 3832 41 3782 1003 50 3695 87
internal_count=1751 452 411 1299 41 1259 386 40 1224 35
is_linear=0
shrinkage=0.03


Tree=120
num_leaves=12
num_cat=0
split_feature=92 138 78 113 55 118 90 105 32 105 89
split_gain=5170.77 3972.79 3319.85 3666.16 2741.97 1888.33 1516.69 2139.78 1620.51 1129.83 840.478
threshold=0.00045790200001065819 1.0000000180025095e-35 0.45012427727886845 88.237000000000009 0.20423000000000002 90.154142857142872 1059.6500000000003 0.011898150000000001 36.714642857142863 0.071407800000000007 340.41550000000007
decision_type=2 2 2 10 2 10 2 2 2 2 2
left_child=1 2 3 -1 -4 -3 9 -8 -9 10 -2
right_child=6 5 4 -5 -6 -7 7 8 -10 -11 -12
leaf_value=0.012154743356907621 -0.097337940912016419 0.49508017833709717 0.075922686743828918 0.3801678615716787 -0.011537983820926788 0.12659698467595237 -0.2721903735440353 -0.020622877256465968 0.049934671160927327 0.061975211960928783 -0.30062271844288879
leaf_weight=46 43 24 570 51 741 27 28 2815 326 20 33
leaf_count=19 23 24 324 18 174 27 20 905 139 14 19
internal_value=0.0017384 0.0486722 0.0391296 0.207582 0.026515 0.306245 -0.019242 -0.015659 -0.0132853 -0.136109 -0.188403
internal_weight=4724 1459 1408 97 1311 51 3265 3169 3141 96 76
internal_count=1706 586 535 37 498 51 1120 1064 1044 56 42
is_linear=0
shrinkage=0.03


Tree=121
num_leaves=10
num_cat=0
split_feature=138 78 118 11 23 131 60 4 3
split_gain=4195.96 5136.65 3832.77 3225.92 3970.12 2699.65 2323.46 2150.94 665.059
threshold=1.0000000180025095e-35 0.69865450740526991 105.37357142857145 249.81350000000003 28.255611428571452 13.880436682296503 44.199350000000003 128.37008343263673 100.27543333333328
decision_type=2 2 10 2 2 8 2 2 2
left_child=2 -2 3 4 -1 -4 -3 -5 -8
right_child=1 6 5 7 -6 -7 8 -9 -10
leaf_value=-0.013301468552136028 0.67527172011137004 0.43301911224424838 0.42756978319921801 -0.012822778465702383 0.34458139848479852 0.044154034086981327 0.076143933379263784 0.16236173181049524 -0.13577279257401825
leaf_weight=60 14.999999999999998 14.999999999999998 30 4386 51 36 80 63 14.999999999999998
leaf_count=12 15 15 26 1452 22 26 80 28 15
internal_value=0.0016561 0.172468 -0.00299507 -0.006304 0.152713 0.222259 0.0984108 -0.0103055 0.0415864
internal_weight=4751 125 4626 4560 111 66 110 4449 95
internal_count=1691 125 1566 1514 34 52 110 1480 95
is_linear=0
shrinkage=0.03


Tree=122
num_leaves=8
num_cat=0
split_feature=96 82 115 20 138 111 64
split_gain=5369.51 4609.73 5934.65 2801.02 2734.34 3113.78 2337.9
threshold=53.830200000000012 772.01916666666398 78.01700000000001 -156.97849999999997 1.0000000180025095e-35 0.067674899869500024 407.14900000000006
decision_type=2 2 8 2 2 2 2
left_child=1 2 -1 -4 5 -3 -6
right_child=-2 4 3 -5 6 -7 -8
leaf_value=-0.14467741371603574 0.32013117042831751 -0.19536942618874939 -0.11451371899404024 0.27922673609056547 0.46846291349083186 -0.012016421580623306 0.077034741022054418
leaf_weight=50 45 84 18 130 14.999999999999998 4345 102
leaf_count=16 18 35 4 49 15 1529 102
internal_value=-0.00243139 -0.00555856 0.135771 0.230872 -0.0117433 -0.0155379 0.130788
internal_weight=4789 4744 198 148 4546 4429 117
internal_count=1768 1750 69 53 1681 1564 117
is_linear=0
shrinkage=0.03


Tree=123
num_leaves=14
num_cat=0
split_feature=64 91 108 128 80 94 14 6 133 66 66 63 96
split_gain=5291.56 4194.61 5235.24 3298.01 3290.73 3201.26 3383.69 2413.17 1922.64 1805.9 5123.84 1257.84 816.248
threshold=436.36400000000009 1011.0750000000002 1.0000000180025095e-35 161.50000000000003 4.4025500000000024 0.17743600000000001 247.90628571428573 86.353136666713866 13.678274365418586 1012.7050000000002 1010.4250000000001 3.4305300000000005 28.561350000000004
decision_type=2 2 2 8 2 2 2 2 8 2 2 2 2
left_child=1 5 4 -4 -3 8 -7 9 -1 10 -2 -11 -9
right_child=7 2 3 -5 -6 6 -8 12 -10 11 -12 -13 -14
leaf_value=-0.21425900976590706 -0.01765331455188154 -0.012661771098653714 0.080699730507182807 0.40742264134273298 0.26704672651874778 -0.45222709274291989 0.056048041455299631 -0.24809616686792477 -0.01885507321357727 0.13584520893096924 0.20586484208671671 -0.15800205971249218 -0.090472240215043215
leaf_weight=70 3251 166 43 81 48 10.999999999999998 691 45 126 13.999999999999998 94 115 89
leaf_count=29 1043 67 17 42 20 2 299 19 46 7 60 49 29
internal_value=-0.00206773 0.0514784 0.141396 0.2957 0.0510129 0.0175112 0.0474474 -0.0204211 -0.0893908 -0.0155796 -0.0113115 -0.125289 -0.144874
internal_weight=4844 1236 338 124 214 898 702 3608 196 3474 3345 129 134
internal_count=1729 522 146 59 87 376 301 1207 75 1159 1103 56 48
is_linear=0
shrinkage=0.03


Tree=124
num_leaves=10
num_cat=0
split_feature=72 138 12 14 70 124 65 72 88
split_gain=4227.43 4391.97 3773.68 4086.09 3062.53 2897.87 1840.94 1818.56 888.897
threshold=38.060100000000006 1.0000000180025095e-35 247.19733333333332 248.69857142857146 14.256650000000002 12.492774243014216 1326.1850000000002 28.528250000000003 2.7519400000000003
decision_type=2 2 2 2 2 8 2 2 2
left_child=1 4 -2 -4 8 -5 -6 -3 -1
right_child=2 7 3 5 6 -7 -8 -9 -10
leaf_value=0.032437114195390179 0.2406840909322103 0.65126720229317148 -0.28986693005866193 -0.22508978066877883 0.20690450146637462 -0.0059716079154238516 -0.0030375909303364001 0.20144536891109063 -0.17161197258056476
leaf_weight=32 53 15.999999999999998 46 54 113 4414 56 18 46
leaf_count=12 15 16 14 30 41 1552 21 18 18
internal_value=-0.00166029 0.111066 -0.00861961 -0.0116001 0.0661921 -0.0086703 0.137712 0.425772 -0.0885106
internal_weight=4848 281 4567 4514 247 4468 169 34 78
internal_count=1737 126 1611 1596 92 1582 62 34 30
is_linear=0
shrinkage=0.03


Tree=125
num_leaves=11
num_cat=0
split_feature=138 101 113 50 20 58 65 104 21 61
split_gain=4027.54 3899.22 2574.64 2566.97 2535.32 2428.24 1193.09 755.688 581.163 189.412
threshold=1.0000000180025095e-35 0.25470535714285719 24.367500000000003 0.26871992857142851 -238.90699999999995 16.662350000000004 1258.9950000000001 31.173864285714291 143.4582666666665 4.2539750000000005
decision_type=2 2 10 2 2 2 2 2 2 2
left_child=2 -2 3 8 -4 -6 -5 9 -1 -3
right_child=1 7 4 6 5 -7 -8 -9 -10 -11
leaf_value=-0.22296623651171663 0.47473395616241859 0.070953061207555804 -0.18115837698813991 0.13857208094994228 -0.18470219174184296 0.012783487322135488 -0.036977117858905145 0.23652459343842097 -0.040313019445964264 -0.019581627246737478
leaf_weight=82 27 51 63 35 56 3313 1109 20 20 34
leaf_count=53 27 51 26 31 21 1029 432 20 15 34
internal_value=-0.00288977 0.159901 -0.00751709 -0.0444361 0.00589464 0.00944613 -0.0314873 0.0752002 -0.18792 0.0348977
internal_weight=4810 132 4678 1246 3432 3369 1144 105 102 85
internal_count=1739 132 1607 531 1076 1050 463 105 68 85
is_linear=0
shrinkage=0.03


Tree=126
num_leaves=12
num_cat=0
split_feature=72 91 89 11 56 104 126 32 119 136 36
split_gain=5358.8 4091.93 3996.99 3352.12 3866.94 1939.81 1921.68 1513 2465.58 1848.69 1494.66
threshold=124.30600000000003 1008.8250000000002 818.30850000000021 276.24150000000003 0.047233500000000005 40.885342857142867 23.187735952048687 43.267699999999998 25.339889447329487 1.0000000180025095e-35 0.5363245000000002
decision_type=2 2 2 2 2 2 10 2 10 2 2
left_child=1 2 5 4 -3 -1 7 9 -9 -2 -5
right_child=6 3 -4 10 -6 -7 -8 8 -10 -11 -12
leaf_value=-0.0041469874256256992 -0.040587266700797701 0.074929303433767261 0.26915414151549338 -0.002880852179906585 0.24509235813306723 -0.1925125048690372 -0.21306651628794876 0.32074116142988202 -0.088932201445102693 0.0034898480783640941 -0.31236440198045029
leaf_weight=555 1860 351 45 54 183 53 45 29 23 1586 18
leaf_count=238 937 100 15 27 112 12 23 22 9 222 13
internal_value=-0.00150995 0.0516289 -0.00048977 0.107703 0.133598 -0.0208611 -0.0204029 -0.0178633 0.141224 -0.0203051 -0.0835119
internal_weight=4802 1259 653 606 534 608 3543 3498 52 3446 72
internal_count=1730 517 265 252 212 250 1213 1190 31 1159 40
is_linear=0
shrinkage=0.03


Tree=127
num_leaves=11
num_cat=0
split_feature=107 86 47 22 78 72 22 90 56 14
split_gain=3999.93 5571.58 4920.47 4849.57 3546.36 2802.52 2375.44 2272.14 2139.29 1586.89
threshold=0.73136292505298039 22.929950000000002 0.25574300000000005 249.27427614856768 0.35488862062273169 28.528250000000003 176.65282044886848 1628.9750000000001 0.065235500000000016 278.43850000000003
decision_type=2 2 2 2 2 2 2 2 2 2
left_child=5 2 3 -2 -4 -1 -3 9 -9 -7
right_child=1 6 4 -5 -6 7 -8 8 -10 -11
leaf_value=0.29091389460033834 0.073631793552613622 0.54352237129211423 0.25047459472580386 0.3628887396888299 -0.028281064847176803 -0.13608187197758706 0.13388833676851714 0.018590056231507425 -0.031110450138951369 -0.03041797109522789
leaf_weight=26 253 27 43 65 617 214 25 1570 1546 318
leaf_count=10 98 19 20 31 235 101 12 397 653 143
internal_value=0.00103568 0.0532542 0.0369758 0.133718 -0.00976372 -0.0136134 0.352882 -0.0158637 -0.0060699 -0.0731031
internal_weight=4704 1030 978 318 660 3674 52 3648 3116 532
internal_count=1719 415 384 129 255 1304 31 1294 1050 244
is_linear=0
shrinkage=0.03


Tree=128
num_leaves=8
num_cat=0
split_feature=96 40 78 128 104 0 68
split_gain=5182.12 4094.62 3967.45 4042.05 2406.15 2173.56 1816.08
threshold=47.327550000000009 0.16442946764025476 0.43189735527757073 163.50000000000003 43.372028571428579 237.42850000000001 1223.8450000000003
decision_type=2 2 2 10 2 2 2
left_child=2 -2 3 -1 5 -4 -3
right_child=1 6 4 -5 -6 -7 -8
leaf_value=-0.030686559366398171 0.45888386927048358 -0.038818804803884256 -0.012547360551309124 0.29453890331983562 0.19769202591391169 0.13400337753084396 0.21005424021774866
leaf_weight=60 35 52 4422 79 50 92 52
leaf_count=27 17 22 1548 29 26 45 23
internal_value=0.00296039 0.182824 -0.00239267 0.154916 -0.00721717 -0.00953082 0.0864046
internal_weight=4842 139 4703 139 4564 4514 104
internal_count=1737 62 1675 56 1619 1593 45
is_linear=0
shrinkage=0.03


Tree=129
num_leaves=9
num_cat=0
split_feature=0 125 77 31 139 33 128 96
split_gain=3374.7 3185.49 3063.84 3814.23 2672.76 2569.67 1593.25 1425.01
threshold=237.42850000000001 67.204478571428595 0.36582878560574017 1.7545963894812069 1.0000000180025095e-35 3.7640089175107785 171.50000000000003 31.016150000000003
decision_type=2 8 2 2 2 2 8 2
left_child=1 7 4 -4 -3 -2 -7 -1
right_child=5 2 3 -5 -6 6 -8 -9
leaf_value=-0.088502203047275546 0.28157089988887307 -0.014698406131380425 0.13908349917205795 0.007982515650944641 -0.22936458759972789 -0.044197485890067542 0.26206523326635356 -0.37921409562655856
leaf_weight=35 63 3501 262 831 52 64 19 27
leaf_count=20 19 1201 102 320 52 27 15 15
internal_value=-0.00284754 -0.00726626 -0.00439138 0.0395095 -0.0179047 0.138701 0.0281603 -0.21916
internal_weight=4854 4708 4646 1093 3553 146 83 62
internal_count=1771 1710 1675 422 1253 61 42 35
is_linear=0
shrinkage=0.03


Tree=130
num_leaves=7
num_cat=0
split_feature=11 96 65 138 59 84
split_gain=3326.73 3146.4 2708.77 2324.41 2551.35 1979.92
threshold=249.81350000000003 53.830200000000012 1446.1700000000003 1.0000000180025095e-35 14.863250000000003 237.29099999999997
decision_type=2 2 2 2 2 2
left_child=2 3 -1 5 -5 -2
right_child=1 -3 -4 4 -6 -7
leaf_value=0.3481814490760245 0.2741093453679766 0.23908520139853157 0.044154234004648109 0.31486159780392275 0.025424373266861797 -0.01787076788734316
leaf_weight=40 20 44 75 38 93 4564
leaf_count=15 8 20 28 38 93 1553
internal_value=-0.00671718 -0.0105848 0.152019 -0.0129655 0.111155 -0.0165367
internal_weight=4874 4759 115 4715 131 4584
internal_count=1755 1712 43 1692 131 1561
is_linear=0
shrinkage=0.03


Tree=131
num_leaves=7
num_cat=0
split_feature=96 58 115 31 46 90
split_gain=2535.6 2429.38 2520.47 2417.28 1942.64 1587.2
threshold=53.830200000000012 17.708100000000005 31.091500000000003 6.4925734315336001 0.28672850000000005 1352.5150000000001
decision_type=2 2 8 2 2 2
left_child=1 4 5 -4 -1 -3
right_child=-2 2 3 -5 -6 -7
leaf_value=-0.31846350119242794 0.21527021915572028 -0.16403559483876867 0.031687104133681525 -0.096935011560948831 -0.050046529608230063 -0.015891094483960862
leaf_weight=36 48 66 2173 139 72 2310
leaf_count=17 20 34 828 66 26 737
internal_value=0.000557658 -0.00163506 0.00161936 0.0239143 -0.141647 -0.0200748
internal_weight=4844 4796 4688 2312 108 2376
internal_count=1728 1708 1665 894 43 771
is_linear=0
shrinkage=0.03


Tree=132
num_leaves=10
num_cat=0
split_feature=132 45 132 97 125 109 72 104 85
split_gain=4849.4 5402.87 3836.14 3951.07 3283.85 1725.56 3535.69 2262.41 1386.43
threshold=168.61904761904765 0.091668750000000007 170.90000000000003 83.888000000000019 65.045428571428587 1.0000000180025095e-35 31.801700000000004 27.79926428571429 0.0083161597850066622
decision_type=8 2 8 2 8 2 2 2 2
left_child=4 -2 -3 -4 8 6 -6 -7 -1
right_child=1 2 3 -5 5 7 -8 -9 -10
leaf_value=-0.37450110372181594 1.6276616821289063 0.2729620125865283 0.031669408180688641 0.42323144165053955 0.24870890850490993 -0.0122545698147932 0.0030671224209135174 -0.097356134423164473 -0.099785252105444672
leaf_weight=28 0.999999999999999 72 702 23 53 1226 2257 364 41
leaf_count=15 1 26 349 21 18 406 747 127 23
internal_value=0.00216835 0.0696016 0.0656057 0.0446614 -0.011403 -0.00774481 0.00880954 -0.0317878 -0.215064
internal_weight=4767 798 797 725 3969 3900 2310 1590 69
internal_count=1733 397 396 370 1336 1298 765 533 38
is_linear=0
shrinkage=0.03


Tree=133
num_leaves=12
num_cat=0
split_feature=115 55 105 134 47 117 24 77 124 124 56
split_gain=3455.04 4080.72 5109.82 4369.57 4246.03 4051.42 3568.33 2781.71 2268.78 1572.78 1678.29
threshold=71.739500000000007 0.19302000000000002 0.031504350000000007 89.863045454545471 0.22890150000000004 9.6481323844517384 142.7635981823214 0.53012341221231074 12.492774243014216 40.493727757952435 0.065235500000000016
decision_type=8 2 2 10 2 8 2 2 8 8 2
left_child=8 2 3 -2 5 -3 -6 -4 -1 -10 -11
right_child=1 4 7 -5 6 -7 -8 -9 9 10 -12
leaf_value=-0.21063454048275945 0.11854252214151985 0.42049242800932662 -0.026659458493683369 0.42645696249725046 0.099582285125127845 0.043638577826611409 -0.077864501269732378 0.28026115505397314 0.16909122746785482 0.0087969712620209299 -0.031758939235350642
leaf_weight=49 97 38 156 73 139 76 375 31 44 2053 1660
leaf_count=27 76 15 119 56 52 27 107 20 23 510 696
internal_value=0.00308544 0.0531345 0.133969 0.252503 0.00703791 0.171847 -0.0297719 0.0254246 -0.00987713 -0.00720264 -0.00933754
internal_weight=4791 985 357 170 628 114 514 187 3806 3757 3713
internal_count=1728 472 271 132 201 42 159 139 1256 1229 1206
is_linear=0
shrinkage=0.03


Tree=134
num_leaves=10
num_cat=0
split_feature=96 96 14 37 50 1 63 108 136
split_gain=3620.98 2917.56 3493.25 3006.36 2075.69 1819.55 1158.97 1104.93 1079.41
threshold=20.739800000000006 48.402150000000006 247.90628571428573 -0.44637049999999995 0.21051458571428575 68.160150000000016 2.5987400000000007 -0.60785761079279388 1.0000000180025095e-35
decision_type=2 2 2 2 2 2 2 2 2
left_child=4 2 -2 -4 -1 -3 -6 -7 -8
right_child=1 5 3 -5 6 7 8 -9 -10
leaf_value=-0.22255871659742499 -0.29210302246318143 -0.013413273933955602 -0.12201954787589132 0.019548250369812864 0.13125627255842492 0.13543080420345066 -0.061667572292159925 0.37172730676333104 -0.006046553589206821
leaf_weight=54 33 34 140 3178 36 39 773 35 529
leaf_count=26 10 16 58 1097 17 13 419 18 77
internal_value=-0.00102742 0.0154146 0.010442 0.0135391 -0.0418684 0.168165 -0.0344129 0.250699 -0.0390931
internal_weight=4851 3459 3351 3318 1392 108 1338 74 1302
internal_count=1751 1212 1165 1155 539 47 513 31 496
is_linear=0
shrinkage=0.03


Tree=135
num_leaves=9
num_cat=0
split_feature=138 96 105 72 82 33 71 3
split_gain=2619.99 3793.81 2067.07 3290.97 2136.52 2012.38 1144.07 788.884
threshold=1.0000000180025095e-35 35.651850000000003 0.0064622000000000004 25.763850000000001 550.15916666666806 3.7852520971331125 23.226150000000004 79.878499999999988
decision_type=2 2 2 2 2 2 2 2
left_child=2 6 5 -4 -5 -1 -2 -8
right_child=1 -3 3 4 -6 -7 7 -9
leaf_value=-0.21886402219031004 0.25980377833396195 0.48773236049034374 0.20719687354748062 0.17467587076990226 -0.010179596487049048 0.029524245607092024 0.050831988428165588 -0.17579669325491962
leaf_weight=79 19 21 64 56 4402 46 73 15.999999999999998
leaf_count=26 19 21 27 16 1513 22 73 16
internal_value=-0.0043556 0.128479 -0.00807055 -0.00472926 -0.00781817 -0.127924 0.0547624 0.00855582
internal_weight=4776 129 4647 4522 4458 125 108 89
internal_count=1733 129 1604 1556 1529 48 108 89
is_linear=0
shrinkage=0.03


Tree=136
num_leaves=8
num_cat=0
split_feature=121 78 84 92 102 85 14
split_gain=3704.38 2888.89 4155.92 2458.93 2303.39 3937.9 2928.25
threshold=76.602500000000006 0.58132862733518365 284.26749999999998 0.10883709999998581 50.400250000000007 1.0000000180025095e-35 247.90628571428573
decision_type=10 2 2 2 2 2 2
left_child=1 2 -1 -4 6 -6 -3
right_child=-2 4 3 -5 5 -7 -8
leaf_value=0.4174047161532986 -0.24888144991132949 -0.32541708073249226 0.08935887518831391 -0.14497323090594727 0.0085780372836373065 0.51004341367312833 -0.0060854683183136273
leaf_weight=30 53 25 252 47 43 20 4348
leaf_count=12 27 7 99 22 19 16 1553
internal_value=-0.00180248 0.000996732 0.0866322 0.0521536 -0.00537192 0.173302 -0.00798572
internal_weight=4818 4765 329 299 4436 63 4373
internal_count=1755 1728 133 121 1595 35 1560
is_linear=0
shrinkage=0.03


Tree=137
num_leaves=11
num_cat=0
split_feature=32 14 94 33 4 83 119 10 65 67
split_gain=3049.99 4363.49 4029.34 3244.66 2696.46 2591.29 2427.35 2107.11 1440.2 1427.26
threshold=37.372721428571431 247.90628571428573 0.18673450000000005 4.5689881281851621 64.535243365299934 2.7949866666666652 15.947402097593644 252.07400000000004 380.57400000000001 32.159700000000008
decision_type=2 2 2 2 2 2 10 2 2 2
left_child=2 -2 6 4 -3 -5 8 -4 -1 -9
right_child=1 3 7 5 -6 -7 -8 9 -10 -11
leaf_value=0.32024064445495609 -0.31612416067123406 0.068095809375992356 0.18063352677563449 0.13753019450198517 0.23884498635295662 -0.043044890376285727 -0.28732055741637497 -0.026179763634002703 -0.092496881787240859 0.011979020637439464
leaf_weight=6.9999999999999991 29 535 52 87 98 381 66 2068 168 1537
leaf_count=3 7 206 17 42 49 173 21 753 78 445
internal_value=-0.00241844 0.0409556 -0.0150003 0.050642 0.0948707 -0.00924838 -0.133556 -0.00715217 -0.0742446 -0.00991104
internal_weight=5028 1130 3898 1101 633 468 241 3657 175 3605
internal_count=1794 477 1317 470 255 215 102 1215 81 1198
is_linear=0
shrinkage=0.03


Tree=138
num_leaves=10
num_cat=0
split_feature=91 32 69 75 111 118 0 11 24
split_gain=3413.11 3157.59 3434.15 2576.66 2472 1928.79 3003.18 1454 649.249
threshold=1011.2450000000001 46.079900000000009 7.5391100000000009 16.850500000000004 0.067674899869500024 106.1802142857143 98.142800000000008 250.66300000000004 162.72657098386051
decision_type=2 2 2 2 2 8 2 2 2
left_child=4 2 3 -2 8 7 -7 -6 -1
right_child=1 -3 -4 -5 5 6 -8 -9 -10
leaf_value=-0.046250335292816157 0.15031452268441184 -0.17703097458583553 -0.14123804461226172 -0.077286923217422823 0.13577388609945773 0.021856604501258498 0.30700371059750514 -0.0083505684873179404 -0.23853545291662215
leaf_weight=24 385 40 48 50 63 128 44 4025 49
leaf_count=11 168 23 25 30 23 108 41 1291 21
internal_value=0.00381174 0.0761295 0.0974238 0.124029 -0.00493198 -0.00194466 0.0961715 -0.00609608 -0.176838
internal_weight=4856 523 483 435 4333 4260 172 4088 73
internal_count=1741 246 223 198 1495 1463 149 1314 32
is_linear=0
shrinkage=0.03


Tree=139
num_leaves=11
num_cat=0
split_feature=72 29 78 95 20 64 12 1 53 57
split_gain=3221.31 3485.61 2645.29 2504.91 2506.21 2381.74 2320.76 2133.52 1534.19 1498.61
threshold=47.758800000000008 35.129750000000008 0.49134412211272999 0.011073400000000002 192.35950000000003 298.50550000000004 247.19733333333332 117.66300000000003 0.99318150000000005 75.366500000000016
decision_type=2 2 2 2 2 2 2 2 2 2
left_child=1 5 7 -3 -5 -1 -4 -2 -7 -8
right_child=2 3 6 4 -6 8 9 -9 -10 -11
leaf_value=-0.25089673812765823 0.0071485336446762086 -0.091867130217583554 0.18940790943889055 0.21576044345977832 -0.026545621711760756 -0.064303531485021506 -0.010127985016280937 0.2887707571648061 0.18811011091641019 -0.091750743107056942
leaf_weight=37 49 37 50 204 47 56 4102 47 34 212
leaf_count=13 27 21 14 78 19 29 1416 24 15 60
internal_value=-0.00089614 0.0789453 -0.00834203 0.136539 0.170451 -0.0516838 -0.0117842 0.146613 0.032039 -0.0141601
internal_weight=4875 415 4460 288 251 127 4364 96 90 4314
internal_count=1716 175 1541 118 97 57 1490 51 44 1476
is_linear=0
shrinkage=0.03


Tree=140
num_leaves=8
num_cat=0
split_feature=78 92 75 96 132 90 22
split_gain=3904.07 2920.4 2798.51 2398.62 3569.8 1957.15 1432.11
threshold=0.45012427727886845 0.0092037100000071075 8.327200000000003 26.643050000000006 195.85714285714289 1126.9050000000004 171.44919430086776
decision_type=2 2 2 2 8 2 2
left_child=1 6 -2 5 -5 -4 -1
right_child=2 -3 3 4 -6 -7 -8
leaf_value=0.34648966771677914 -0.20785320537777269 -0.019858742214360479 -0.090181826504928411 0.021781282372204332 0.24315993383267651 -0.0070946992361698444 0.11324240771477873
leaf_weight=56 58 58 280 1323 68 2778 43
leaf_count=28 24 28 115 461 63 986 21
internal_value=0.002541 0.14912 -0.00259631 0.000124987 0.0327726 -0.0147304 0.247356
internal_weight=4664 157 4507 4449 1391 3058 99
internal_count=1726 77 1649 1625 524 1101 49
is_linear=0
shrinkage=0.03


Tree=141
num_leaves=8
num_cat=0
split_feature=114 118 111 65 104 90 51
split_gain=2646.72 3821.68 2947.67 2366.74 3391.3 2406.92 1706.92
threshold=133.68000000000004 105.37357142857145 0.17398929124500001 1523.5650000000003 33.221950000000014 1352.5150000000001 0.12821616103984476
decision_type=10 10 2 2 2 2 2
left_child=1 3 6 4 -1 -5 -3
right_child=-2 2 -4 5 -6 -7 -8
leaf_value=0.07657374499695542 -0.207088004959257 -0.053201343363698785 0.47622529581069939 -0.088906906008476116 -0.041896896897837876 -0.0078341678666596099 0.29669794914722442
leaf_weight=645 56 33 24 365 327 3316 19
leaf_count=296 26 22 21 142 107 1087 19
internal_value=-0.00388167 -0.00143143 0.208192 -0.00489996 0.0367127 -0.0158959 0.0777757
internal_weight=4785 4729 76 4653 972 3681 52
internal_count=1720 1694 62 1632 403 1229 41
is_linear=0
shrinkage=0.03


Tree=142
num_leaves=9
num_cat=0
split_feature=72 20 26 128 96 118 62 114
split_gain=3236.61 4933.57 2571.89 2533.58 2564.06 3765.75 1629.12 1264.82
threshold=31.801700000000004 189.25000000000003 0.99999000000000005 209.50000000000003 27.485500000000005 102.45128571428573 -3.3029349999999997 74.044000000000011
decision_type=2 2 2 10 2 8 2 8
left_child=1 2 -1 4 6 -6 -2 -4
right_child=3 -3 7 -5 5 -7 -8 -9
leaf_value=0.0082027776241302489 0.1963442476175048 -0.10765260650609669 0.18881667721789813 -0.22366904026399487 0.019147159794626358 0.19008533399586491 -0.015492708976316886 0.41697858136770671
leaf_weight=35 32 56 45 45 1080 129 3321 48
leaf_count=16 13 18 15 24 363 87 1158 23
internal_value=0.00279958 0.125836 0.228053 -0.00213998 9.30866e-05 0.0375307 -0.0134122 0.309793
internal_weight=4791 184 128 4607 4562 1209 3353 93
internal_count=1717 72 54 1645 1621 450 1171 38
is_linear=0
shrinkage=0.03


Tree=143
num_leaves=7
num_cat=0
split_feature=96 122 77 50 9 133
split_gain=3127.89 2905.48 2780.03 3079.34 2852.71 2059.16
threshold=53.830200000000012 59.635500000000008 0.52447813894419359 0.2358723571428572 252.02450000000002 16.316798790415934
decision_type=2 10 2 2 2 10
left_child=1 2 4 -4 -1 -3
right_child=-2 5 3 -5 -6 -7
leaf_value=-0.20118692908287047 0.23038259840011593 -0.36182305804420917 0.24052234759538069 0.031420238607615079 -0.007919695403677561 -0.042939587834631886
leaf_weight=69 51 33 68 787 3822 40
leaf_count=20 22 17 35 298 1340 20
internal_value=-0.00104445 -0.00354158 -0.000632376 0.0483156 -0.0113985 -0.190074
internal_weight=4870 4819 4746 855 3891 73
internal_count=1752 1730 1693 333 1360 37
is_linear=0
shrinkage=0.03


Tree=144
num_leaves=13
num_cat=0
split_feature=138 69 42 64 109 94 113 13 95 119 13 33
split_gain=3124.01 3346.48 2311.59 2028.33 3030.06 2093.68 1993.85 1746.06 1010.21 952.072 873.935 248.531
threshold=1.0000000180025095e-35 4.1774050000000011 0.20737642744006377 289.53000000000003 1.0000000180025095e-35 0.28996100000000008 30.103500000000004 1.9756500718315875 0.038360200000000004 18.231511459072671 2.5524028633268694 2.2947017989095824
decision_type=2 2 2 2 2 2 10 2 2 8 2 2
left_child=2 -2 6 4 -4 -5 10 -8 9 -3 -1 -10
right_child=1 8 3 5 -6 -7 7 -9 11 -11 -12 -13
leaf_value=-0.15050116166418245 0.47602667451700698 0.36715071626270518 0.21194005172340957 -0.062206718608954818 -0.093482440939416059 -0.0086510911539453873 0.1814645757288546 0.042447876434158351 0.056986427716678015 0.050562572516893077 0.031781767857926232 -0.048156105456820551
leaf_weight=54 21 15.999999999999998 80 837 45 3044 110 308 47 18 41 34
leaf_count=30 21 16 37 352 21 939 44 110 47 18 25 34
internal_value=-0.00441407 0.136721 -0.00869151 -0.0163733 0.102095 -0.020215 0.0512047 0.0793842 0.071165 0.205864 -0.0722889 0.0127669
internal_weight=4655 136 4519 4006 125 3881 513 418 115 34 95 81
internal_count=1694 136 1558 1349 58 1291 209 154 115 34 55 81
is_linear=0
shrinkage=0.03


Tree=145
num_leaves=7
num_cat=0
split_feature=102 41 30 138 72 22
split_gain=2967.84 4652.81 2911.97 2328.79 4719.41 2318.2
threshold=50.400250000000007 0.54416084285714306 46.590450000000011 1.0000000180025095e-35 28.528250000000003 235.29277157732707
decision_type=2 2 2 2 2 2
left_child=2 -2 3 5 -5 -1
right_child=1 -3 -4 4 -6 -7
leaf_value=-0.012163755451585819 0.38939495096650228 -0.094715052481620543 -0.24939261227430295 0.59163677030451156 0.052473582361903151 0.055711180400447993
leaf_weight=4172 42 30 42 15.999999999999998 106 507
leaf_count=1355 27 13 25 16 106 243
internal_value=-0.000751757 0.189107 -0.00361343 -0.0014112 0.127443 -0.00479809
internal_weight=4915 72 4843 4801 122 4679
internal_count=1785 40 1745 1720 122 1598
is_linear=0
shrinkage=0.03


Tree=146
num_leaves=9
num_cat=0
split_feature=31 4 66 47 67 128 63 24
split_gain=2477.81 4282.38 2929.45 4960.24 2101.49 1866.46 1389.33 1279.83
threshold=6.4925734315336001 117.63174973584269 1010.4250000000001 0.25449900000000003 32.193700000000007 158.50000000000003 3.6742150000000007 220.40334980528689
decision_type=2 2 2 2 2 10 2 2
left_child=1 2 4 -4 -1 6 -2 -7
right_child=5 -3 3 -5 -6 7 -8 -9
leaf_value=-0.023028026378887612 0.14100959021729581 0.29571540268802121 0.20227265064495839 0.010260246521179323 0.021733268144264455 -0.095064771902370962 -0.12464124630351324 -0.32868464547977216
leaf_weight=2289 33 45 172 404 1605 46 36 40
leaf_count=869 23 23 69 180 471 19 18 18
internal_value=0.00367361 0.00773404 0.00476874 0.0678537 -0.00457704 -0.113875 0.00256571 -0.206289
internal_weight=4670 4515 4470 576 3894 155 69 86
internal_count=1690 1612 1589 249 1340 78 41 37
is_linear=0
shrinkage=0.03


Tree=147
num_leaves=13
num_cat=0
split_feature=32 97 77 124 119 94 73 56 32 27 90 75
split_gain=2444.7 3916.01 4593.14 2819.03 2994.4 2377.67 2739.21 1957.99 1610.21 1537.71 1220.33 971.061
threshold=37.422264285714284 72.239400000000018 0.60422875244188978 13.874494850101094 23.003851259492496 0.18673450000000005 26.896900000000006 0.065235500000000016 32.392114285714293 38.024400000000007 1864.0400000000002 21.952000000000002
decision_type=2 2 2 8 8 2 2 2 2 2 2 2
left_child=5 3 10 -2 -5 6 -1 8 -7 -8 -3 -9
right_child=1 2 -4 4 -6 7 9 11 -10 -11 -12 -13
leaf_value=0.38785409660339354 -0.214084483192064 -0.058561429959077101 0.60440216096069499 0.079023564349146883 -0.028584471310888017 0.066037221217368325 -0.076991313107078893 -0.077924144442449314 -0.00078296740927672869 -0.25082360047981389 0.25393779883012174 -0.019179623820878407
leaf_weight=8.9999999999999982 42 25 22 558 398 419 191 319 1428 60 19 1221
leaf_count=3 22 16 15 228 160 105 84 209 382 20 14 438
internal_value=-0.00147405 0.0385143 0.260558 0.0235809 0.0342382 -0.0131487 -0.100399 -0.00642251 0.0144014 -0.119387 0.0789591 -0.0313927
internal_weight=4711 1064 66 998 956 3647 260 3387 1847 251 44 1540
internal_count=1696 455 45 410 388 1241 107 1134 487 104 30 647
is_linear=0
shrinkage=0.03


Tree=148
num_leaves=7
num_cat=0
split_feature=0 131 78 107 128 37
split_gain=3109.95 2578.59 2543.89 3059.82 2365.4 1685.51
threshold=237.42850000000001 9.6436507609929851 0.35488862062273169 0.99530134160901229 163.50000000000003 -0.53674399999999989
decision_type=2 10 2 2 10 2
left_child=2 -2 4 5 -1 -4
right_child=1 -3 3 -5 -6 -7
leaf_value=-0.0020251927388750986 0.029358014736324548 0.3218034014999866 -0.074905931921085189 -0.20035325329556855 0.30378529967432433 0.00022677771464207319
leaf_weight=45 63 47 286 72 45 4220
leaf_count=22 23 26 125 29 21 1485
internal_value=-0.000827395 0.156112 -0.00455892 -0.00767997 0.152505 -0.00455686
internal_weight=4778 110 4668 4578 90 4506
internal_count=1731 49 1682 1639 43 1610
is_linear=0
shrinkage=0.03


Tree=149
num_leaves=9
num_cat=0
split_feature=12 114 132 56 104 132 71 81
split_gain=2654.5 2453.83 2583.84 2393.56 2269.24 1628.52 1095.36 461.999
threshold=250.10216666666665 130.03500000000003 185.92857142857147 0.049582500000000009 40.885342857142867 188.21428571428575 32.419500000000006 0.773499999999956
decision_type=2 10 10 2 2 10 2 2
left_child=6 2 4 -4 -2 -3 -1 -8
right_child=1 5 3 -5 -6 -7 7 -9
leaf_value=0.013297564923763274 0.0022483239566971299 -0.33203825746883042 0.055871557671915401 0.38480075224103594 -0.14225735870718956 -0.020093932310697331 0.11772841053423674 0.25591197961690471
leaf_weight=47 4451 32 65 28 99 28 45 48
leaf_count=15 1606 10 35 26 31 23 13 18
internal_value=0.00365195 -0.000192695 0.00228974 0.157976 -0.000925774 -0.189229 0.131911 0.191045
internal_weight=4843 4703 4643 93 4550 60 140 93
internal_count=1777 1731 1698 61 1637 33 46 31
is_linear=0
shrinkage=0.03


Tree=150
num_leaves=10
num_cat=0
split_feature=138 96 5 84 117 66 77 105 24
split_gain=3205.15 3229.22 2734.04 2445.54 1871.57 2767.6 1694.23 964.486 576.471
threshold=1.0000000180025095e-35 35.651850000000003 187.4395785714286 415.75550000000027 32.969768699915257 1010.8700000000001 0.75168206657794523 0.014711550000000002 129.68220142758096
decision_type=2 2 2 2 8 2 2 2 2
left_child=2 7 4 -4 5 -1 -6 -2 -9
right_child=1 -3 3 -5 6 -7 -8 8 -10
leaf_value=-0.011843546290180052 0.29086251926422119 0.45802647458575663 0.40171263925092554 -0.01502954351902008 -0.049697046636761007 0.063664793290811164 -0.259638468281428 0.072015305350933756 -0.11530124420238039
leaf_weight=3898 14.999999999999998 23 27 23 153 491 44 83 17
leaf_count=1215 15 23 21 13 96 207 18 83 17
internal_value=-0.000770982 0.141175 -0.00502647 0.213417 -0.00745476 -0.00338312 -0.0976772 0.0743764 0.0393155
internal_weight=4774 138 4636 50 4586 4389 197 115 100
internal_count=1708 138 1570 34 1536 1422 114 115 100
is_linear=0
shrinkage=0.03


Tree=151
num_leaves=9
num_cat=0
split_feature=126 64 6 105 14 70 112 83
split_gain=3063.92 2758.28 3013.52 2609.02 2445.09 1718.52 1534.96 883.18
threshold=22.657040213820864 423.17900000000003 62.58243329327464 0.0076809550000000006 247.90628571428573 12.546100000000001 0.058888339617600011 3.3742050000000012
decision_type=10 2 2 2 2 2 2 2
left_child=1 2 4 -4 -1 -3 -7 -2
right_child=7 5 3 -5 -6 6 -8 -9
leaf_value=-0.39536591544518102 -0.070412754593356969 -0.18445220741804907 -0.21876275900790568 0.14542163058503677 0.019222528157273558 0.38225640307366848 -0.010037311998904241 -0.2878091779162244
leaf_weight=11.999999999999998 30 50 18 284 845 7.9999999999999991 3491 40
leaf_count=3 15 18 11 121 340 7 1180 22
internal_value=-0.00137996 0.00156894 0.0417312 0.123055 0.0129598 -0.0115541 -0.00903057 -0.196986
internal_weight=4778 4708 1159 302 857 3549 3499 70
internal_count=1717 1680 475 132 343 1205 1187 37
is_linear=0
shrinkage=0.03


Tree=152
num_leaves=13
num_cat=0
split_feature=92 78 107 107 81 78 112 96 73 56 101 112
split_gain=2517.52 3285.72 2504 3965.81 3210.06 1526.16 1501.4 1379.28 1261.65 1158.78 662.792 321.652
threshold=0.00045790200001065819 0.45012427727886845 0.97648852793709995 0.92843842216862604 0.21250000000003413 0.53075993927071485 0.12192826450800003 13.822250000000002 106.53300000000002 0.065235500000000016 0.22030078571428577 0.20692024624200003
decision_type=2 2 2 2 2 2 2 2 2 2 2 2
left_child=1 6 3 -3 -4 8 -1 11 -2 -9 -8 -7
right_child=5 2 4 -5 -6 7 10 9 -10 -11 -12 -13
leaf_value=0.014348592238179568 -0.25993288247614371 0.016401154326577235 -0.20997985790471235 0.18469764885491335 0.028107795408216573 -0.21666372069068576 0.38814863047106507 0.010153846291793918 -0.027830738724271456 -0.026038989632684435 0.19013136499268665 -0.087830557700623285
leaf_weight=28 40 965 89 144 117 22 28 1608 44 1575 41 88
leaf_count=13 16 392 30 60 45 15 12 413 24 643 18 38
internal_value=-0.000564213 0.0330595 0.0205518 0.0384033 -0.0752583 -0.0146296 0.200652 -0.0113853 -0.140149 -0.00775657 0.274926 -0.115344
internal_weight=4789 1412 1315 1109 206 3377 97 3293 84 3183 69 110
internal_count=1719 570 527 452 75 1149 43 1109 40 1056 30 53
is_linear=0
shrinkage=0.03


Tree=153
num_leaves=8
num_cat=0
split_feature=94 138 87 12 31 113 78
split_gain=1926.36 1940.65 2594.98 1656.21 1544.63 1196.4 497.497
threshold=0.11042850000000001 1.0000000180025095e-35 48.517950000000006 250.10216666666665 4.114578912478291 92.350500000000025 0.95732627826125183
decision_type=2 2 2 2 2 8 2
left_child=-1 3 -3 5 -5 -2 -4
right_child=1 2 6 4 -6 -7 -8
leaf_value=-0.2321527308577841 0.23991199765554286 0.38799268609911197 0.11560655459389091 -0.0012857980515886182 -0.054362704444582029 0.028304875385761256 -0.017397477743526298
leaf_weight=32 40 24 47 3852 565 59 53
leaf_count=19 14 24 47 1270 262 21 53
internal_value=-0.00375291 -0.00212741 0.114476 -0.00535439 -0.00808657 0.115377 0.0456104
internal_weight=4672 4640 124 4516 4417 99 100
internal_count=1710 1691 124 1567 1532 35 100
is_linear=0
shrinkage=0.03


Tree=154
num_leaves=12
num_cat=0
split_feature=64 11 15 105 105 6 114 55 111 30 19
split_gain=2235.22 4104.14 3968.01 2759.79 2227.57 1631.65 1947.59 2087.18 1644.2 1115.91 748.436
threshold=407.14900000000006 250.66300000000004 7.2980496735991069 0.0071805200000000001 0.068237650000000011 86.353136666713866 108.56000000000002 0.20347000000000001 0.078751028126000017 39.131916666666676 9.9673000000000016
decision_type=2 2 2 2 2 2 10 2 2 2 2
left_child=1 -1 3 -3 -4 6 8 -8 -2 10 -7
right_child=5 2 4 -5 -6 9 7 -9 -10 -11 -12
leaf_value=0.28762855941908699 -0.14604423811921366 -0.10583254348421559 -0.32029065843025845 0.059536867230184802 0.051590915273536334 0.041697131369172066 0.27610170036825266 0.0057879725708847949 -0.0092859960803669851 -0.24310110425949094 -0.12734892701676914
leaf_weight=55 80 102 44 771 21 40 43 62 3432 41 55
leaf_count=21 34 38 30 316 17 12 33 17 1160 23 19
internal_value=-0.00188196 0.0381195 0.0231956 0.0401129 -0.201138 -0.012474 -0.00862142 0.118077 -0.0124428 -0.114104 -0.0564475
internal_weight=4746 993 938 873 65 3753 3617 105 3512 136 95
internal_count=1720 422 401 354 47 1298 1244 50 1194 54 31
is_linear=0
shrinkage=0.03


Tree=155
num_leaves=10
num_cat=0
split_feature=138 87 95 23 24 37 1 78 97
split_gain=2068.09 2556.05 2267.91 2218.41 2130.16 1802.87 1304.88 554.826 239.779
threshold=1.0000000180025095e-35 50.343200000000003 0.0059178000000000017 255.32489285714288 314.27721262836263 -0.34724699999999992 114.01900000000002 0.93579460744080123 43.581550000000007
decision_type=2 2 2 2 2 2 2 2 2
left_child=2 -2 6 5 -5 -4 -1 -3 -9
right_child=1 7 3 4 -6 -7 -8 8 -10
leaf_value=-0.29026236423688967 0.37342251272499555 0.15284574377022941 -0.069054372965304325 0.31515793195661779 0.047086681359219104 0.00070547968985753878 -0.056619597752888995 -0.098775821268558509 0.030376209280737063
leaf_weight=36 27 28 362 35 105 4091 53 17 45
leaf_count=19 27 28 130 26 50 1343 17 17 45
internal_value=-0.0010674 0.122972 -0.0041933 -0.00126993 0.115886 -0.0049791 -0.153335 0.044526 -0.00599459
internal_weight=4799 117 4682 4593 140 4453 89 90 62
internal_count=1702 117 1585 1549 76 1473 36 90 62
is_linear=0
shrinkage=0.03


Tree=156
num_leaves=12
num_cat=0
split_feature=119 107 32 14 67 122 32 38 79 102 105
split_gain=2895.5 5484.94 3387.78 2191.81 2173.43 2148.78 2256.52 2016.77 1862.66 1470.2 505.741
threshold=31.651792539207211 0.76002003530985496 40.672114285714294 247.90628571428573 31.481500000000004 34.276000000000003 37.422264285714284 0.42496500000000009 8.8039000000000023 29.625800000000002 0.094809450000000003
decision_type=8 2 2 2 2 10 2 2 2 2 2
left_child=3 4 8 -1 10 6 -5 -7 -3 -6 -2
right_child=1 2 -4 5 9 7 -8 -9 -10 -11 -12
leaf_value=-0.25091239652037617 -0.19345828217804431 0.26461004700232293 0.57800550220323643 -0.0087933916769157312 0.0039046576887369158 -0.25712777894203148 0.04768417240490834 0.040231955506584857 -0.0097981423131057194 0.28252074036002162 -0.024625678997039793
leaf_weight=31 49 63 22 3588 59 55 773 32 34 23 24
leaf_count=8 38 39 17 1154 46 30 301 16 19 14 18
internal_value=0.00228372 0.0967726 0.249052 -0.00351621 -0.0209665 -0.00173532 0.00122537 -0.148506 0.169277 0.0845515 -0.139075
internal_weight=4753 274 119 4479 155 4448 4361 87 97 82 73
internal_count=1700 191 75 1509 116 1501 1455 46 58 60 56
is_linear=0
shrinkage=0.03


Tree=157
num_leaves=7
num_cat=0
split_feature=120 11 114 114 133 81
split_gain=2058.09 1750.86 2006.68 1686.59 1499.61 1466.51
threshold=55.806500000000007 249.18000000000004 130.03500000000003 116.59500000000001 20.935725972916089 0.773499999999956
decision_type=10 2 10 10 10 2
left_child=1 5 3 -3 -2 -1
right_child=4 2 -4 -5 -6 -7
leaf_value=0.013659158615571147 -0.31998836092795097 -0.0034465256393455168 -0.18386496004408054 0.17348931135206805 -0.043569830575654667 0.24522611802182295
leaf_weight=52 30 4624 54 48 42 46
leaf_count=19 15 1635 23 20 22 17
internal_value=-0.00349099 -0.00109766 -0.00371309 -0.00159131 -0.161591 0.123763
internal_weight=4896 4824 4726 4672 72 98
internal_count=1751 1714 1678 1655 37 36
is_linear=0
shrinkage=0.03


Tree=158
num_leaves=10
num_cat=0
split_feature=96 40 96 4 118 119 5 84 119
split_gain=2487.5 3140.69 1741.88 1953.5 1933.02 1682.85 1601.92 1177.03 594.133
threshold=47.327550000000009 0.19672246218233461 19.619850000000003 128.37008343263673 118.11191666666669 16.64124077324583 140.34680714285716 247.56583333333316 27.713461585681078
decision_type=2 2 2 2 8 8 2 2 8
left_child=2 -2 5 4 -4 7 -3 -1 -7
right_child=1 6 3 -5 -6 8 -8 -9 -10
leaf_value=0.48912745285034182 0.35718453523745902 0.15784128435999153 0.00077810437858634094 0.20168458690073177 0.12327182467877863 -0.25048065086511462 -0.11420464934800802 -0.026551907604389986 -0.087255957157351072
leaf_weight=2.9999999999999991 38 39 3433 45 119 38 37 1082 45
leaf_count=1 20 20 1152 20 105 23 12 387 38
internal_value=0.000423661 0.138296 -0.00290256 0.00743416 0.0049163 -0.0347175 0.0255958 -0.0246742 -0.164113
internal_weight=4879 114 4765 3597 3552 1168 76 1085 83
internal_count=1778 52 1726 1277 1257 449 32 388 61
is_linear=0
shrinkage=0.03


Tree=159
num_leaves=7
num_cat=0
split_feature=96 20 82 91 134 31
split_gain=2491.86 1618.3 2173.44 3723.63 2662.48 2104.35
threshold=53.830200000000012 -238.90699999999995 772.01916666666398 1010.6850000000001 70.799350000000018 2.1432140269696749
decision_type=2 2 2 2 8 2
left_child=1 5 3 -3 -4 -1
right_child=-2 2 4 -5 -6 -7
leaf_value=0.055491745620160488 0.2028070393743423 -0.060114518421036857 0.0026949093304246747 0.21548048703830974 -0.059676359332147655 -0.23067483727137247
leaf_weight=36 51 76 3750 103 736 62
leaf_count=24 22 25 1266 45 322 21
internal_value=-0.00374228 -0.00599665 -0.00344808 0.0987675 -0.00754844 -0.126023
internal_weight=4814 4763 4665 179 4486 98
internal_count=1725 1703 1658 70 1588 45
is_linear=0
shrinkage=0.03


Tree=160
num_leaves=13
num_cat=0
split_feature=96 31 91 63 132 50 133 100 87 68 96 85
split_gain=2554.96 2499.73 3971.94 3175.19 2347.02 2342.09 1796 1522.63 1308.47 879.009 1255.49 612.855
threshold=19.619850000000003 4.1905410139820285 1011.7250000000001 3.7505350000000006 185.69047619047623 0.23333030000000007 14.918428865990153 0.20600650000000012 45.921900000000008 1228.8300000000002 14.335100000000002 0.027237425999999992
decision_type=2 2 2 2 8 2 8 2 2 2 2 2
left_child=5 2 4 -4 -2 11 8 -8 -3 10 -7 -1
right_child=1 6 3 -5 -6 9 7 -9 -10 -11 -12 -13
leaf_value=-0.2884896442706768 0.0075130975965246889 0.066407457944292272 0.21390286855069465 -0.0062591073772181628 0.13513724601422161 -0.12731035959565121 0.11732064020601303 -0.035511379304969184 -0.16801683832163158 0.089320996886762705 -0.02218010603148559 -0.097106383761124959
leaf_weight=38 2800 25 166 91 135 114 68 391 131 54 930 27
leaf_count=19 815 12 70 42 108 57 32 164 55 26 337 16
internal_value=0.000792202 0.0126825 0.0233548 0.136213 0.0134284 -0.0381046 -0.0426525 -0.0126573 -0.130246 -0.0276412 -0.0337736 -0.211713
internal_weight=4970 3807 3192 257 2935 1163 615 459 156 1098 1044 65
internal_count=1753 1298 1035 112 923 455 263 196 67 420 394 35
is_linear=0
shrinkage=0.03


Tree=161
num_leaves=12
num_cat=0
split_feature=96 120 136 3 1 31 32 131 50 59 51
split_gain=2225.58 2477.77 3105.79 3919.11 2115.87 1937.28 1739.63 1908.4 1218.25 987.636 495.387
threshold=31.907250000000005 12.2155 1.0000000180025095e-35 96.586349999999996 103.90850000000002 6.4925734315336001 42.950607142857152 10.969655114602878 0.2136277857142857 18.296500000000005 0.14602174113627478
decision_type=2 10 2 2 2 2 2 8 2 2 2
left_child=5 2 3 -2 -4 6 8 -8 -1 10 -7
right_child=1 -3 4 -5 -6 9 7 -9 -10 -11 -12
leaf_value=-0.12007184325930911 0.017368128580771962 -0.16101726579666137 0.059112947246821021 0.20187046975134601 -0.079310686855060708 -0.25693218960874786 -0.020845458703381673 0.32598724927902217 -0.0031216940226543415 0.068924886543499791 -0.11080712485473071
leaf_weight=81 194 48 229 222 174 36 27 29 3589 18 55
leaf_count=46 108 25 36 143 27 18 16 18 1236 17 20
internal_value=0.0029689 0.0463487 0.0586872 0.116084 -0.00069404 -0.00684696 -0.00318214 0.16128 -0.0057357 -0.130928 -0.170812
internal_weight=4702 867 819 416 403 3835 3726 56 3670 109 91
internal_count=1710 339 314 251 63 1371 1316 34 1282 55 38
is_linear=0
shrinkage=0.03


Tree=162
num_leaves=12
num_cat=0
split_feature=42 77 33 87 102 127 31 59 119 128 6
split_gain=2164.09 2099.49 2844.81 2405.56 2213.67 2048.03 2011.24 3111.22 1527.44 1049.87 676.67
threshold=0.20565065940898714 0.91907993860279169 3.3219890508748029 41.805200000000006 50.400250000000007 79.500000000000014 4.8679602577202568 14.181450000000002 15.682665179967064 161.50000000000003 26.164928611061491
decision_type=2 2 2 2 2 10 2 2 10 10 2
left_child=5 3 -3 8 -5 10 7 -7 -2 -8 -1
right_child=1 2 -4 4 -6 6 9 -9 -10 -11 -12
leaf_value=-0.024325076850347741 0.23375195090174675 0.047288730616752914 -0.24075368754043205 -0.0091469887997416115 0.19799327154362453 0.21675041240861972 0.046569757953286176 0.044716097907163202 0.035493769252023036 -0.14373335337091467 -0.21983532307698178
leaf_weight=42 59 51 76 3848 46 145 55 271 85 48 25
leaf_count=25 20 16 29 1369 29 65 23 80 31 22 17
internal_value=0.00162292 -0.0059754 -0.125594 -0.00218235 -0.00664906 0.0555513 0.0757237 0.105063 0.117797 -0.0426157 -0.0994808
internal_weight=4751 4165 127 4038 3894 586 519 416 144 103 67
internal_count=1726 1494 45 1449 1398 232 190 145 51 45 42
is_linear=0
shrinkage=0.03


Tree=163
num_leaves=9
num_cat=0
split_feature=105 72 41 102 95 79 20 102
split_gain=2325.84 2116.52 2296.86 2512.83 1619.83 1498.24 1274.93 713.361
threshold=0.0064622000000000004 40.136250000000011 0.26242199999999999 29.286850000000005 0.0057109450000000011 9.974750000000002 22.386400000000005 33.467250000000007
decision_type=2 2 2 2 2 2 2 2
left_child=6 2 7 -4 -3 -6 -1 -2
right_child=1 4 3 -5 5 -7 -8 -9
leaf_value=-0.21888713279692454 0.03563792911469936 -0.13873103853121194 -0.025011044390383173 0.19927945717380893 -0.0003629810069627861 0.079851774978084808 -0.019475744640661607 -0.14389809046983718
leaf_weight=63 39 72 63 154 4048 220 53 39
leaf_count=26 17 21 30 61 1450 94 29 15
internal_value=0.0033533 0.00668709 0.0843047 0.134333 0.00139234 0.00378883 -0.128748 -0.0547773
internal_weight=4751 4635 295 217 4340 4268 116 78
internal_count=1743 1688 123 91 1565 1544 55 32
is_linear=0
shrinkage=0.03


Tree=164
num_leaves=8
num_cat=0
split_feature=103 88 94 66 45 69 86
split_gain=1869.54 1708.53 2886.16 3035.86 2189.65 2175.98 1652.33
threshold=49.581416666666648 3.6062400000000001 0.22141550000000002 1009.8100000000001 0.091668750000000007 5.014755000000001 18.743150000000004
decision_type=2 2 2 2 2 2 2
left_child=1 2 6 -4 -3 -6 -1
right_child=-2 4 3 -5 5 -7 -8
leaf_value=0.12049537689932462 -0.19315419999510047 0.63313124313354496 -0.03543057130562547 0.099620117507912401 0.068885772922482075 -0.0039459440865099848 -0.11486208879017286
leaf_weight=28 47 3.9999999999999991 605 198 419 3051 393
leaf_count=12 23 3 230 103 171 1012 164
internal_value=-0.00687349 -0.00496854 -0.0354325 -0.00204418 0.00577113 0.00486488 -0.0989533
internal_weight=4745 4698 1224 803 3474 3470 421
internal_count=1718 1695 509 333 1186 1183 176
is_linear=0
shrinkage=0.03


Tree=165
num_leaves=12
num_cat=0
split_feature=78 127 21 138 101 32 1 49 56 29 61
split_gain=2783.41 3522.24 2075.86 1769.74 2847.51 1697.22 1530.01 1189.6 622.463 559.817 381.085
threshold=0.45012427727886845 174.50000000000003 298.12348333333324 1.0000000180025095e-35 0.25582835714285718 41.022835714285726 133.91150000000002 0.068639621928706859 0.085951000000000014 35.788700000000013 2.2204800000000007
decision_type=2 8 2 2 2 2 2 2 2 2 2
left_child=1 9 3 5 -5 -2 10 -3 -8 -1 -4
right_child=2 7 6 4 -6 -7 8 -9 -10 -11 -12
leaf_value=0.08863181381333958 -0.0074680253057154231 0.19633078356385228 0.041441524311900131 0.43084919244263847 0.045230643951192952 0.082359656223293498 -0.13508516009928592 0.48253716867620294 -0.32138670327663421 -0.056769545748256718 -0.10843479332700372
leaf_weight=43 4309 39 41 20 98 197 41 21 29 51 23
leaf_count=14 1387 19 19 20 98 100 19 12 20 21 14
internal_value=0.000180837 0.125289 -0.00389333 -0.000507094 0.113686 -0.00352274 -0.119852 0.30282 -0.215749 0.00994509 -0.0132137
internal_weight=4912 154 4758 4624 118 4506 134 60 70 94 64
internal_count=1743 66 1677 1605 118 1487 72 31 39 35 33
is_linear=0
shrinkage=0.03


Tree=166
num_leaves=10
num_cat=0
split_feature=58 116 23 87 112 80 109 10 97
split_gain=1623.25 1558.32 1881.82 2724.23 2385.9 1305.7 805.031 506.63 482.681
threshold=18.066000000000006 21.285333333333341 53.941207142857181 41.805200000000006 0.051564853162000011 3.99465 1.0000000180025095e-35 277.85850000000005 26.654900000000001
decision_type=2 8 2 2 2 2 2 2 2
left_child=5 6 3 -3 -4 -1 8 -8 -2
right_child=1 2 4 -5 -6 -7 7 -9 -10
leaf_value=-0.0231291036629118 -0.18267183943390847 0.27673013168259669 0.50221479812264447 0.020339322820459381 -0.016850699168412493 -0.22670736752106591 -0.21680827826720017 -0.075110349975941224 -0.0079952480308074312
leaf_weight=63 13.999999999999998 37 6.9999999999999991 2052 2149 51 25 210 284
leaf_count=26 11 21 7 640 799 17 15 96 119
internal_value=-0.00403045 -0.0013488 0.00472541 0.0250121 -0.014932 -0.115409 -0.0496499 -0.0910521 -0.0167951
internal_weight=4892 4778 4245 2089 2156 114 533 235 298
internal_count=1751 1708 1467 661 806 43 241 111 130
is_linear=0
shrinkage=0.03


Tree=167
num_leaves=13
num_cat=0
split_feature=53 96 97 36 137 60 68 30 91 14 32 30
split_gain=2598.75 2654.03 2219.02 2287.04 1609.33 1096.38 1008.63 1007.97 726.041 724.905 661.293 520.477
threshold=0.12682550000000004 16.687900000000003 26.007200000000005 0.42724000000000006 1.0000000180025095e-35 66.477350000000015 901.42600000000004 31.991666666666678 1007.8550000000001 296.26007142857151 31.817428571428575 34.374766666666673
decision_type=2 2 2 2 2 2 2 2 2 2 2 2
left_child=4 8 -3 -4 6 -6 7 -1 11 -8 -7 -2
right_child=1 2 3 -5 5 10 9 -9 -10 -11 -12 -13
leaf_value=0.14039755972751547 -0.10387313994131189 0.23542218763317829 0.075563824430301338 0.011275584775617015 -0.19070030908023608 8.9423418496594286e-05 -0.035101463658627978 0.016336318256911533 -0.22308716388940811 0.032731742934866262 -0.065093172092260093 0.010804524857936234
leaf_weight=69 93 46 664 1986 50 197 642 376 29 181 483 57
leaf_count=17 43 24 305 667 22 77 189 106 16 34 201 31
internal_value=0.00534588 0.0236065 0.0310439 0.0274076 -0.0209272 -0.0563791 -0.000486559 0.0358512 -0.0879446 -0.0201578 -0.0462326 -0.0604928
internal_weight=4873 2875 2696 2650 1998 730 1268 445 179 823 680 150
internal_count=1732 1086 996 972 646 300 346 123 90 223 278 74
is_linear=0
shrinkage=0.03


Tree=168
num_leaves=10
num_cat=0
split_feature=122 79 27 55 134 51 105 111 133
split_gain=2102.49 1803.91 2736.68 3723.26 1905.58 4198.78 2691 1811.45 1397.61
threshold=59.635500000000008 9.390050000000004 40.180400000000006 0.19853500000000004 97.732410130718975 0.13497642490509668 0.017508300000000004 0.090337453224000011 26.810588024911723
decision_type=10 2 2 2 8 2 2 2 10
left_child=1 4 7 -4 6 -6 -1 -3 -2
right_child=8 2 3 -5 5 -7 -8 -9 -10
leaf_value=0.06933469910038674 -0.3241805318832397 -0.19003449662993935 0.3682970799414011 -0.013636003579412187 -0.15905467223930245 0.070592075810239116 -0.010000511918847528 0.038099967702999143 -0.03081297578811645
leaf_weight=432 29 33 51 41 202 110 3455 398 29
leaf_count=166 15 11 40 10 85 64 1166 147 15
internal_value=-0.00257803 -0.000353541 0.0521306 0.199739 -0.0069022 -0.078113 -0.00116688 0.0202262 -0.180556
internal_weight=4780 4722 523 92 4199 312 3887 431 58
internal_count=1719 1689 208 50 1481 149 1332 158 30
is_linear=0
shrinkage=0.03


Tree=169
num_leaves=11
num_cat=0
split_feature=31 0 90 11 2 77 6 114 112 63
split_gain=2316.18 2334.74 2293.14 3223.91 2386.18 1302.31 1127.78 1107.66 1099.64 739.166
threshold=6.7029889863746375 237.42850000000001 905.89900000000011 254.16050000000004 189.42150000000004 -0.12313960297571436 69.596243131781719 69.695500000000024 0.15051674215050004 3.3872000000000004
decision_type=2 2 2 2 2 2 2 10 2 2
left_child=1 2 3 -1 -4 -2 -3 9 -8 -7
right_child=5 6 4 -5 -6 7 8 -9 -10 -11
leaf_value=0.075547421349928937 0.095269806636416404 0.28254152520965126 0.00063336406449712333 -0.13399441959239819 0.13221785753272705 0.070968663722276684 -0.097197703134268523 -0.23963994130446359 0.14745465637577904 -0.13354069979488847
leaf_weight=90 22 33 4004 242 127 23 23 64 53 47
leaf_count=38 12 12 1385 106 69 12 11 25 24 21
internal_value=-0.00191778 0.00197177 -0.00139254 -0.0771256 0.00471043 -0.115217 0.138511 -0.150247 0.0730754 -0.0662494
internal_weight=4728 4572 4463 332 4131 156 109 134 76 70
internal_count=1715 1645 1598 144 1454 70 47 58 35 33
is_linear=0
shrinkage=0.03


Tree=170
num_leaves=6
num_cat=0
split_feature=30 67 91 112 4
split_gain=1655.79 1451.61 1778.4 2608.36 1480.76
threshold=47.419333333333348 21.687900000000003 1014.3150000000002 0.16303288875750002 133.31564903545549
decision_type=2 2 2 2 2
left_child=1 -1 4 -4 -3
right_child=-2 2 3 -5 -6
leaf_value=-0.15678880011538662 -0.18914350188332932 -0.0054473738370284606 0.22132348396227911 -0.030513146664055302 0.1638211769857939
leaf_weight=53 42 4485 77 70 46
leaf_count=25 25 1577 34 27 19
internal_value=-0.00382138 -0.00213591 -0.000349973 0.101985 -0.00369248
internal_weight=4773 4731 4678 147 4531
internal_count=1707 1682 1657 61 1596
is_linear=0
shrinkage=0.03


Tree=171
num_leaves=9
num_cat=0
split_feature=78 31 121 53 62 70 66 112
split_gain=2352.27 2231.59 2216.57 1914.22 1570.15 1327.67 1873.37 1141.6
threshold=0.43189735527757073 3.8618506510734134 12.2155 0.87980900000000017 -0.21604299999999996 13.331150000000003 1011.3350000000002 0.10498779800000001
decision_type=2 2 10 2 2 2 2 2
left_child=1 3 5 -1 -4 7 -7 -2
right_child=2 -3 4 -5 -6 6 -8 -9
leaf_value=0.035477177081569541 0.043934897800286608 -0.018200960532563631 -0.25858686698157829 0.34237493121623991 0.0098052783720195286 -0.0063549955440286533 0.071909786776112303 -0.15686512588262558
leaf_weight=30 35 60 52 47 31 4111 294 89
leaf_count=13 17 29 27 23 16 1427 133 35
internal_value=-0.00303502 0.119011 -0.00668608 0.224831 -0.159385 -0.00385244 -0.0011156 -0.100266
internal_weight=4749 137 4612 77 83 4529 4405 124
internal_count=1720 65 1655 36 43 1612 1560 52
is_linear=0
shrinkage=0.03


end of trees

feature_importances:
cams_pm25=143
blh_min=85
wind_steadiness=54
g_pm25_lag1=48
o3_roll7_mean=46
doy_cos=42
td_mean=38
g_aqi_pm25_roll7_mean=38
vent_mean=37
vent_min=36
u10_mean=35
g_pm25_roll7_mean=35
wind_dir_cos=33
o3_lag3=31
ws_mean=31
blh_mean=28
cams_aod_x_rh=28
o3_roll3_mean=27
cams_dust_aod550_lag1=27
sp_mean_lag1=26
g_aqi_pm25_roll3_mean=25
co_roll3_std=24
g_pm25_city_lag1=24
cams_aod550=23
aer_ai_roll7_std=22
ndbi=22
g_aqi_pm25_lag1=22
cams_dust_aod550=19
g_pm25_lag3=19
district_Karachi_West=19
o3_lag2=17
aod_lag3=17
sp_change_24h=17
district_Karachi_East=17
rh_mean=16
blh_roll3_mean=16
g_pm25_lag2=16
g_pm25_roll3_mean=16
g_pm25_roll7_std=16
built_pct=15
t2m_max=15
vent_roll3_mean=15
rh_mean_lag1=15
precip_prior3=15
doy_sin=15
g_pm10_lag1=15
no2_roll3_std=14
ndvi=14
sp_mean=14
vent_mean_lag1=14
aod_x_rh_lag1=14
g_aqi_pm25_roll3_std=14
co_roll7_mean=13
co_roll7_std=13
t850_mean=13
wind_dir_sin=13
cams_pm10=13
aer_ai_roll3_mean=12
v10_mean=12
ws_roll3_mean=12
t2m_mean_lag1=12
no2_roll7_std=11
so2_lag3=11
aer_ai_lag2=11
aod_obsfrac_d1=11
ws_max=11
inversion=11
precip_roll3_sum=11
cams_pm25_lag1=11
cams_pm25_roll7_mean=11
no2_lag1=10
o3_roll7_std=10
co_roll3_mean=10
aod_roll3_std=10
cams_aod550_roll3_mean=10
g_pm10_lag2=10
so2_roll3_std=9
aer_ai_roll7_mean=9
blh_mean_lag1=9
cams_aod550_roll7_mean=9
cams_pm25_roll3_mean=9
g_aqi_pm25_lag2=9
no2_lag2=8
o3_lag1=8
so2_roll7_std=8
aod_roll7_mean=8
aod_roll7_std=8
g_pm10_roll7_mean=8
g_aqi_pm25_lag3=8
no2_roll7_mean=7
so2_roll7_mean=7
co_lag3=7
aod_roll3_mean=7
g_aqi_pm25_roll7_std=7
so2_roll3_mean=6
aod_lag1=6
blh_max=6
t2m_min=6
rh_min=6
cams_aod550_lag1=6
district_Karachi_South=6
o3_roll3_std=5
co_lag2=5
aer_ai_lag3=5
aer_ai_roll3_std=5
t2m_mean=5
inversion_night=5
ws_mean_lag1=5
g_pm25_roll3_std=5
g_pm10_roll3_std=5
co_lag1=4
aer_ai_lag1=4
precip_sum=4
dow_cos=4
g_pm10_lag3=4
no2_lag3=3
no2_roll3_mean=3
aod_lag2=3
g_pm10_roll7_std=3
so2_lag1=2
so2_lag2=2
so2_obsfrac_d1=2
dow_sin=2
co_obsfrac_d1=1
g_pm10_roll3_mean=1
district_Korangi=1

parameters:
[boosting: gbdt]
[objective: regression]
[metric: l2]
[tree_learner: serial]
[device_type: cpu]
[data_sample_strategy: bagging]
[data: ]
[valid: ]
[num_iterations: 172]
[learning_rate: 0.03]
[num_leaves: 15]
[num_threads: 1]
[seed: 42]
[deterministic: 0]
[force_col_wise: 0]
[force_row_wise: 0]
[histogram_pool_size: -1]
[max_depth: 4]
[min_data_in_leaf: 15]
[min_sum_hessian_in_leaf: 0.001]
[bagging_fraction: 0.7]
[pos_bagging_fraction: 1]
[neg_bagging_fraction: 1]
[bagging_freq: 1]
[bagging_seed: 400]
[bagging_by_query: 0]
[feature_fraction: 0.6]
[feature_fraction_bynode: 1]
[feature_fraction_seed: 30056]
[extra_trees: 0]
[extra_seed: 12879]
[early_stopping_round: 0]
[early_stopping_min_delta: 0]
[first_metric_only: 0]
[max_delta_step: 0]
[lambda_l1: 0.1]
[lambda_l2: 1]
[linear_lambda: 0]
[min_gain_to_split: 0]
[drop_rate: 0.1]
[max_drop: 50]
[skip_drop: 0.5]
[xgboost_dart_mode: 0]
[uniform_drop: 0]
[drop_seed: 17869]
[top_rate: 0.2]
[other_rate: 0.1]
[min_data_per_group: 100]
[max_cat_threshold: 32]
[cat_l2: 10]
[cat_smooth: 10]
[max_cat_to_onehot: 4]
[top_k: 20]
[monotone_constraints: ]
[monotone_constraints_method: basic]
[monotone_penalty: 0]
[feature_contri: ]
[forcedsplits_filename: ]
[refit_decay_rate: 0.9]
[cegb_tradeoff: 1]
[cegb_penalty_split: 0]
[cegb_penalty_feature_lazy: ]
[cegb_penalty_feature_coupled: ]
[path_smooth: 0]
[interaction_constraints: ]
[verbosity: -1]
[saved_feature_importance_type: 0]
[use_quantized_grad: 0]
[num_grad_quant_bins: 4]
[quant_train_renew_leaf: 0]
[stochastic_rounding: 1]
[linear_tree: 0]
[max_bin: 255]
[max_bin_by_feature: ]
[min_data_in_bin: 3]
[bin_construct_sample_cnt: 200000]
[data_random_seed: 175]
[is_enable_sparse: 1]
[enable_bundle: 1]
[use_missing: 1]
[zero_as_missing: 0]
[feature_pre_filter: 1]
[pre_partition: 0]
[two_round: 0]
[header: 0]
[label_column: ]
[weight_column: ]
[group_column: ]
[ignore_column: ]
[categorical_feature: ]
[forcedbins_filename: ]
[precise_float_parser: 0]
[parser_config_file: ]
[objective_seed: 16083]
[num_class: 1]
[is_unbalance: 0]
[scale_pos_weight: 1]
[sigmoid: 1]
[boost_from_average: 1]
[reg_sqrt: 0]
[alpha: 0.9]
[fair_c: 1]
[poisson_max_delta_step: 0.7]
[tweedie_variance_power: 1.5]
[lambdarank_truncation_level: 30]
[lambdarank_norm: 1]
[label_gain: ]
[lambdarank_position_bias_regularization: 0]
[eval_at: ]
[multi_error_top_k: 1]
[auc_mu_weights: ]
[num_machines: 1]
[local_listen_port: 12400]
[time_out: 120]
[machine_list_filename: ]
[machines: ]
[gpu_platform_id: -1]
[gpu_device_id: -1]
[gpu_device_id_list: ]
[gpu_use_dp: 0]
[num_gpu: 1]

end of parameters

pandas_categorical:null
