tree
version=v4
num_class=1
num_tree_per_iteration=1
label_index=0
max_feature_idx=140
objective=regression
feature_names=no2_lag1 no2_lag2 no2_lag3 no2_roll3_mean no2_roll3_std no2_roll7_mean no2_roll7_std no2_age_d1 no2_obsfrac_d1 o3_lag1 o3_lag2 o3_lag3 o3_roll3_mean o3_roll3_std o3_roll7_mean o3_roll7_std o3_age_d1 o3_obsfrac_d1 so2_lag1 so2_lag2 so2_lag3 so2_roll3_mean so2_roll3_std so2_roll7_mean so2_roll7_std so2_age_d1 so2_obsfrac_d1 co_lag1 co_lag2 co_lag3 co_roll3_mean co_roll3_std co_roll7_mean co_roll7_std co_age_d1 co_obsfrac_d1 aer_ai_lag1 aer_ai_lag2 aer_ai_lag3 aer_ai_roll3_mean aer_ai_roll3_std aer_ai_roll7_mean aer_ai_roll7_std aer_ai_age_d1 aer_ai_obsfrac_d1 aod_lag1 aod_lag2 aod_lag3 aod_roll3_mean aod_roll3_std aod_roll7_mean aod_roll7_std aod_age_d1 aod_obsfrac_d1 provisional_inputs ndvi ndbi built_pct t2m_mean td_mean rh_mean u10_mean v10_mean ws_mean blh_mean vent_mean sp_mean t2m_max blh_max ws_max t2m_min rh_min blh_min vent_min precip_sum t850_mean wind_dir_sin wind_dir_cos wind_steadiness inversion inversion_night sp_change_24h vent_roll3_mean ws_roll3_mean blh_roll3_mean precip_roll3_sum t2m_mean_lag1 rh_mean_lag1 ws_mean_lag1 blh_mean_lag1 vent_mean_lag1 sp_mean_lag1 precip_prior3 met_available cams_aod550 cams_dust_aod550 cams_pm25 cams_pm10 cams_run_age_days cams_aod550_lag1 cams_aod550_roll3_mean cams_aod550_roll7_mean cams_pm25_lag1 cams_pm25_roll3_mean cams_pm25_roll7_mean cams_dust_aod550_lag1 doy_sin doy_cos dow_sin dow_cos is_sunday cams_aod_x_rh aod_x_rh_lag1 g_pm25_lag1 g_pm25_lag2 g_pm25_lag3 g_pm25_roll3_mean g_pm25_roll3_std g_pm25_roll7_mean g_pm25_roll7_std g_pm10_lag1 g_pm10_lag2 g_pm10_lag3 g_pm10_roll3_mean g_pm10_roll3_std g_pm10_roll7_mean g_pm10_roll7_std g_aqi_pm25_lag1 g_aqi_pm25_lag2 g_aqi_pm25_lag3 g_aqi_pm25_roll3_mean g_aqi_pm25_roll3_std g_aqi_pm25_roll7_mean g_aqi_pm25_roll7_std g_pm25_city_lag1 district_Karachi_Central district_Karachi_East district_Karachi_South district_Karachi_West district_Korangi district_Malir
feature_infos=[6.16716:402.82499999999999] [6.16716:402.82499999999999] [6.16716:421.13900000000001] [9.922066666666657:337.89799999999997] [0:209.53239034154933] [12.264440000000002:269.34357142857141] [0.22678096192666725:146.05361395775185] [0:7] [0:1] [239.13200000000001:329.44299999999998] [239.13200000000001:328.96800000000002] [239.13200000000001:328.96800000000002] [241.67799999999997:312.78966666666673] [0:19.619517688598023] [247.57428571428571:309.35457142857143] [0:18.964030319326348] [0:7] [0:1] [-565.16200000000003:6318.6400000000003] [-565.16200000000003:6318.6400000000003] [-565.16200000000003:6318.6400000000003] [-396.97633333333334:2095.967333333333] [0:3786.4510975786202] [-225.84508571428566:967.9165999999999] [0:2407.8659096063921] [0:8] [0:1] [23.335000000000001:60.520699999999998] [23.335000000000001:60.520699999999998] [23.335000000000001:60.520699999999998] [26.287533333333325:55.90440000000001] [0:16.051032665948117] [27.371242857142857:50.810428571428574] [0.42018979725114697:9.7426992280422429] none [0:1] [-1.9225699999999999:4.4188400000000003] [-1.9225699999999999:4.4188400000000003] [-1.9225699999999999:4.4188400000000003] [-1.0891699999999995:3.7664733333333333] [0.0044474836711851529:2.0607525236515736] [-0.80851722857142883:2.5315080000000001] [0.055441109210374595:1.687945477888374] none [0:1] [0.057414399999999997:3.7689699999999999] [0.057414399999999997:3.7689699999999999] [0.057414399999999997:3.7689699999999999] [0.10958156666666667:3.7444600000000001] [0:1.6739942599902622] [0.13073781428571429:2.4742571428571432] [0:1.549896642238981] [0:28] [0:1] [0:1] [0.061768999999999998:0.33184000000000002] [-0.047316999999999998:0.12418] [1.0116000000000001:95.875] [12.8247:35.288899999999998] [-0.86607999999999996:28.367000000000001] [19.2943:91.386700000000005] [-9.34605:9.4053799999999992] [-5.6801199999999996:5.3699599999999998] [1.46366:10.0838] [153.57400000000001:1295.55] [298.00200000000001:10927.1] [978.61800000000005:1018.21] [17.520700000000001:43.142099999999999] [311.06400000000002:3910.3200000000002] [2.4791500000000002:12.813700000000001] [7.2098399999999998:30.887599999999999] [5.7917300000000003:89.013300000000001] [13.3787:878.577] [6.3425099999999999:7312.0500000000002] [0:61.107100000000003] [6.4343000000000004:32.695999999999998] [-0.9999999728089275:0.99960530694659644] [-0.99999999095472636:0.99999998519882738] [0.078507224266697359:0.99869356504900808] [-1.9556000000000004:11.9696] [-6.3577000000000012:9.4028999999999989] [-4.9660000000000082:5.0220000000000482] [382.49833333333407:9602.1966666666685] [1.9527500000000024:9.1239299999999997] [189.38133333333315:1029.6479999999999] [0:95.164700000000011] [12.8247:35.288899999999998] [19.2943:90.272199999999998] [1.46366:10.3512] [170.31899999999999:1295.55] [267.15499999999997:11000.9] [978.61800000000005:1018.21] [0:95.164700000000011] none [0.00323457:1.63411] [0.00019439500000000001:1.3283700000000001] [0.067594100000000004:78.311999999999998] [0.093290399999999996:315.79399999999998] none [0.0053885299999999999:1.3956999999999999] [0.0058219400000000922:1.3036333333333332] [0.0079824142857142857:1.1598922857142857] [0.032711900000000002:89.803899999999999] [0.14862596666667616:80.753600000000006] [0.25806012857142857:63.327028571428571] [0.00019470499999999999:1.1189499999999999] [-0.9999994220246925:0.99998555065071859] [-0.99997919295908233:0.9999907524084426] [-0.97492791218182362:0.97492791218182362] [-0.90096886790241903:1] [0:1] [0.0024293108602199999:1.3338406533899998] [0.037721522683999996:2.8026115895699997] [0.80000000000000004:194.83000000000001] [0.80000000000000004:194.83000000000001] [0.80000000000000004:192.96000000000001] [3.7125000000000021:157.33499999999995] [0.004949747467812772:91.099287307859882] [7.7297857142857138:130.08916666666667] [0.63567418279062415:74.867086499453606] [8.1523000000000003:164.78999999999999] [8.1523000000000003:164.78999999999999] [8.1523000000000003:164.78999999999999] [9.2729999999999997:141.67666666666668] [1.0751227836854189:63.842637902371578] [12.172142857142857:113.27714285714286] [3.3524587707416855:57.758574072381322] [4:270] [4:270] [4:268] [20.333333333333332:232.5] [0:95.552777737401925] [39.714285714285715:208] [1.0690449676494678:78.036316331991657] [3.5:194.83000000000001] [0:1] [0:1] [0:1] [0:1] [0:1] [0:1]
tree_sizes=1368 1403 1403 1407 1403 1402 1397 1408 1418 1403 1418 1423 1413 1418 1408 1415 1350 1416 1409 1401 1432 1317 1410 1418 1411 1420 1418 1448 1451 1436 1417 1424 1422 1413 1425 1420 1396 1439 1243 1421 1410 1412 1232 1417 1243 1436 1341 1427 1413 1315 1426 1426 1158 1419 1165 1236 1344 1423 1342 1419 1341 1168 1448 1156 1353 1414 1457 1247 1417 1261 1269 1265 1252 1376 1321 1249 1338 1398 1236 1250 1336 1412 837 1320 1350 1188 1411 1181 1170 1247 1442 1001 1170 1253 1263 1159 1082 1348 1332 1162 1179 1143 1272 1106 1247 917 1198 1085 1192 1167 1185 1330 1354 1198 1244 912 922 1268 1153 924 941 1460 835 1182 994 1288 1443 1287 1158 1282 1087 1016 753 1265 1339 1009 848 1018 683 916 1000 832 1170 1005 1163 918 999 1273 1006 925 1209 1349 934 773 945 1188 1086 664 846 1203 1335 1101 1007 840 1015 1168 1343 999 912 1344 832 975 929 946 926 915 845 851 836 1198 923 1269

Tree=0
num_leaves=15
num_cat=0
split_feature=59 10 63 73 65 106 81 107 36 118 79 128 137 65
split_gain=2.51639e+06 328883 103684 101121 85406.9 60612.3 46565.6 35471.3 32228.7 24994.6 17825.1 9415.83 6889.59 6348.24
threshold=17.168200000000002 266.85900000000004 3.0104850000000005 563.29750000000013 1044.5700000000004 0.95242846126021108 -1.9215000000000371 0.33222858587828868 0.24474400000000004 27.243928571428572 7.6737000000000011 88.500000000000014 1.0000000180025095e-35 931.4435000000002
decision_type=2 2 2 2 2 2 2 2 2 8 2 8 2 2
left_child=1 2 6 7 13 -6 -1 11 -4 12 -9 -2 -5 -3
right_child=3 4 8 9 5 -7 -8 10 -10 -11 -12 -13 -14 -15
leaf_value=46.457962848952874 43.40064063864952 45.151332152365001 44.359920520836468 43.260217526916136 44.258837984822314 43.295534106668519 45.418679548105978 43.862255750511515 45.008891472075788 43.372590821025675 44.522715191113072 43.681183760858694 43.124294543993805 44.605373934796212
leaf_weight=45 186 88 93 689 401 68 428 116 298 1301 53 257 735 32
leaf_count=16 75 46 35 186 171 32 153 49 94 424 34 115 271 15
internal_value=43.8088 44.8504 45.2229 43.355 44.3025 44.1184 45.523 43.7037 44.8564 43.2768 44.0724 43.5627 43.1896 45.0136
internal_weight=4790 1453 864 3337 589 469 473 612 391 2725 169 443 1424 120
internal_count=1716 562 298 1154 264 203 169 273 129 881 83 190 457 61
is_linear=0
shrinkage=1


Tree=1
num_leaves=15
num_cat=0
split_feature=14 107 65 132 72 111 12 113 119 61 72 100 114 79
split_gain=2.58277e+06 272012 157243 85973.6 58741.7 40933.1 38887.2 34662.1 31136.7 27806.7 18945.4 17635.6 14263.5 11629
threshold=274.34671428571437 0.21652257995689161 1493.1900000000003 157.15476190476193 98.486700000000027 0.11474900893000002 265.76650000000012 25.906500000000005 9.9307294395300261 1.3196450000000002 178.99000000000004 0.17259300000000005 40.657500000000006 9.0686500000000034
decision_type=2 2 2 8 2 2 2 8 8 2 2 2 8 2
left_child=2 7 3 11 9 -5 8 -2 -4 -3 -9 -1 -8 -6
right_child=1 4 6 5 13 -7 12 10 -10 -11 -12 -13 -14 -15
leaf_value=1.3808777630545876 -0.60053932099033247 1.0066685590568343 0.26535216863104638 1.3328894609937378 -0.14681111192928864 1.8655650104202544 -0.25725563752651215 -0.14188923780880699 1.1160011889279544 0.32052752223587039 -0.44004206544408014 0.55949724224780473 0.53667784571325461 0.25835066870640921
leaf_weight=32 1480 94 46 231 212 349 23 222 272 124 1470 93 147 90
leaf_count=14 496 51 12 87 100 123 16 85 98 58 451 39 63 40
internal_value=0.00211677 -0.390036 1.21503 1.50191 0.245569 1.65608 0.798358 -0.494279 0.994178 0.619646 -0.401031 0.779085 0.42837 -0.0256035
internal_weight=4885 3692 1193 705 520 580 488 3172 318 218 1692 125 170 302
internal_count=1733 1281 452 263 249 210 189 1032 110 109 536 53 79 140
is_linear=0
shrinkage=0.03


Tree=2
num_leaves=15
num_cat=0
split_feature=59 12 72 62 63 96 11 118 116 113 107 62 96 113
split_gain=2.4356e+06 321791 85838.5 72658 71891.6 35081 33918 30958.1 26943.9 16293 14548.9 16780.2 8512.25 5850.18
threshold=17.168200000000002 265.28266666666678 183.96950000000001 -1.4873099999999997 3.2005500000000002 35.098750000000003 263.80950000000001 43.875142857142855 25.741000000000017 52.697500000000005 0.33222858587828868 -0.48215349999999996 19.815600000000003 26.341000000000005
decision_type=2 2 2 2 2 2 2 8 8 8 2 2 2 8
left_child=1 3 10 5 9 -1 -5 -6 -4 -3 13 -12 -10 -2
right_child=2 4 8 6 7 -7 -8 -9 12 -11 11 -13 -14 -15
leaf_value=0.85759810044977913 -0.39323869864046573 0.64249923834669476 -0.59645238773484255 1.8488012215498637 -0.20412241727926514 1.4427232464649637 1.0842035705732262 0.43157956244812656 -0.52450833559427856 1.1365925798509635 0.97441337912423265 0.05886240926454233 -0.36886925818041533 -0.095687425944176077
leaf_weight=201 79 108 1323 337 87 182 68 322 448 152 20 128 1155 236
leaf_count=71 43 37 424 109 39 64 25 142 166 81 14 57 345 89
internal_value=0.00508178 1.03041 -0.435902 1.44102 0.545331 1.13869 1.72342 0.296182 -0.495943 0.934613 -0.0562028 0.188315 -0.412668 -0.171329
internal_weight=4846 1457 3389 788 669 383 405 409 2926 260 463 148 1603 315
internal_count=1706 568 1138 269 299 135 134 181 935 118 203 71 511 132
is_linear=0
shrinkage=0.03


Tree=3
num_leaves=15
num_cat=0
split_feature=59 12 72 96 63 69 115 82 118 127 95 17 96 114
split_gain=2.16816e+06 276915 88372.5 68906.3 65142.1 38328 36347.7 24086.1 22650.8 22360.3 10507.5 8667.76 6415.85 5226.48
threshold=16.949650000000002 267.44383333333337 193.67050000000003 40.199450000000006 3.3122000000000003 5.4157400000000004 40.461000000000006 884.78533333333417 36.558285714285724 81.500000000000014 0.04580660000000001 0.99985200000000007 19.769200000000001 26.197500000000002
decision_type=2 2 2 2 2 2 8 2 8 8 2 2 2 8
left_child=1 3 8 5 11 -1 -6 -5 13 -4 -10 -3 -11 -2
right_child=2 4 9 7 6 -7 -8 -9 10 12 -12 -13 -14 -15
leaf_value=1.3135813393683182 -0.37859888700342181 0.52273203002705293 -0.58298033525018134 2.3238841770887371 -0.33522841544483983 0.80332543253652811 0.37500611063489375 1.5574555947236186 0.50474134067543708 -0.51691583841055344 0.037893455365574674 0.99751386983871448 -0.37752401481932896 -0.13041783206445157
leaf_weight=474 124 50 1274 63 85 193 264 126 60 411 151 149 1190 201
leaf_count=165 56 20 419 21 42 67 116 47 33 161 69 74 349 73
internal_value=-0.0145045 0.977345 -0.422927 1.31427 0.449611 1.16736 0.201554 1.82383 -0.0691196 -0.488841 0.172415 0.881447 -0.41361 -0.225989
internal_weight=4815 1404 3411 856 548 667 349 189 536 2875 211 199 1601 325
internal_count=1712 552 1160 300 252 232 158 68 231 929 102 94 510 129
is_linear=0
shrinkage=0.03


Tree=4
num_leaves=15
num_cat=0
split_feature=59 12 72 73 61 65 111 83 100 116 116 72 94 96
split_gain=2.11149e+06 225632 96482.9 78055.6 73705.3 39389.6 30724.8 25974.9 22817 20153.6 13455.4 12700.4 9765.28 9442.57
threshold=16.949650000000002 265.76650000000012 242.03550000000004 177.96400000000003 2.4492500000000006 931.4435000000002 0.10981371929700001 2.8639566666666654 0.10588318333333342 24.118500000000008 31.081333333333344 102.11800000000001 0.26823300000000005 22.429450000000006
decision_type=2 2 2 2 2 2 2 2 2 8 10 2 2 2
left_child=1 3 7 6 5 -3 -1 12 -5 -4 -6 -9 -2 -11
right_child=2 4 9 8 10 -7 -8 11 -10 13 -12 -13 -14 -15
leaf_value=1.1978189158818939 0.23465117834011712 1.2994445376285286 -0.59479463934715582 1.743421354675293 -0.62711732878684989 0.58757977883686574 1.7113175613006451 0.07022622910644355 0.85924765476546705 -0.49013702060913278 0.087051115748129376 -0.2198171926756507 1.0890197940625643 -0.34666714930958592
leaf_weight=175 35 85 912 29 29 405 321 184 315 842 113 514 18 842
leaf_count=63 19 42 328 10 16 178 112 75 104 273 47 209 15 232
internal_value=0.0223171 0.968853 -0.39413 1.29096 0.539373 0.713468 1.53292 -0.0945029 0.938632 -0.480739 -0.0621447 -0.143363 0.539663 -0.418652
internal_weight=4819 1472 3347 840 632 490 496 751 344 2596 142 698 53 1684
internal_count=1723 572 1151 289 283 220 175 318 114 833 63 284 34 505
is_linear=0
shrinkage=0.03


Tree=5
num_leaves=15
num_cat=0
split_feature=14 72 65 14 130 111 130 62 72 61 10 61 63 137
split_gain=2.00309e+06 245012 150943 73906.6 45469.2 39695.8 38122.8 26800.4 23291.6 22698.1 21600.2 19555.9 5685.81 5372.86
threshold=274.67585714285718 106.71300000000001 832.6015000000001 266.83328571428575 123.16666666666667 0.11374433340900002 82.833333333333357 -1.0851349999999997 279.75750000000005 1.8263850000000004 257.93550000000005 2.4492500000000006 2.4705100000000004 1.0000000180025095e-35
decision_type=2 2 2 2 8 2 8 2 2 2 2 2 2 2
left_child=2 4 7 5 -2 -4 13 12 -8 -6 -9 -5 -1 -3
right_child=1 6 3 11 9 -7 8 10 -10 -11 -12 -13 -14 -15
leaf_value=1.540470510585888 0.0033890413903886339 -0.46528592127767099 0.72842002650260917 0.61237829531051891 0.91396004572709388 1.2741396205373909 -0.15669757318077607 2.21852369253976 -0.39619475550619943 0.27162666175983569 1.5043953229188918 0.047608832298869821 1.1515985119096164 -0.58109478545661508
leaf_weight=73 156 695 199 263 134 324 527 83 1206 80 95 70 115 844
leaf_count=29 66 204 68 110 63 115 222 31 356 40 38 40 31 316
internal_value=0.0150698 -0.337603 1.06558 0.845784 0.393327 1.06829 -0.420353 1.57593 -0.323498 0.67623 1.84794 0.494165 1.30996 -0.529134
internal_weight=4864 3642 1222 856 370 523 3272 366 1733 214 178 333 188 1539
internal_count=1729 1267 462 333 169 183 1098 129 578 103 69 150 60 520
is_linear=0
shrinkage=0.03


Tree=6
num_leaves=15
num_cat=0
split_feature=14 116 96 65 14 15 116 60 96 65 65 21 37 65
split_gain=1.64404e+06 215565 140398 68875.9 49042.3 45786.6 43077.9 38302.1 30004.6 24185.9 19961.9 16771.1 13561.3 6615.07
threshold=274.67585714285718 46.565833333333352 36.193350000000009 1534.3000000000004 262.8457857142858 3.611163159707051 26.449500000000004 69.451900000000009 22.257250000000003 2334.0000000000005 1326.1850000000002 218.88951666666671 0.20747300000000005 2933.2750000000001
decision_type=2 10 2 2 2 2 8 2 2 2 2 2 2 2
left_child=2 6 3 4 -1 12 13 10 -5 -8 -3 -7 -4 -2
right_child=1 7 5 8 -6 11 9 -9 -10 -11 -12 -13 -14 -15
leaf_value=1.3445092551646982 -0.41857176731715823 1.0558946379441483 1.4544977735193765 -0.22564395737886425 0.66475419589422513 1.4069297953684154 -0.11456539858303826 -0.011164211607619419 0.57352035538852209 -0.36545971016517048 0.42597986292354761 0.80222331083051512 2.2208997711733161 -0.55534532270458081
leaf_weight=218 480 64 40 49 176 163 482 148 287 1234 159 62 82 1076
leaf_count=84 200 37 16 28 81 59 202 61 106 364 65 23 33 349
internal_value=-0.016889 -0.321349 1.0123 0.774287 1.04332 1.50935 -0.399061 0.363243 0.456643 -0.295097 0.610683 1.2446 1.98351 -0.513451
internal_weight=4720 3643 1077 730 394 347 3272 371 336 1716 223 225 122 1556
internal_count=1708 1278 430 299 165 131 1115 163 134 566 102 82 49 549
is_linear=0
shrinkage=0.03


Tree=7
num_leaves=15
num_cat=0
split_feature=14 72 14 61 111 118 130 63 63 64 118 72 63 62
split_gain=1.64652e+06 182434 136748 66184.9 56041.2 43018.6 38777.6 36363.3 31021.7 22161.8 21198.3 17351.6 13276 10315.2
threshold=275.64028571428577 106.71300000000001 260.23364285714291 1.3816400000000002 0.12477929287300001 42.519214285714291 123.16666666666667 2.9961550000000003 3.8110950000000003 396.01300000000003 27.243928571428572 50.934100000000008 3.2488800000000002 -0.53595249999999994
decision_type=2 2 2 2 2 10 8 2 2 2 8 2 2 2
left_child=2 6 4 8 9 10 -2 -6 -4 -1 -3 -8 -5 -7
right_child=1 5 3 12 7 13 11 -9 -10 -11 -12 -13 -14 -15
leaf_value=1.1492239425892732 -0.0073543028523182048 -0.50236879710768545 1.0544643043264745 0.43552573299184444 1.8272306812586407 0.36062919024657458 0.96675060224533071 1.1496023233043613 0.43138938334181504 0.63962111873030658 -0.34249425336816358 0.37124080320306729 -0.07279722900119695 -0.11058836792030116
leaf_weight=244 173 1585 219 79 177 55 75 133 110 119 1435 110 109 164
leaf_count=79 79 537 99 42 61 28 36 45 52 41 456 54 62 63
internal_value=-0.00603644 -0.326078 0.960809 0.592092 1.24276 -0.397109 0.315881 1.54115 0.848089 0.984388 -0.426541 0.616579 0.141965 0.00884161
internal_weight=4787 3597 1190 517 673 3239 358 310 329 363 3020 185 188 219
internal_count=1734 1253 481 255 226 1084 169 106 151 120 993 90 104 91
is_linear=0
shrinkage=0.03


Tree=8
num_leaves=15
num_cat=0
split_feature=59 12 63 116 73 116 63 96 116 51 82 10 77 133
split_gain=1.66897e+06 214371 71710.6 53836.4 52295.7 36468 25799.9 22997.3 18530.5 12700.3 11520.2 11085.2 6207.67 5013.77
threshold=17.168200000000002 267.44383333333337 3.1160800000000006 44.130500000000012 399.11150000000004 58.192666666666675 3.1160800000000006 37.350550000000005 26.449500000000004 0.10781993438363228 1295.6909999999978 261.61250000000007 0.32936005867473772 8.1243270289869347
decision_type=2 2 2 8 2 8 2 2 8 2 2 2 2 8
left_child=1 2 5 9 10 -1 -5 -4 -6 -3 12 -10 -2 -12
right_child=4 3 7 6 8 -7 -8 -9 11 -11 13 -13 -14 -15
leaf_value=0.43347700230280556 0.10329235778280667 -0.42834526593983169 0.65367972738329239 0.87809560732380021 -0.48441435632577501 1.4525757560831005 0.39761371360369174 1.1518271065977281 1.0859351257324219 0.15475813914520639 -0.27384647325482864 -0.33661836720340788 0.69451419373920986 -0.048864968660932318
leaf_weight=35 69 63 244 154 1394 471 297 132 3.9999999999999991 70 144 1511 20 233
leaf_count=9 32 31 82 71 476 166 141 44 1 27 45 508 13 105
internal_value=0.0091125 0.853952 1.14901 0.407129 -0.358004 1.38308 0.563267 0.831161 -0.405256 -0.122562 -0.062792 -0.332147 0.242425 -0.135305
internal_weight=4841 1466 882 584 3375 506 451 376 2909 133 466 1515 89 377
internal_count=1751 571 301 270 1180 175 212 126 985 58 195 509 45 150
is_linear=0
shrinkage=0.03


Tree=9
num_leaves=15
num_cat=0
split_feature=59 64 72 118 11 59 134 127 61 9 65 64 72 115
split_gain=1.57734e+06 163511 61602.4 57000.5 37423.8 27799.9 20575.4 19775.5 14224.7 13781.8 10147.2 6793.46 6104.31 3077.47
threshold=16.949650000000002 380.73500000000007 183.96950000000001 44.983300000000007 263.57350000000002 9.0956100000000024 67.523866666666677 79.500000000000014 1.8801300000000001 273.08800000000002 2467.6750000000006 452.86950000000007 103.21450000000002 61.93950000000001
decision_type=2 2 2 8 2 2 10 8 2 2 2 2 2 8
left_child=1 4 9 10 5 -1 -5 -4 -6 13 -3 -9 -11 -2
right_child=2 3 7 6 8 -7 -8 11 -10 12 -12 -13 -14 -15
leaf_value=1.033341267037899 0.19239849104951409 0.16878363563693485 -0.5053003464121214 0.47850621332653259 0.98127145895725354 1.5731639010206029 0.79798191802314156 -0.20778331814196013 0.26947345451747662 0.037557655839596762 -0.45066418413682413 -0.36717729242546943 -0.18725273094139336 0.64271243980407711
leaf_weight=140 33 51 1064 318 122 268 444 291 33 176 43 1534 282 24
leaf_count=48 17 17 367 125 63 92 163 114 19 76 23 469 119 16
internal_value=0.00192277 0.841865 -0.348361 0.579575 1.23892 1.39092 0.665463 -0.402229 0.832445 -0.0459815 -0.11631 -0.341891 -0.100963 0.389868
internal_weight=4823 1419 3404 856 563 408 762 2889 155 515 94 1825 458 57
internal_count=1728 550 1178 328 222 140 288 950 82 228 40 583 195 33
is_linear=0
shrinkage=0.03


Tree=10
num_leaves=15
num_cat=0
split_feature=107 12 65 61 132 72 71 65 113 14 130 74 65 106
split_gain=1.45068e+06 224680 56709.7 56035.3 43522.1 33568.9 27982.2 16918.3 15274.9 12142.5 7464.37 4256.5 3430.35 3425.79
threshold=0.31595530242620651 265.28266666666678 644.96300000000008 2.5295050000000008 167.50000000000003 183.96950000000001 30.339250000000003 903.57350000000008 23.210000000000004 266.83328571428575 93.833333333333357 5.1222750000000009e-06 1583.72 -0.9731273977605811
decision_type=2 2 2 2 8 2 2 2 8 2 10 2 2 2
left_child=5 2 6 7 -4 10 -2 -3 -7 -5 13 -10 -12 -1
right_child=1 3 4 9 -6 8 -8 -9 11 -11 12 -13 -14 -15
leaf_value=0.073795519131880538 1.206024462018694 0.90305639584405084 0.5098388600058853 0.85627972869873037 1.0970352217840769 -0.50777958652483568 1.9294563645203904 0.47581350098212555 -0.21509619022558132 -0.022330836784271967 0.22260259324550627 -0.37107725186099577 -0.05951757669173223 -0.29976685210030812
leaf_weight=25 125 104 159 13.999999999999998 423 895 89 449 179 251 49 1698 172 168
leaf_count=9 39 54 48 5 174 335 29 204 74 117 27 495 60 79
internal_value=0.00342236 0.735911 1.09452 0.386028 0.93777 -0.367764 1.51448 0.557653 -0.405393 0.0271196 -0.115435 -0.356326 0.00374139 -0.251232
internal_weight=4800 1614 796 818 582 3186 214 553 2772 265 414 1877 221 193
internal_count=1749 670 290 380 222 1079 68 258 904 122 175 569 87 88
is_linear=0
shrinkage=0.03


Tree=11
num_leaves=15
num_cat=0
split_feature=107 10 64 73 125 72 94 60 68 136 64 113 96 72
split_gain=1.29544e+06 188087 75160.6 50072.9 32473.9 30476.1 20427.2 18425.7 18331.6 14466.5 5650.96 5362.66 5262.84 3047
threshold=0.31595530242620651 267.27100000000002 423.17900000000003 284.34500000000008 39.928571428571438 183.96950000000001 0.23715050000000001 67.439900000000009 1014.0550000000002 1.0000000180025095e-35 464.14550000000003 27.030500000000004 23.178950000000004 65.526550000000015
decision_type=2 2 2 2 10 2 2 2 2 2 2 8 2 2
left_child=5 2 4 7 -2 11 -4 -3 -5 12 -11 -1 -7 -13
right_child=1 3 6 8 -6 9 -8 -9 -10 10 -12 13 -14 -15
leaf_value=-0.28889036871778201 1.2630782543248726 0.69239814679134148 0.31834386315495949 -0.17199599700108081 0.32122815527142706 -0.49207294778720723 0.82267442079159336 0.24300981589125803 0.31408551621437075 -0.13342084995122022 -0.33525196111976324 0.17157401013800072 -0.36904471053489729 -0.076539857412696963
leaf_weight=93 529 265 126 168 36 970 175 121 118 141 1231 55 491 217
leaf_count=50 188 136 51 75 18 494 65 57 61 19 173 24 227 92
internal_value=-0.0077908 0.707398 0.999477 0.33007 1.20375 -0.351858 0.613322 0.552527 0.0289403 -0.385095 -0.314624 -0.0935334 -0.451009 -0.0259141
internal_weight=4736 1538 866 672 565 3198 301 386 286 2833 1372 365 1461 272
internal_count=1730 651 322 329 206 1079 116 193 136 913 192 166 721 116
is_linear=0
shrinkage=0.03


Tree=12
num_leaves=15
num_cat=0
split_feature=59 64 72 130 134 118 26 127 15 72 105 95 85 113
split_gain=1.28336e+06 157037 117140 43890.7 39159.1 36023.1 35247 24370.9 19909.8 17311.1 14045.4 9394.76 8505.91 6656.41
threshold=15.863900000000003 423.17900000000003 121.22200000000002 155.83333333333334 64.159541666666684 86.78966666666669 0.95709350000000015 88.500000000000014 2.9054220716560466 77.129500000000021 0.038383700000000007 0.035910150000000009 0.0017906140000034973 24.367500000000003
decision_type=2 2 2 8 8 8 2 10 2 2 2 2 2 8
left_child=1 4 3 -2 11 9 -6 13 -7 -3 -5 -1 -9 -4
right_child=2 5 7 10 6 8 -8 12 -10 -11 -12 -13 -14 -15
leaf_value=0.91847101110219953 0.039583274088572644 0.58620478488536598 -0.46020023596977105 1.2092285639217921 0.70225411398787252 1.6525637561652973 1.4250049207591309 -0.075249371772070958 0.70525392827246935 0.16396476352940767 0.41305695245947149 0.35166553523102584 -0.27682557106163896 -0.35222488736133706
leaf_weight=63 294 140 1061 41 75 22 406 248 205 233 41 48 796 1050
leaf_count=26 109 50 402 19 27 8 156 93 92 85 29 24 225 347
internal_value=-0.00101081 0.849704 -0.288356 0.211722 1.19624 0.506361 1.31401 -0.348003 0.803922 0.323598 0.820952 0.678721 -0.229062 -0.406688
internal_weight=4723 1192 3531 376 592 600 481 3155 227 373 82 111 1044 2111
internal_count=1692 468 1224 157 233 235 183 1067 100 135 48 50 318 749
is_linear=0
shrinkage=0.03


Tree=13
num_leaves=15
num_cat=0
split_feature=59 65 134 132 73 96 96 107 113 62 106 107 96 128
split_gain=1.2891e+06 186925 79525.2 63625.5 40328.4 39912.5 26581.5 16253.4 13262.9 12097.3 7970.76 7766.71 5961.38 4414.1
threshold=17.168200000000002 1534.3000000000004 64.159541666666684 122.26785714285715 563.29750000000013 35.493450000000003 33.467800000000004 0.29958852271690523 24.367500000000003 -0.48215349999999996 0.93845596220871974 0.71952396275653763 23.399550000000001 80.500000000000014
decision_type=2 2 8 8 2 2 2 2 10 2 2 2 2 8
left_child=1 2 11 10 7 -4 -5 13 -6 -9 -3 -1 -10 -2
right_child=4 3 5 6 8 -7 -8 9 12 -11 -12 -13 -14 -15
leaf_value=0.36643373888560704 -0.30749587308642379 -0.028440632208533913 1.0384478718284353 0.36640880661921599 -0.43987965429912912 1.5531879618903737 0.78738815208061319 0.70516661783456802 -0.35573755783519512 0.042573109001743381 -0.53083129838048193 0.75434877703885239 -0.24067190511453718 -0.11228710027563447
leaf_weight=104 165 68 338 354 1066 242 221 29 906 144 48 89 755 286
leaf_count=48 68 26 134 136 418 93 86 19 269 65 22 36 194 118
internal_value=0.0171992 0.759547 1.07989 0.400143 -0.30725 1.25553 0.529303 -0.0895034 -0.357023 0.157075 -0.239112 0.548299 -0.303613 -0.184234
internal_weight=4815 1464 773 691 3351 580 575 624 2727 173 116 193 1661 451
internal_count=1732 581 311 270 1151 227 222 270 881 84 48 84 463 186
is_linear=0
shrinkage=0.03


Tree=14
num_leaves=15
num_cat=0
split_feature=107 72 65 81 76 72 116 106 131 127 15 33 129 77
split_gain=1.07519e+06 148882 70006.6 41950.1 37317 35669.4 27020.5 24039.6 16969.8 16825.4 12720.3 12288.5 10231.5 5579.86
threshold=0.71952396275653763 103.21450000000002 1534.3000000000004 -2.0169999999999955 -0.97078810500921497 43.064350000000005 46.565833333333352 0.12545942051955489 3.0550504633038162 81.500000000000014 3.9212900907007104 3.0425033565961432 129.50000000000003 0.20105138389644192
decision_type=2 2 2 2 2 2 10 2 8 8 2 2 8 2
left_child=1 5 3 -2 -5 10 9 8 -4 -3 -1 -9 -7 -8
right_child=2 6 7 4 -6 12 13 11 -10 -11 -12 -13 -14 -15
leaf_value=1.2248651639285839 1.7128222554611832 -0.4169221374618462 0.020734295918391297 0.23899383626949217 1.0232936510616506 -0.0013587342467106564 -0.098097284820232833 0.76163738576755968 0.85314027995561281 -0.27634679154390562 0.47952716085490055 0.19348437103425917 0.32302276018961962 0.23825144244770746
leaf_weight=37 72 1376 25 62 506 212 110 42 189 1757 50 175 148 73
leaf_count=16 26 479 5 22 185 76 47 16 75 565 22 78 74 30
internal_value=-0.00950775 -0.248229 0.828694 1.02794 0.938259 0.265278 -0.31751 0.531131 0.756459 -0.338201 0.806861 0.306453 0.132515 0.036624
internal_weight=4834 3763 1071 640 568 447 3316 431 214 3133 87 217 360 183
internal_count=1716 1309 407 233 207 188 1121 174 80 1044 38 94 150 77
is_linear=0
shrinkage=0.03


Tree=15
num_leaves=15
num_cat=0
split_feature=59 12 78 63 107 12 114 20 73 137 101 65 80 114
split_gain=1.07496e+06 136173 70789.2 41650.9 40528.3 39728.7 23694.2 21994.8 13388 10971.9 10255.1 8091.35 8325.02 3349.45
threshold=16.949650000000002 266.87433333333348 0.58132862733518365 3.3250200000000003 0.19969739736768838 257.81083333333339 47.185000000000009 374.80550000000005 399.11150000000004 1.0000000180025095e-35 0.28625242857142863 1347.1200000000001 4.591800000000001 22.858000000000004
decision_type=2 2 2 2 2 2 8 2 2 2 2 2 2 8
left_child=1 2 5 10 8 -1 -5 -4 13 -10 -3 12 -6 -2
right_child=4 3 7 6 11 -7 -8 -9 9 -11 -12 -13 -14 -15
leaf_value=1.9872377922256268 -0.31825522474393453 0.79460225480638058 0.83818146466727217 -0.20206293092823027 0.042697874086744643 1.0655563568574078 0.3116689127910085 0.18470578844959917 -0.30940091090646699 -0.43538370289753026 0.36892110665542321 -0.11200903666615485 0.55926460946523215 -0.082927200527218248
leaf_weight=76 72 151 593 124 101 105 228 51 1673 1010 81 194 38 219
leaf_count=33 30 69 208 49 51 35 106 21 449 429 40 99 26 84
internal_value=-0.00522658 0.688377 0.936392 0.337006 -0.300867 1.46137 0.130627 0.786802 -0.335999 -0.356972 0.648215 0.0129483 0.186925 -0.142053
internal_weight=4716 1409 825 584 3307 181 352 644 2974 2683 232 333 139 291
internal_count=1729 561 297 264 1168 68 155 229 992 878 109 176 77 114
is_linear=0
shrinkage=0.03


Tree=16
num_leaves=14
num_cat=0
split_feature=134 72 61 81 65 115 118 77 77 116 27 67 1
split_gain=923979 111224 105944 61256.9 47675.5 36908.4 15669.5 12481.4 11349.9 10124.7 4852.58 4613.49 2680.87
threshold=54.514055555555565 178.99000000000004 3.0071950000000007 -1.8800000000000521 821.79600000000016 49.843500000000006 25.752428571428574 0.30702689860304938 0.28771349204132302 29.811333333333334 34.526650000000011 29.873600000000003 107.13800000000002
decision_type=10 2 2 2 2 8 8 2 2 10 2 2 2
left_child=1 5 3 -2 -5 9 11 -7 -8 -1 -4 -3 -12
right_child=2 6 10 4 -6 7 8 -9 -10 -11 12 -13 -14
leaf_value=-0.23688856426979368 1.6854957192462423 -0.50174378293843247 0.46165145457874646 1.0613992203653984 0.61475939068094987 0.18112694557763018 -0.27925690486833349 0.6326159773038782 0.097450052148417426 0.048322241245233086 -0.022072839355468749 -0.36817091469764707 -0.32887207141999275
leaf_weight=170 68 328 9.9999999999999982 317 692 108 1552 114 75 324 44 914 61
leaf_count=81 22 142 3 116 268 58 485 63 33 104 15 283 35
internal_value=0.000630145 -0.239971 0.723848 0.816195 0.755996 0.0944121 -0.323426 0.414783 -0.261841 -0.0501014 -0.140562 -0.403824 -0.201758
internal_weight=4777 3585 1192 1077 1009 716 2869 222 1627 494 115 1242 105
internal_count=1708 1249 459 406 384 306 943 121 518 185 53 425 50
is_linear=0
shrinkage=0.03


Tree=17
num_leaves=15
num_cat=0
split_feature=107 10 73 76 73 31 73 76 50 136 116 96 96 91
split_gain=937370 129544 68394 49377.7 33200 29751.6 23298.4 14731.5 13155.6 11982.6 6520.33 5084.76 4855.71 3064.68
threshold=0.31595530242620651 265.47100000000006 94.169150000000016 -0.94110921783356949 117.70200000000001 1.9864295158188716 438.04450000000003 -0.56111950869512206 0.36468121428571426 1.0000000180025095e-35 29.811333333333334 24.926250000000003 20.307550000000003 999.2985000000001
decision_type=2 2 2 2 2 2 2 2 2 2 8 2 2 2
left_child=6 2 5 -4 8 -2 10 -6 -3 12 -1 -11 -8 -12
right_child=1 4 3 -5 7 -7 9 -9 -10 11 13 -13 -14 -15
leaf_value=-0.22719062803325982 1.6424640532823707 0.7675471738969224 -0.19590627143638473 0.75396456674070977 0.035511995077237013 1.0001654208097885 -0.45263353328147204 0.36390144985086387 0.32123907771974802 -0.296836514346976 -0.13165247059123855 -0.16792180010495764 -0.33912566614666428 0.073359280600547777
leaf_weight=202 103 157 55 442 286 200 573 215 99 949 104 395 901 174
leaf_count=78 37 73 20 166 145 69 320 105 39 134 40 55 394 79
internal_value=-0.00498723 0.601471 0.867526 0.64866 0.319525 1.2232 -0.291395 0.176888 0.596885 -0.324301 -0.0979321 -0.259104 -0.383529 -0.00352199
internal_weight=4855 1557 800 497 757 303 3298 501 256 2818 480 1344 1474 278
internal_count=1754 654 292 186 362 106 1100 250 112 903 197 189 714 119
is_linear=0
shrinkage=0.03


Tree=18
num_leaves=15
num_cat=0
split_feature=107 11 69 71 46 106 127 79 77 67 83 67 91 12
split_gain=859017 110971 58697.3 33055.3 28919.3 28669 19593.6 16822.8 10132.1 6094.77 5358.53 3207.59 3077.43 1980.38
threshold=0.31595530242620651 263.57350000000002 4.0470950000000006 29.468150000000005 0.31645900000000005 0.70290292807158605 81.500000000000014 6.9468000000000023 0.27015266414592282 31.516300000000005 4.3946016666666665 30.020900000000001 1000.2650000000001 279.28716666666674
decision_type=2 2 2 2 2 2 8 2 2 2 2 2 2 2
left_child=6 2 3 -2 -4 7 11 -3 9 -8 -7 13 -10 -1
right_child=1 5 4 -5 -6 10 8 -9 12 -11 -12 -13 -14 -15
leaf_value=-0.64475775743038088 0.86894472596224615 0.14728588619606553 0.92543054997182517 1.6279037882486977 0.45024174843581971 0.16821519396761433 -0.32450491976923884 0.54733663281836897 -0.13188231546328616 -0.20042379489113041 -0.14065929884201769 -0.34428094188321201 0.14527104184362621 -0.42215465267184826
leaf_weight=46 101 120 225 116 243 159 528 463 64 1127 73 981 80 277
leaf_count=24 41 55 87 39 87 79 216 214 25 335 37 307 30 115
internal_value=0.00132533 0.590546 0.871884 1.28028 0.68019 0.353302 -0.283603 0.465392 -0.219194 -0.240184 0.0708268 -0.372224 0.0220111 -0.455758
internal_weight=4603 1500 685 217 468 815 3103 583 1799 1655 232 1304 144 323
internal_count=1691 639 254 80 174 385 1052 269 606 551 116 446 55 139
is_linear=0
shrinkage=0.03


Tree=19
num_leaves=15
num_cat=0
split_feature=59 78 72 105 14 14 115 91 127 105 118 9 73 127
split_gain=830138 98960.1 54666 50711.2 45410.9 25242.8 21079.3 14790.2 12551.1 11872 10131.8 9618.53 5729.33 5548.86
threshold=16.163350000000005 0.56551202946476731 175.90800000000004 0.045831500000000004 259.54950000000002 256.10928571428576 76.373000000000019 1008.6450000000001 85.500000000000014 0.020984000000000006 46.115857142857145 274.73200000000003 1483.1300000000003 73.500000000000014
decision_type=2 2 2 2 2 2 8 2 8 2 10 2 2 8
left_child=1 4 6 5 7 -3 13 -1 12 -6 -5 -8 -4 -2
right_child=2 3 8 10 9 -7 11 -9 -10 -11 -12 -13 -14 -15
leaf_value=1.1146050334343545 -0.3143587939858436 0.88161720980607061 -0.2627927942788455 -0.21504528083687735 1.0193048830032347 0.51066444168475245 0.86267855385712211 1.8208311990737913 -0.22501967407947807 0.43623378864411383 0.23063314251430769 0.16329126841457267 -0.38584634039666699 -0.0064495700113561356
leaf_weight=51 59 230 491 62 70 613 34 79 1273 61 169 37 1197 432
leaf_count=12 31 82 167 28 30 233 24 30 436 31 71 29 372 172
internal_value=-0.00361226 0.633173 -0.245027 0.50499 1.15669 0.612802 0.0261841 1.55442 -0.296495 0.753183 0.11059 0.505581 -0.350231 -0.0440187
internal_weight=4858 1335 3523 1074 261 843 562 130 2961 131 231 71 1688 491
internal_count=1748 517 1231 414 103 315 256 42 975 61 99 53 539 203
is_linear=0
shrinkage=0.03


Tree=20
num_leaves=15
num_cat=0
split_feature=107 61 78 12 96 11 72 136 78 96 96 68 72 69
split_gain=787716 132762 67054 40974.5 35072.1 21183.3 17936.5 10598.3 6948.26 5105.75 4819.45 4305.31 2919.82 883.29
threshold=0.31595530242620651 2.2731550000000005 0.56551202946476731 264.16883333333334 39.00010000000001 256.20200000000006 183.96950000000001 1.0000000180025095e-35 0.92763803632451869 21.447000000000003 23.016350000000003 907.75350000000014 103.21450000000002 6.1236650000000017
decision_type=2 2 2 2 2 2 2 2 2 2 2 2 2 2
left_child=6 2 3 -2 -4 -3 9 10 -7 13 -8 -9 -11 -1
right_child=1 5 4 -5 -6 8 7 11 -10 12 -12 -13 -14 -15
leaf_value=-0.15112455496191979 1.3990750324623715 1.2283491096496579 0.47827022201214675 0.66564782247161869 0.95813904357955826 0.11557152481412887 -0.39608232895126055 -0.18542674046524907 -0.1753159840847906 0.075288670936940416 -0.28109298972687663 -0.29318848649415669 -0.1118975597102687 -0.32460437416358728
leaf_weight=47 162 10.999999999999998 809 124 166 124 970 673 180 141 517 680 158 70
leaf_count=20 60 3 308 61 72 49 489 94 85 58 241 95 66 31
internal_value=-0.00747464 0.542885 0.680406 1.08452 0.560872 -0.00803659 -0.273951 -0.300898 -0.0566648 -0.0896993 -0.356321 -0.239765 -0.0236591 -0.256813
internal_weight=4832 1576 1261 286 975 315 3256 2840 304 416 1487 1353 299 117
internal_count=1732 638 501 121 380 137 1094 919 134 175 730 189 124 51
is_linear=0
shrinkage=0.03


Tree=21
num_leaves=14
num_cat=0
split_feature=59 134 69 116 72 94 96 136 83 9 96 113 15
split_gain=729120 90971.9 49236.9 29788.1 29637 29071.7 24925.8 12992.9 10391.5 10176.9 5042.98 4759.21 4376.8
threshold=17.168200000000002 61.314 5.2941050000000009 29.572166666666671 193.67050000000003 0.14485400000000001 26.379900000000003 1.0000000180025095e-35 2.7197549999999984 258.10850000000005 20.307550000000003 30.964500000000005 2.5404352590247297
decision_type=2 8 2 8 2 2 2 2 2 2 2 8 2
left_child=1 3 5 -1 8 -3 -4 10 -2 -5 -6 -10 -9
right_child=4 2 6 9 7 -7 -8 12 11 -11 -12 -13 -14
leaf_value=-0.45215607056865148 0.59080938098741609 0.35458470122460961 -0.01153413837296622 0.89462168472290027 -0.40718235522186697 0.97277843426662858 0.5907705274056797 -0.27632843563850956 -0.17604505758206856 0.26552123064424288 -0.29401899449673286 0.013695148819358247 -0.16628038408845661
leaf_weight=52 22 80 83 24 610 547 241 558 196 361 897 300 799
leaf_count=27 15 32 29 7 340 217 97 79 83 150 404 129 112
internal_value=-0.00397294 0.57475 0.73929 0.215799 -0.241586 0.894597 0.436906 -0.279343 -0.032686 0.306962 -0.340067 -0.0614802 -0.211705
internal_weight=4770 1388 951 437 3382 627 324 2864 518 385 1507 496 1357
internal_count=1721 559 375 184 1162 249 126 935 227 157 744 212 191
is_linear=0
shrinkage=0.03


Tree=22
num_leaves=15
num_cat=0
split_feature=59 132 84 72 106 96 96 134 136 115 96 91 74 116
split_gain=659251 100077 45679.2 28565.5 28200.8 25463.3 22008.6 15242.8 10007.3 9651.6 4418.1 4171.69 4009.73 3813
threshold=17.168200000000002 158.84523809523813 334.77583333333331 193.67050000000003 0.95242846126021108 39.00010000000001 33.467800000000004 64.159541666666684 1.0000000180025095e-35 87.398500000000013 20.307550000000003 1007.8550000000001 0.068020150000000015 35.279166666666676
decision_type=2 8 2 2 2 2 2 8 2 8 2 2 2 10
left_child=1 4 6 9 7 -4 -3 -1 10 13 -5 -11 -10 -2
right_child=3 2 5 8 -6 -7 -8 -9 12 11 -12 -13 -14 -15
leaf_value=0.16658082173497513 -0.14591879063228083 0.8483743855641438 0.50557821641898293 -0.39429164358557295 -0.37850855840672737 0.94013346767716277 1.4695492630884686 0.53708306976417441 -0.13943880323255037 0.10403550985881262 -0.28574725806229423 0.72310894685089577 -0.25393862456019889 0.025023274706345851
leaf_weight=289 260 129 497 579 63 163 93 153 442 20 862 19 751 213
leaf_count=127 103 53 189 325 29 69 44 54 61 20 403 15 107 86
internal_value=0.00376746 0.54841 0.741104 -0.23645 0.211057 0.614165 1.11403 0.295761 -0.276293 -0.0313331 -0.329606 0.416248 -0.211672 -0.0690439
internal_weight=4533 1387 882 3146 505 660 222 442 2634 512 1441 39 1193 473
internal_count=1685 565 355 1120 210 258 97 181 896 224 728 35 168 189
is_linear=0
shrinkage=0.03


Tree=23
num_leaves=15
num_cat=0
split_feature=59 132 64 82 111 73 59 136 134 96 129 64 73 71
split_gain=629611 103478 43480.5 31968.6 25710.7 25065.7 17252.8 11359.2 9931.08 6299.13 5302.31 4587.29 3778.03 3273.15
threshold=17.168200000000002 157.92857142857147 423.17900000000003 2399.5333333333347 0.11374433340900002 491.12100000000004 4.4357350000000011 1.0000000180025095e-35 64.159541666666684 27.075750000000003 116.50000000000001 491.92050000000006 1558.7450000000001 52.181700000000006
decision_type=2 8 2 2 2 2 2 2 8 2 8 2 2 2
left_child=1 3 4 8 -3 10 -4 12 -1 -5 -2 -9 -7 -12
right_child=5 2 6 9 -6 7 -8 11 -10 -11 13 -13 -14 -15
leaf_value=0.22512880890217235 -0.10607034431181608 0.6403219280829352 0.02024428710516761 -0.37803194884131935 1.0571671142199084 -0.25810601811758538 0.54862191278230055 -0.080059426894230123 0.61443050921112297 0.01574092785853606 0.20030823909147427 -0.22947943518533334 -0.36011959707624791 -0.081412935027788416
leaf_weight=234 371 247 67 84 308 512 329 225 79 64 103 1077 982 57
leaf_count=103 150 92 26 32 113 308 135 32 30 27 56 151 429 32
internal_value=-0.00767591 0.522896 0.701571 0.153578 0.873143 -0.232944 0.459508 -0.268819 0.32504 -0.208769 -0.0438873 -0.203742 -0.325357 0.100044
internal_weight=4739 1412 951 461 555 3327 396 2796 313 148 531 1302 1494 160
internal_count=1716 558 366 192 205 1158 161 920 133 59 238 183 737 88
is_linear=0
shrinkage=0.03


Tree=24
num_leaves=15
num_cat=0
split_feature=59 65 14 118 78 72 59 83 41 136 82 111 96 72
split_gain=626281 96035 48648.3 35453.7 29943.6 27006.7 19480.2 10977.4 10972.2 10654.2 9662.14 6027.65 4929.41 4902.9
threshold=16.949650000000002 1534.3000000000004 259.54950000000002 69.815357142857152 0.58132862733518365 197.39100000000005 4.4357350000000011 2.8639566666666654 0.55895050000000013 1.0000000180025095e-35 2675.7066666666678 0.16995841011800003 20.307550000000003 437.1855000000001
decision_type=2 2 2 8 2 2 2 2 2 2 2 2 2 2
left_child=1 2 4 10 -1 7 -5 11 -4 12 -3 -2 -7 -11
right_child=5 3 8 6 -6 9 -8 -9 -10 13 -12 -13 -14 -15
leaf_value=1.3583535416143402 0.1263246660232544 0.18233837212231011 0.62994494933192069 0.041001869916915894 0.79688067891451775 -0.37945019131497693 0.55361250134739415 -0.073984201852986056 0.2648774714408777 -0.13487235942298503 -0.1629889803555474 0.7913170168161392 -0.26776100180168216 -0.24978846707701041
leaf_weight=138 33 159 216 83 244 623 343 508 116 613 133 19 871 747
leaf_count=46 17 67 103 29 85 345 135 228 45 87 48 16 396 104
internal_value=-0.000925602 0.525451 0.771671 0.279866 1.00274 -0.221804 0.454075 -0.0312488 0.503579 -0.259169 0.0250192 0.379705 -0.31456 -0.198131
internal_weight=4846 1432 714 718 382 3414 426 560 332 2854 292 52 1494 1360
internal_count=1751 558 279 279 131 1193 164 261 148 932 115 33 741 191
is_linear=0
shrinkage=0.03


Tree=25
num_leaves=15
num_cat=0
split_feature=107 14 72 78 47 72 113 79 72 65 80 67 107 56
split_gain=621724 102158 44827 39877.2 19252.7 18604.1 15562.1 12609.8 7990.5 4553.23 3902.57 2513.28 2480.28 2465.09
threshold=0.31595530242620651 260.23364285714291 106.71300000000001 0.45012427727886845 0.33037250000000007 40.136250000000011 26.872500000000006 8.8658500000000036 139.95300000000003 2546.8500000000008 3.3952999999999993 32.35155000000001 -0.14250536273956091 0.065235500000000016
decision_type=2 2 2 2 2 2 8 2 2 2 2 2 2 2
left_child=6 3 5 -2 -5 -3 9 -4 12 13 -10 -11 -8 -1
right_child=1 2 7 4 -6 -7 8 -9 10 11 -12 -13 -14 -15
leaf_value=-0.12065953716617421 1.3771752052307129 0.78170379505939502 -0.058205867399968976 0.82803891210729275 0.48314198804076974 0.35868966710522454 -0.14092598314803431 0.27845280418676488 -0.15850235145556033 -0.35441513431735927 -0.26555632699888826 -0.25878609136817848 0.084032889932618093 -0.27027435096730007
leaf_weight=162 83 132 289 331 271 330 65 152 920 933 466 358 132 266
leaf_count=52 28 61 132 115 85 148 21 79 237 300 188 101 62 104
internal_value=-0.00275121 0.484855 0.2748 0.760951 0.673842 0.480985 -0.237328 0.0581914 -0.16927 -0.299865 -0.194664 -0.32812 0.00945586 -0.214065
internal_weight=4890 1588 903 685 602 462 3302 441 1583 1719 1386 1291 197 428
internal_count=1713 648 420 228 200 209 1065 211 508 557 425 401 83 156
is_linear=0
shrinkage=0.03


Tree=26
num_leaves=15
num_cat=0
split_feature=59 105 96 12 72 136 63 113 12 83 96 67 56 81
split_gain=478901 67783.8 39493.9 24625.8 23615 17014.6 12913 10132.1 8379.27 7333.37 6943.68 3441.25 2183.49 1896.33
threshold=17.168200000000002 0.044897250000000007 28.536800000000003 257.81083333333339 311.02500000000003 1.0000000180025095e-35 3.2488800000000002 24.840000000000003 271.1375000000001 2.8639566666666654 23.765500000000003 29.390150000000002 0.065235500000000016 1.2794999999999848
decision_type=2 2 2 2 2 2 2 8 2 2 2 2 2 2
left_child=1 2 5 -4 7 -1 13 -2 -8 -9 11 -6 -12 -3
right_child=4 6 3 -5 10 -7 8 9 -10 -11 12 -13 -14 -15
leaf_value=0.4851601097724268 -0.26079479080724716 0.2396633679517384 0.93203889220555625 0.56479922029704177 -0.41454974436277853 0.058613778475304718 0.20353650608501933 0.31647197866439819 -0.18541721009879275 -0.064984178912805626 -0.12331670066457207 -0.27992339195207216 -0.23164260188249103 0.51239234108148612
leaf_weight=209 249 57 269 444 203 141 75 47 144 827 312 1276 373 42
leaf_count=110 109 30 98 166 91 21 34 29 69 323 57 396 138 17
internal_value=-0.00714546 0.46145 0.576318 0.704467 -0.204103 0.313988 0.076864 -0.092362 -0.0518806 -0.0441294 -0.262019 -0.298671 -0.182559 0.359363
internal_weight=4668 1381 1063 713 3287 350 318 1123 219 874 2164 1479 685 99
internal_count=1688 545 395 264 1143 131 150 461 103 352 682 487 195 47
is_linear=0
shrinkage=0.03


Tree=27
num_leaves=15
num_cat=0
split_feature=107 63 76 134 64 132 96 62 62 81 82 136 57 96
split_gain=529375 86357.9 48703.1 39545.1 23160.7 20337.3 13463.1 9670.36 6452.94 5618.1 4815.59 3826.56 3736.38 2964.52
threshold=0.31595530242620651 3.1160800000000006 0.39100740392820887 64.159541666666684 227.62750000000003 176.07142857142858 23.765500000000003 -4.6496799999999991 -0.20538249999999997 -1.2495000000000116 1260.1271666666682 1.0000000180025095e-35 29.583500000000004 19.359000000000005
decision_type=2 2 2 8 2 10 2 2 2 2 2 2 2 2
left_child=6 3 7 9 -5 -4 8 -3 13 -2 -8 -10 -12 -1
right_child=1 2 5 4 -6 -7 10 -9 11 -11 12 -13 -14 -15
leaf_value=-0.26288657400699755 0.67009344360650303 2.0516675720214845 0.30758584663168492 1.5109257475246083 0.77848869241318053 0.73485604674704119 0.377064373165369 -0.040653779717952629 -0.32316465702923924 0.2744727771909431 -0.18454665148494809 -0.23420787967158729 -0.069358388245384636 0.016682947413325308
leaf_weight=51 40 0.999999999999999 316 43 463 148 14.999999999999998 336 1030 171 802 784 373 99
leaf_count=32 17 1 111 15 186 76 11 164 511 75 262 111 83 42
internal_value=0.000567984 0.460697 0.24614 0.69971 0.843595 0.445164 -0.220964 -0.0283846 -0.269232 0.352293 -0.14114 -0.28487 -0.148073 -0.0794623
internal_weight=4672 1518 801 717 506 464 3154 337 1964 211 1190 1814 1175 150
internal_count=1697 645 352 293 201 187 1052 165 696 92 356 622 345 74
is_linear=0
shrinkage=0.03


Tree=28
num_leaves=15
num_cat=0
split_feature=107 61 63 134 86 96 10 96 78 77 48 132 111 42
split_gain=478324 87201.8 44193.7 26175.4 15918.2 15604.8 13680.7 13193 6027.22 5667.04 3943.4 3388.08 1972.55 1789.23
threshold=0.31595530242620651 2.1520300000000003 3.1160800000000006 64.159541666666684 18.530100000000004 26.491050000000005 254.76200000000003 23.486600000000003 0.86935540612590112 0.23401271973572371 0.17336916666666688 83.214285714285737 0.13016560506450003 0.54326468799145344
decision_type=2 2 2 8 2 2 2 2 2 2 2 8 2 2
left_child=7 2 3 -2 -3 -4 -6 9 13 10 -1 -10 -11 -9
right_child=1 4 5 -5 6 -7 -8 8 11 12 -12 -13 -14 -15
leaf_value=-0.60495066833496092 0.40198322383942225 0.97235072307586656 0.050251581958154351 0.83234205676213335 1.1279304199218747 0.43699820374104287 -0.057486155789300615 0.14548028052007994 -0.22866231937436243 0.24601965830326084 -0.26045056684758028 -0.11796365567616374 -0.093496313559475228 -0.056588563591241835
leaf_weight=30 177 13.999999999999998 122 481 7.9999999999999991 411 331 76 385 19 1944 716 66 80
leaf_count=13 76 4 43 191 5 174 156 31 117 11 657 207 27 32
internal_value=-0.00581684 0.430181 0.552831 0.717367 0.0159639 0.34874 -0.0262677 -0.208896 -0.132137 -0.255668 -0.265991 -0.156848 -0.0155914 0.0421357
internal_weight=4860 1544 1191 658 353 533 339 3316 1257 2059 1974 1101 85 156
internal_count=1744 649 484 267 165 217 161 1095 387 708 670 324 38 63
is_linear=0
shrinkage=0.03


Tree=29
num_leaves=15
num_cat=0
split_feature=59 63 65 96 102 118 61 113 128 59 86 60 71 49
split_gain=469068 70643.5 33343.2 28618.5 24285.6 16849.3 14965.4 14686.7 14568.9 11927.4 8466.63 6208.42 5861.66 5238.24
threshold=15.863900000000003 2.8330850000000005 1393.1950000000004 26.379900000000003 33.858450000000005 69.815357142857152 1.8263850000000004 27.809000000000005 170.50000000000003 11.835900000000001 18.530100000000004 66.477350000000015 48.313900000000011 0.024712867916580453
decision_type=2 2 2 2 2 8 2 8 8 2 2 2 2 2
left_child=1 4 8 13 6 -5 -1 -4 11 -6 -9 -2 -10 -3
right_child=2 3 7 5 9 -7 -8 10 12 -11 -12 -13 -14 -15
leaf_value=0.69582355911232696 0.38035401281629289 0.50890710239410397 -0.26906326548783188 0.15582068896372064 0.7592455543385277 0.50698688039811024 0.08295679850910985 0.98831771266460422 0.82897330126269109 1.2740942488549982 -0.14244927402421698 -0.048043003564843763 0.24186484999457994 -0.07791790936099495
leaf_weight=257 34 13.999999999999998 1754 170 78 455 42 4.9999999999999991 28 102 1357 233 35 156
leaf_count=108 20 8 574 67 31 169 15 2 20 32 462 108 25 73
internal_value=0.000560692 0.492195 -0.181288 0.318134 0.779814 0.411876 0.610309 -0.211653 0.105198 1.05644 -0.137574 0.00771391 0.511724 -0.0268801
internal_weight=4720 1274 3446 795 479 625 299 3116 330 180 1362 267 63 170
internal_count=1714 503 1211 317 186 236 123 1038 173 63 464 128 45 81
is_linear=0
shrinkage=0.03


Tree=30
num_leaves=15
num_cat=0
split_feature=14 78 132 12 84 125 61 96 83 105 78 71 56 76
split_gain=439970 49960.4 34379.5 31599.6 30395.5 16346.5 13127.2 12364.2 10359.2 8475.42 6837.12 6787.04 5414.96 2882.2
threshold=275.88642857142861 0.56551202946476731 122.26785714285715 266.18416666666673 302.65566666666678 1.0000000180025095e-35 2.4492500000000006 23.592700000000004 3.2503699999999998 0.037713000000000003 0.77560201583472355 32.733350000000009 0.067469000000000015 0.39100740392820887
decision_type=2 2 10 2 2 10 2 2 2 2 2 2 2 2
left_child=1 4 7 5 -1 -3 -5 12 11 -6 -9 -4 -2 -10
right_child=2 3 8 6 9 -7 -8 10 13 -11 -12 -13 -14 -15
leaf_value=1.4711457433862203 -0.19698739086922026 0.54166693046572334 0.63239365712334139 0.28682107191505252 0.79541392376666931 -0.095726357625080999 -0.098161260539243192 0.15218279748535773 -0.042504189473085145 0.30232637716929117 -0.14084446561395411 0.11064517048427037 -0.29536040075093867 0.22237148930877443
leaf_weight=58 1054 663 50 242 126 38 118 76 160 44 1068 41 986 47
leaf_count=21 268 218 24 109 56 20 57 39 60 20 335 23 430 24
internal_value=0.00375492 0.477035 -0.171534 0.38978 0.879589 0.507024 0.160702 -0.200374 0.13623 0.670323 -0.121259 0.401111 -0.244657 0.0184022
internal_weight=4771 1289 3482 1061 228 701 360 3184 298 170 1144 91 2040 207
internal_count=1704 501 1203 404 97 238 166 1072 131 76 374 47 698 84
is_linear=0
shrinkage=0.03


Tree=31
num_leaves=15
num_cat=0
split_feature=59 105 96 82 127 62 82 62 61 82 61 96 61 96
split_gain=395413 72753.7 45986.3 22863.4 17936.5 16870.9 12014.4 8304.52 6494.85 3933.14 3757.47 2890.7 2595.32 2202.22
threshold=17.081800000000005 0.040206850000000009 35.493450000000003 884.78533333333417 86.500000000000014 -1.5779049999999997 2767.276666666668 0.78320950000000011 1.9166500000000002 1260.1271666666682 3.6839850000000003 22.513000000000002 3.8358000000000003 16.211250000000003
decision_type=2 2 2 2 8 2 2 2 2 2 2 2 2 2
left_child=1 2 5 -4 10 -1 8 9 -3 -6 -2 -9 -8 -12
right_child=4 6 3 -5 7 -7 12 11 -10 -11 13 -13 -14 -15
leaf_value=0.25141255384734845 -0.15181357078449681 0.31194666434722401 1.1884890065283142 0.66425247923025954 0.17275322803177615 0.55763859182755848 -0.076110372743598109 -0.21203425454299582 -0.018901938850038193 -0.043765296604834442 -0.36389136772354447 -0.10881250206292599 -0.36006214100973943 -0.24469152182586903
leaf_weight=348 384 145 105 284 87 307 96 427 84 531 161 580 41 1318
leaf_count=126 142 70 34 116 53 123 39 153 37 211 68 152 17 398
internal_value=-0.0012216 0.422553 0.550044 0.808448 -0.172603 0.395577 0.0583739 -0.0996646 0.19102 -0.0130498 -0.236133 -0.152752 -0.163104 -0.257906
internal_weight=4898 1410 1044 389 3488 655 366 1625 229 618 1863 1007 137 1479
internal_count=1739 562 399 150 1177 249 163 569 107 264 608 305 56 466
is_linear=0
shrinkage=0.03


Tree=32
num_leaves=15
num_cat=0
split_feature=14 63 72 81 61 77 132 113 115 109 95 74 72 76
split_gain=357825 52215 41019.9 27587.9 26030.5 19134 12549.1 10296.1 8715.26 5577.19 5441.84 4041.13 3508.49 2671.54
threshold=275.37964285714293 3.4746750000000004 106.71300000000001 -2.0169999999999955 -1.4261499999999998 0.51530988526122801 168.92857142857147 29.182500000000001 44.395000000000003 -0.56174490092936669 0.098693300000000012 6.9849200000000004e-06 463.72650000000004 -0.91036613647497056
decision_type=2 2 2 2 2 2 8 10 8 2 2 2 2 2
left_child=1 3 8 -1 6 -5 -3 12 13 -6 -10 -9 -4 -2
right_child=2 4 7 5 9 -7 -8 11 10 -11 -12 -13 -14 -15
leaf_value=1.1706896098499566 -0.05136586388735704 0.10671341794575838 -0.18989008666005383 0.32769866916100854 0.18429543844858803 0.67020505999081093 0.46954419473025588 -0.031313422897235439 0.43796484695843291 -0.24868854247286634 0.0057654674053192138 -0.15612138898004504 -0.26911984748339779 0.16210011337271757
leaf_weight=70 141 135 967 238 35 397 238 337 104 105 35 764 1085 83
leaf_count=24 51 42 395 103 18 157 99 124 59 54 20 223 331 33
internal_value=-0.0038813 0.439049 -0.157402 0.606497 0.208192 0.542554 0.338869 -0.19217 0.144284 -0.139882 0.329978 -0.117985 -0.231895 0.0280865
internal_weight=4734 1218 3516 705 513 635 373 3153 363 140 139 1101 2052 224
internal_count=1733 497 1236 284 213 260 141 1073 163 72 79 347 726 84
is_linear=0
shrinkage=0.03


Tree=33
num_leaves=15
num_cat=0
split_feature=59 96 106 106 12 72 63 115 40 56 65 113 96 97
split_gain=342305 57056.1 30642.4 23846.3 26565 18325.1 16119.1 6715.5 5584.74 4522.75 4390.55 3491.97 3168.24 3132.53
threshold=17.168200000000002 36.193350000000009 0.71503381463111937 -0.59869031648930193 258.68783333333346 286.97900000000004 3.6877450000000005 49.000500000000009 0.21483631276908691 0.065235500000000016 1245.3600000000004 21.166500000000003 21.748650000000005 39.52920000000001
decision_type=2 2 2 2 2 2 2 8 2 2 2 8 2 2
left_child=1 2 6 -3 -5 7 -1 11 -4 12 -9 -2 -7 -11
right_child=5 3 8 4 -6 9 -8 10 -10 13 -12 -13 -14 -15
leaf_value=0.43255117783342084 -0.2488763301416862 1.1890087865372778 0.025551681669134844 0.83317006999189613 0.2913485462150619 -0.2207931589333432 0.16544615197075266 0.2939946698853198 -0.35402504138946533 -0.38875665511890334 -0.015268687317393859 -0.072858690284785352 -0.11732487471678084 -0.24011464049604345
leaf_weight=524 120 70 75 172 157 588 335 67 64 146 105 640 495 1174
leaf_count=198 59 21 33 58 76 168 126 42 38 75 65 244 94 423
internal_value=-0.0105144 0.383557 0.261874 0.686493 0.576286 -0.175654 0.3287 -0.0626434 -0.150476 -0.219439 0.106186 -0.100945 -0.173656 -0.256839
internal_weight=4732 1397 998 399 329 3335 859 932 139 2403 172 760 1083 1320
internal_count=1720 550 395 155 134 1170 324 410 71 760 107 303 262 498
is_linear=0
shrinkage=0.03


Tree=34
num_leaves=15
num_cat=0
split_feature=59 63 76 113 78 72 132 115 96 15 114 130 96 96
split_gain=346968 61672 32797.5 24687.5 19643.2 18172.4 13187.3 6566.53 6241.89 6060.63 4180.3 3882.09 3755.62 3387.05
threshold=16.949650000000002 3.1160800000000006 0.39100740392820887 71.01100000000001 0.45937953528478176 245.91500000000002 158.84523809523813 81.757000000000019 19.815600000000003 2.8557671321092228 27.780500000000004 91.500000000000014 30.596750000000004 18.980300000000003
decision_type=2 2 2 8 2 2 8 8 2 2 10 10 2 2
left_child=1 3 10 9 -5 7 -4 13 -7 -1 -3 -10 -9 -2
right_child=5 2 6 4 -6 8 -8 12 11 -11 -12 -13 -14 -15
leaf_value=0.63387835721408625 -0.22688695665687014 -0.37824885277748105 0.097184613682619922 1.0846754414838389 0.61420755696828877 -0.271044245376795 0.42808674742967362 0.12027501683764988 -0.1968035071724131 0.25888729660451576 -0.03955193475839254 -0.093699096821554723 0.6482311678379773 -0.034785245492921814
leaf_weight=50 96 39 153 108 335 844 377 53 1363 177 184 437 14.999999999999998 561
leaf_count=14 51 21 63 43 127 338 140 41 412 67 75 110 15 222
internal_value=-0.00122014 0.391403 0.204686 0.600629 0.731095 -0.167124 0.332931 -0.0340052 -0.203599 0.343916 -0.100223 -0.17184 0.244486 -0.0631616
internal_weight=4792 1423 753 670 443 3369 530 725 2644 227 223 1800 68 657
internal_count=1739 550 299 251 170 1189 203 329 860 81 96 522 56 273
is_linear=0
shrinkage=0.03


Tree=35
num_leaves=15
num_cat=0
split_feature=107 73 76 82 10 104 67 104 127 11 96 73 72 127
split_gain=319132 70204.8 34055.7 26423.3 18786.8 14933.8 12984.5 7207.41 5571.73 5148.55 3863.01 3766.02 3756.82 1683.76
threshold=0.31595530242620651 119.61850000000003 -0.95121371726337711 884.78533333333417 266.85900000000004 38.958478571428579 32.23255000000001 29.321685714285717 91.500000000000014 263.80950000000001 20.192400000000003 228.36550000000003 467.46850000000006 69.500000000000014
decision_type=2 2 2 2 2 2 2 2 8 2 2 2 2 8
left_child=6 4 9 -4 5 -2 10 -6 -8 -3 13 -10 -12 -1
right_child=1 2 3 -5 7 -7 8 -9 11 -11 12 -13 -14 -15
leaf_value=-0.35908687777927939 0.79367903829524533 -0.56273262059061147 0.90952391304404046 0.2439701200117077 0.57734314552637245 0.38615449851268047 -0.15244949005115963 0.21018142312290991 0.12512320517500242 -0.051691916272206734 -0.12756913141354587 -0.069306900415351244 -0.25188656011747956 -0.25038394020881111
leaf_weight=174 342 18 58 622 77 110 902 131 107 274 496 528 397 586
leaf_count=91 124 9 18 246 41 26 256 58 45 126 193 142 126 232
internal_value=0.00711873 0.348211 0.185761 0.301995 0.586809 0.695581 -0.167437 0.348228 -0.104559 -0.0850177 -0.225802 -0.0363947 -0.18306 -0.275714
internal_weight=4822 1632 972 680 660 452 3190 208 1537 292 1653 635 893 760
internal_count=1733 648 399 264 249 150 1085 99 443 135 642 187 319 323
is_linear=0
shrinkage=0.03


Tree=36
num_leaves=15
num_cat=0
split_feature=9 78 130 96 63 118 47 96 104 4 56 75 29 96
split_gain=282447 50915.9 49120.7 26870.3 21494.1 13204.3 12149.5 10319.5 8231.52 6888.32 6371.39 5226.09 5042.9 3480.99
threshold=269.38150000000002 0.56551202946476731 121.50000000000001 39.00010000000001 3.1160800000000006 72.620571428571438 0.14676250000000005 22.207650000000005 27.49343571428572 47.459773781879939 0.065235500000000016 8.5800500000000017 39.003700000000009 14.003400000000001
decision_type=2 2 10 2 2 8 2 2 2 2 2 2 2 2
left_child=1 5 7 6 8 -1 -3 13 -4 -7 -9 -6 -5 -2
right_child=2 3 4 12 11 9 -8 10 -10 -11 -12 -13 -14 -15
leaf_value=0.36792091385523473 -0.3568004698272742 0.88477225580215446 0.81224529348417773 0.90525819055523193 -0.4522924509550395 1.366026197996296 0.26428029385804175 -0.047355369946573987 0.31309991946310373 0.85482641691631744 -0.1661776804058237 0.058477709138797497 0.51092422241634794 -0.20003549786149658
leaf_weight=26 141 29 42 83 18 60 625 816 105 53 810 353 53 1457
leaf_count=14 61 14 23 33 6 24 216 188 49 25 329 157 19 529
internal_value=-0.000106988 0.4678 -0.116366 0.373734 0.154577 0.995915 0.293108 -0.159934 0.460258 1.13589 -0.106615 0.0325391 0.756457 -0.214084
internal_weight=4671 929 3742 790 518 139 654 3224 147 113 1626 371 136 1598
internal_count=1687 345 1342 282 235 63 230 1107 72 49 517 163 52 590
is_linear=0
shrinkage=0.03


Tree=37
num_leaves=15
num_cat=0
split_feature=59 64 31 96 106 26 96 96 77 31 9 56 3 91
split_gain=330634 59296.6 23704.6 18930.6 17719.7 15749.4 12403.8 11182.6 9607.62 8664.84 8153.55 5770.4 2330.88 1409.41
threshold=17.081800000000005 380.73500000000007 1.7971512678957697 27.930600000000002 0.12545942051955489 0.95893600000000012 35.493450000000003 19.899350000000002 0.30702689860304938 0.24837220089604814 273.72550000000007 0.065235500000000016 53.145049999999991 998.00850000000003
decision_type=2 2 2 2 2 2 2 2 2 2 2 2 2 2
left_child=1 2 6 9 -5 -4 -1 12 11 -3 -10 -9 13 -2
right_child=7 3 5 4 -6 -7 -8 8 10 -11 -12 -13 -14 -15
leaf_value=0.71991150482495625 -0.2218317825389223 2.0106956634521485 0.17614581806355331 0.49373074008354401 0.15987832201841057 0.61601330636408957 1.3852398288882508 -0.083614767762363193 0.86314578069959358 0.029464652064816358 0.064783043818687325 -0.17840517991887861 -0.15536668277635024 -0.30305202363537609
leaf_weight=62 435 0.999999999999999 93 297 278 363 48 1204 12.999999999999998 310 66 1117 259 378
leaf_count=29 138 1 35 104 109 143 22 270 10 128 29 452 90 176
internal_value=0.00470933 0.384695 0.624386 0.231039 0.332883 0.526892 1.02013 -0.154266 -0.118195 0.0422689 0.205344 -0.129292 -0.234834 -0.259924
internal_weight=4924 1452 566 886 575 456 110 3472 2400 311 79 2321 1072 813
internal_count=1736 571 229 342 213 178 51 1165 761 129 39 722 404 314
is_linear=0
shrinkage=0.03


Tree=38
num_leaves=13
num_cat=0
split_feature=77 134 62 86 96 84 115 128 85 56 102 84
split_gain=284366 53453.7 40905.6 34911.1 17182.4 11058.1 9895.48 9488.43 6398.2 6156.4 5010 1940.48
threshold=0.30702689860304938 64.159541666666684 -1.6907549999999998 19.416350000000005 25.887200000000004 284.26749999999998 101.87000000000002 168.50000000000003 0.037828695000000065 0.067469000000000015 22.848700000000004 558.7795000000001
decision_type=2 8 2 2 2 2 8 8 2 2 2 2
left_child=3 8 6 -1 9 -4 -3 -6 10 -5 -2 -10
right_child=1 2 5 4 7 -7 -8 -9 11 -11 -12 -13
leaf_value=0.73346366043788624 0.36658466593014827 0.22617052693415071 1.107803316752116 -0.14471907690372601 -0.066508465857936599 0.66588916938876441 0.5674545228897947 0.25824501666724681 0.027058918921084241 -0.23791487406056758 0.099528282072274904 -0.20767558888435364
leaf_weight=40 96 309 62 1437 807 364 102 89 86 1159 185 49
leaf_count=16 45 103 19 358 263 145 54 52 38 531 72 22
internal_value=0.000614937 0.388723 0.526743 -0.137139 -0.14732 0.732656 0.312048 -0.0339953 0.110418 -0.186404 0.191752 -0.0590195
internal_weight=4785 1253 837 3532 3492 426 411 896 416 2596 281 135
internal_count=1718 498 321 1220 1204 164 157 315 177 889 117 60
is_linear=0
shrinkage=0.03


Tree=39
num_leaves=15
num_cat=0
split_feature=59 63 72 78 14 14 76 9 32 56 94 72 134 64
split_gain=284002 42185.9 25694 17138.3 18839 15285.2 13886 9958.2 8987.97 6463.94 3980.46 3625.05 2965.33 2554.01
threshold=15.742700000000001 3.1160800000000006 121.22200000000002 0.56551202946476731 259.54950000000002 272.6344285714286 0.39100740392820887 246.88450000000003 36.964692857142857 0.065235500000000016 0.21699700000000002 470.08450000000005 15.937389285714287 471.44600000000008
decision_type=2 2 2 2 2 2 2 2 2 2 2 2 10 2
left_child=1 3 5 4 -1 -2 10 -8 -5 11 -3 -4 -7 -11
right_child=2 6 9 8 -6 12 7 -9 -10 13 -12 -13 -14 -15
leaf_value=0.99587548403088122 0.57709731679492526 -0.2086801212264941 -0.081597337549323939 0.22359367859214543 0.43636018833232693 0.53001510114669803 0.73505557330819071 0.25452204671421563 0.54409548506522321 -0.12617799664531218 0.099439193932215356 -0.1741074374780989 0.0033894094865305298 -0.22456748163272813
leaf_weight=138 53 64 888 119 93 8.9999999999999982 42 443 245 294 89 672 256 1346
leaf_count=45 24 32 229 53 43 9 11 181 82 169 36 155 116 531
internal_value=-0.00251536 0.389091 -0.139839 0.570692 0.773481 0.117055 0.219098 0.297568 0.440224 -0.165398 -0.029946 -0.121536 0.0232114 -0.207019
internal_weight=4751 1233 3518 595 231 318 638 485 364 3200 153 1560 265 1640
internal_count=1716 483 1233 223 88 149 260 192 135 1084 68 384 125 700
is_linear=0
shrinkage=0.03


Tree=40
num_leaves=15
num_cat=0
split_feature=134 78 72 77 109 86 71 128 38 113 12 77 99 67
split_gain=236829 40842.5 30556.1 23673.3 17509.1 17304.8 10143.5 9519.84 9358.1 5768.73 5434.86 3194.01 2729.74 2674.42
threshold=61.314 0.56551202946476731 209.35300000000004 0.23401271973572371 -0.56174490092936669 18.279850000000003 28.659950000000002 113.50000000000001 0.26044850000000003 27.616000000000003 255.22516666666669 0.091403564729742745 0.17341850000000003 30.102600000000006
decision_type=10 2 2 2 2 2 2 8 2 8 2 2 2 2
left_child=2 4 7 5 -2 -3 -5 12 -6 13 -9 -11 -1 -4
right_child=1 3 9 6 8 -7 -8 10 -10 11 -12 -13 -14 -15
leaf_value=-0.33807294068634508 0.23115953642981391 0.74418920803070054 -0.26688225665647874 0.28285999248872201 0.55266066936306335 -0.12225340568361912 0.52661938364836181 0.56777324970245358 1.0887832224434668 -0.13107737792808621 0.11090642705831677 0.048043444370736883 -0.041216942835156568 -0.18011111953039652
leaf_weight=29 41 23 439 359 45 152 275 24 108 1101 399 97 403 1247
leaf_count=18 16 7 187 130 19 74 107 10 40 339 193 44 169 365
internal_value=-0.0105482 0.398559 -0.120371 0.304118 0.788792 -0.00477972 0.389259 0.0371029 0.935732 -0.167053 0.138113 -0.116544 -0.0618865 -0.202851
internal_weight=4742 1003 3739 809 194 175 634 855 153 2884 423 1198 432 1686
internal_count=1718 393 1325 318 75 81 237 390 59 935 203 383 187 552
is_linear=0
shrinkage=0.03


Tree=41
num_leaves=15
num_cat=0
split_feature=10 78 72 95 111 133 78 92 55 72 118 61 59 67
split_gain=245686 33799.6 29545.9 26903.5 16279.7 10792.4 9498.58 8285.11 6642.43 6404.14 5686.57 3707.2 3335.93 2509.78
threshold=273.48800000000006 0.56551202946476731 113.79200000000002 0.044637300000000012 0.093019441244500012 14.807494862924717 0.92604358281329968 0.02012851699999953 0.21199000000000004 31.801700000000004 25.752428571428574 3.9846650000000001 14.987050000000002 29.548550000000002
decision_type=2 2 2 2 2 8 2 2 2 2 8 2 2 2
left_child=1 5 7 4 -3 -1 -5 9 -7 -2 13 -12 -9 -4
right_child=2 3 10 6 -6 8 -8 12 -10 -11 11 -13 -14 -15
leaf_value=1.0103696824312212 0.6782766629094662 0.19211960021125954 -0.28435127052717979 0.20147840753682822 0.48399974443885729 0.75847369310672463 -0.23708234711315318 -0.45272881843384938 0.30365706325832159 0.15637329597486294 -0.055682414476787401 -0.14584396040671316 -0.024615825947651191 -0.17798035153537989
leaf_weight=80 22 262 251 85 511 64 91 18 56 288 605 1288 120 1049
leaf_count=29 11 91 113 33 201 37 40 12 15 128 239 382 48 338
internal_value=0.002346 0.384619 -0.118361 0.30932 0.38545 0.738583 -0.0253188 0.109597 0.550514 0.195483 -0.15037 -0.117075 -0.0833335 -0.198723
internal_weight=4790 1149 3641 949 773 200 176 448 120 310 3193 1893 138 1300
internal_count=1717 446 1271 365 292 81 73 199 52 139 1072 621 60 451
is_linear=0
shrinkage=0.03


Tree=42
num_leaves=13
num_cat=0
split_feature=107 96 14 65 10 106 130 78 1 96 131 42
split_gain=208105 31996 22893.4 20547.2 16446.2 12322.7 11839.1 11429.2 7512.74 5937.07 5921.62 4164.72
threshold=0.71952396275653763 34.14950000000001 270.565 1534.3000000000004 250.66300000000004 -0.52766804058324157 96.500000000000014 0.83049756411771847 208.10550000000003 20.307550000000003 16.743157806499152 0.59818190374013469
decision_type=2 2 2 2 2 2 10 2 2 2 8 2
left_child=1 6 -3 4 -2 -5 9 -6 -7 -1 -4 -8
right_child=3 2 10 5 7 8 11 -9 -10 -11 -12 -13
leaf_value=-0.21754082454180354 0.92521504300290891 1.1474253128715184 0.040010747014171018 0.68573825139658784 0.50921957360031855 0.083585366867628741 0.0025671850205782583 0.21724918815290387 0.4679848625974522 -0.12597027946200548 0.42503878031701453 -0.15409956095621063
leaf_weight=1005 65 22 136 41 405 305 679 175 53 1761 48 196
leaf_count=387 23 6 51 26 161 121 231 59 24 531 25 76
internal_value=-0.00633728 -0.108293 0.254614 0.369098 0.47376 0.199138 -0.128891 0.421656 0.141647 -0.159309 0.142224 -0.0326586
internal_weight=4891 3847 206 1044 645 399 3641 580 358 2766 184 875
internal_count=1721 1307 82 414 243 171 1225 220 145 918 76 307
is_linear=0
shrinkage=0.03


Tree=43
num_leaves=15
num_cat=0
split_feature=134 78 132 96 48 105 73 56 45 40 31 77 96 77
split_gain=199512 35467.7 31482.9 18693.1 17146.4 12066.4 10147 6896.66 6529.69 6098.91 5995.7 4265.09 3916.2 2952.97
threshold=64.159541666666684 0.59002124251243826 108.73214285714288 26.379900000000003 0.23819266666666669 0.015748450000000004 119.61850000000003 0.065235500000000016 0.28177650000000004 0.36683574160682242 3.1367192832067521 0.13566924615559603 22.513000000000002 0.23401271973572371
decision_type=10 2 8 2 2 2 2 2 2 2 2 2 2 2
left_child=2 5 7 10 -5 8 9 12 -2 -4 -3 -8 -1 -9
right_child=1 3 6 4 -6 -7 11 13 -10 -11 -12 -13 -14 -15
leaf_value=-0.14091808411336915 0.5307926198590186 0.24858228946359531 0.3949058724812099 0.79939359731931947 0.3126084640070465 0.39191756276394191 -0.055135270665967608 -0.19645119665586103 1.0753324817169545 -0.032453629751757876 -0.087845665795379307 0.10703636184663373 -0.045472656533638439 0.0056403619672941128
leaf_weight=859 30 75 118 73 585 56 327 1469 85 40 127 262 706 68
leaf_count=219 10 33 65 30 205 28 172 587 32 17 52 124 156 32
internal_value=-0.000968498 0.369454 -0.100261 0.290354 0.367749 0.763247 0.0745005 -0.142358 0.939105 0.287171 0.0376601 0.0170563 -0.0979194 -0.18751
internal_weight=4880 1031 3849 860 658 171 747 3102 115 158 202 589 1565 1537
internal_count=1762 390 1372 320 235 70 378 994 42 82 85 296 375 619
is_linear=0
shrinkage=0.03


Tree=44
num_leaves=13
num_cat=0
split_feature=107 72 15 111 111 113 61 106 31 60 48 29
split_gain=185902 30649.8 22106 18115.8 13308.6 12837 11838.7 9219.58 6383.44 4566.62 3627.02 2801.37
threshold=0.70747208174348741 40.136250000000011 3.2467355003986911 0.08554059492600001 0.12569908571400004 30.964500000000005 2.9361450000000002 -0.59869031648930193 3.7476713445387526 59.993050000000004 0.18620016666666642 40.004900000000013
decision_type=2 2 2 2 2 8 2 2 2 2 2 2
left_child=1 -1 4 8 11 10 -5 -6 -4 -7 -3 -2
right_child=2 5 3 6 7 9 -8 -9 -10 -11 -12 -13
leaf_value=0.53738982716473671 0.44635927212622856 -0.43965060555644148 0.12024675660952926 0.37501351231146085 1.1681216989377652 0.063585413896545914 -0.10451291330246364 0.62083048625787096 -0.29556763098673389 -0.070729868479760691 -0.15373045511086034 0.13858259173035622
leaf_weight=65 92 40 83 570 40 290 50 107 54 1050 2203 39
leaf_count=21 32 24 37 229 18 101 22 40 18 411 723 20
internal_value=-0.00268086 -0.103375 0.351982 0.26734 0.580668 -0.115146 0.336231 0.77666 -0.0445833 -0.0416337 -0.159024 0.356498
internal_weight=4683 3648 1035 757 278 3583 620 147 137 1340 2243 131
internal_count=1696 1280 416 306 110 1259 251 58 55 512 747 52
is_linear=0
shrinkage=0.03


Tree=45
num_leaves=15
num_cat=0
split_feature=59 63 61 81 6 59 31 72 137 129 18 78 97 97
split_gain=181450 32116.5 20382.8 15014.5 13553.7 12092.3 9450.57 9131.17 4300.83 2852.14 2457.17 2207.69 2031.5 1875.03
threshold=17.168200000000002 3.1160800000000006 -0.61995149999999988 -1.9215000000000371 26.209256257384656 4.4357350000000011 0.21897133788158071 242.03550000000004 1.0000000180025095e-35 169.50000000000003 16.341800000000003 0.86935540612590112 46.439600000000006 39.964300000000009
decision_type=2 2 2 2 2 2 2 2 2 8 2 2 2 2
left_child=1 3 5 -1 -5 -3 -4 9 12 11 -11 -2 -9 -10
right_child=7 2 6 4 -6 -7 -8 8 13 10 -12 -13 -14 -15
leaf_value=0.86382067902882897 0.031226546450084387 -0.093654606020009079 1.9607067260742188 0.8254210421357836 0.33521614595425703 0.30663094120765549 -0.11138872341673563 -0.17246020820345687 -0.29424377600819457 0.40139868052482602 0.0015081242602318524 -0.083866782812463445 -0.096750422113136905 -0.17854283145367555
leaf_weight=62 232 80 0.999999999999999 55 619 434 231 438 152 24 31 421 1200 823
leaf_count=24 88 30 1 20 237 166 107 121 89 15 30 166 304 322
internal_value=0.00213932 0.278059 0.139056 0.418568 0.376386 0.244263 -0.0940677 -0.121036 -0.146922 -0.0254214 0.180111 -0.0429862 -0.11709 -0.196866
internal_weight=4803 1482 746 736 674 514 232 3321 2613 708 55 653 1638 975
internal_count=1720 585 304 281 257 196 108 1135 836 299 45 254 425 411
is_linear=0
shrinkage=0.03


Tree=46
num_leaves=14
num_cat=0
split_feature=107 78 77 122 86 64 12 78 114 48 60 89 97
split_gain=156823 28064.4 19395.8 17555.8 16843.4 15715.2 12244.9 5181.69 3954.86 2319.71 1907.97 1882.94 1134.29
threshold=0.31595530242620651 0.55646347560953668 0.23401271973572371 123.14500000000001 18.530100000000004 232.07550000000003 257.81083333333339 0.86241702114873975 23.135000000000002 0.26773800000000009 76.912650000000014 410.97200000000004 31.576550000000005
decision_type=2 2 2 8 2 2 2 2 8 2 2 2 2
left_child=7 5 4 -4 -3 -2 -7 10 12 -10 11 -1 -9
right_child=1 2 3 -5 -6 6 -8 8 9 -11 -12 -13 -14
leaf_value=0.40963906761316154 1.2110805462731256 0.78079574370011673 -0.22496329959668218 0.28979795923124163 -0.038604901551026999 0.78485092127323153 0.30738882310336896 -0.33322407448291774 -0.29031845057010647 -0.10480496226146968 -0.1374993430752503 0.034338085911878029 -0.180135334032023
leaf_weight=11.999999999999998 26 23 63 927 380 67 177 47 62 1959 56 166 756
leaf_count=9 9 7 33 338 176 22 79 25 33 606 29 67 276
internal_value=0.00561289 0.239997 0.185482 0.256843 0.00996938 0.519521 0.441176 -0.121886 -0.133124 -0.110638 0.0137119 0.0618032 -0.189503
internal_weight=4721 1663 1393 990 403 270 244 3058 2824 2021 234 178 803
internal_count=1709 664 554 371 183 110 101 1045 940 639 105 76 301
is_linear=0
shrinkage=0.03


Tree=47
num_leaves=15
num_cat=0
split_feature=107 76 15 68 117 73 76 116 90 73 50 65 75 106
split_gain=157827 28543.8 19799.4 18047 13872.9 13200.1 7929.35 5429.1 4120.52 3011.94 2229.91 2134.61 1805.35 1653.92
threshold=0.29958852271690523 -0.95068815713798938 3.869918753112628 940.14200000000017 6.7968936131365441 137.13750000000002 -0.99338312219450564 26.346166666666672 1044.5700000000004 303.15750000000008 0.32277592857142856 2265.9350000000004 24.946000000000002 -0.9731273977605811
decision_type=2 2 2 2 10 2 2 8 2 2 2 2 2 2
left_child=7 5 4 -4 -3 6 -2 11 -7 -9 -11 13 -13 -1
right_child=1 2 3 -5 -6 8 -8 9 -10 10 -12 12 -14 -15
leaf_value=0.068519994109869004 0.54062638745989111 0.77793184297454765 0.53937181701416703 0.16175096793304938 0.38341934351869622 -0.28746097724895237 0.1001376369904388 0.021674246969777093 -0.019652769955806434 -0.26020609366289665 -0.090516651556150379 -0.21948464264591649 -0.1438706013340946 -0.12266472606384947
leaf_weight=47 55 115 141 585 277 70 109 212 191 73 1316 588 571 278
leaf_count=16 21 47 62 242 103 38 45 86 94 35 408 222 174 104
internal_value=0.00193577 0.249562 0.329059 0.235736 0.500849 0.0401506 0.250262 -0.121957 -0.0923132 -0.0835512 -0.0996178 -0.163305 -0.182391 -0.0948819
internal_weight=4628 1543 1118 726 392 425 164 3085 261 1601 1389 1484 1159 325
internal_count=1697 652 454 304 150 198 66 1045 132 529 443 516 396 120
is_linear=0
shrinkage=0.03


Tree=48
num_leaves=15
num_cat=0
split_feature=59 65 96 103 42 96 129 51 68 113 62 73 4 68
split_gain=159135 35134 13165.6 16765.7 12015.3 9062.91 7268.76 7158.27 5088.74 3980.16 3655.46 3142.37 1498.06 800.766
threshold=17.168200000000002 1245.3600000000004 35.266400000000012 33.411383333333355 0.45869349543124333 27.075750000000003 173.50000000000003 0.047274740695288121 1391.1000000000001 18.954000000000004 0.22127200000000005 94.169150000000016 8.4868694741299997 600.49400000000014
decision_type=2 2 2 2 2 2 8 2 2 8 2 2 2 2
left_child=1 2 6 -4 7 9 -1 -3 -6 13 -11 -7 -13 -2
right_child=5 4 3 -5 8 11 -8 -9 -10 10 -12 12 -14 -15
leaf_value=0.23208675128577361 -0.078094526895454944 0.72098308181762694 0.85626588549379445 0.37567936447504408 -0.24685101421656919 0.2386955861811127 0.52212819467272076 0.16815705824783131 0.14168199046055477 -0.035064480263799581 -0.13748407833307638 -0.081664349412084905 0.010057396889444372 -0.25317150152581075
leaf_weight=267 27 21 121 147 93 41 111 582 44 373 2000 278 376 272
leaf_count=82 8 6 47 56 39 23 64 230 24 155 634 82 126 131
internal_value=0.00196209 0.272406 0.433928 0.595048 0.131001 -0.109411 0.318418 0.188576 -0.121923 -0.134505 -0.121408 -0.0128757 -0.0289919 -0.237685
internal_weight=4753 1386 646 268 740 3367 378 603 137 2672 2373 695 654 299
internal_count=1707 548 249 103 299 1159 146 236 63 928 789 231 208 139
is_linear=0
shrinkage=0.03


Tree=49
num_leaves=14
num_cat=0
split_feature=77 96 73 118 106 86 100 12 96 82 103 81 106
split_gain=145159 28704.5 19983.2 17648.7 16477.6 12265.7 11342 10564.3 8045.61 7366.13 3967.46 3085.71 1502.25
threshold=0.30702689860304938 38.697900000000011 37.840800000000009 98.611369047619064 -0.54220184589352438 18.530100000000004 0.20374550000000011 259.80850000000015 23.399550000000001 2049.273333333334 25.763483333333344 -1.9215000000000371 0.30983042691905771
decision_type=2 2 2 8 2 2 2 2 2 2 2 2 2
left_child=2 3 11 6 10 -4 -2 -6 -7 -5 -3 -1 -13
right_child=1 4 5 9 7 8 -8 -9 -10 -11 -12 12 -14
leaf_value=0.65600844370800515 0.31960510931174324 0.60934600036208686 0.67408805568019547 0.60922752487864984 0.52217961207217189 -0.14975242642313241 0.063435731356603117 0.036304938209684272 -0.058612031918104227 0.20575891927968371 1.055930520219623 0.057502203851938244 0.35824652921236477
leaf_weight=22 216 36 17 115 144 2072 552 56 1508 65 52 25 38
leaf_count=8 73 12 7 70 49 742 208 29 481 32 22 13 17
internal_value=-0.00227294 0.278902 -0.0967105 0.198834 0.540846 -0.10749 0.135809 0.387007 -0.111389 0.465489 0.88217 0.355359 0.241714
internal_weight=4918 1236 3682 948 288 3597 768 200 3580 180 88 85 63
internal_count=1763 495 1268 383 112 1230 281 78 1223 102 34 38 30
is_linear=0
shrinkage=0.03


Tree=50
num_leaves=15
num_cat=0
split_feature=107 132 46 73 42 84 60 56 121 65 58 86 85 111
split_gain=135138 26235.2 23610.8 12569.6 10874.5 6444.01 6374.02 5876.73 5846.74 4121.87 2427.32 1927.85 1658.21 1557.48
threshold=0.33222858587828868 161.45238095238099 0.22193150000000003 94.169150000000016 0.15174914497142158 359.31916666666655 46.935100000000006 0.065235500000000016 44.239500000000007 2334.0000000000005 31.027250000000006 30.568500000000004 17.962183500000005 0.65361339980900013
decision_type=2 8 2 2 2 2 2 2 10 2 2 2 2 2
left_child=7 3 6 5 -4 -2 -3 9 -5 -1 -11 12 -9 -13
right_child=1 2 4 8 -6 -7 -8 11 -10 10 -12 13 -14 -15
leaf_value=0.0039935013389007911 0.0048302492911999045 0.30784578714370725 0.74592266144250563 0.033127296749519745 0.22337694487886875 0.47017633862351321 0.73313199483376479 -0.16250536454797293 -0.3262778407096863 -0.11812343820621556 0.035490350186824796 -0.10875529258168604 -0.35792269795696907 0.10224870951817586
leaf_weight=431 38 44 37 429 712 90 137 1415 44 1055 101 165 40 38
leaf_count=133 14 19 15 187 265 35 61 565 23 257 13 77 26 26
internal_value=-0.00691825 0.22532 0.325077 0.0706639 0.250154 0.333158 0.632023 -0.116525 -0.000917226 -0.0751808 -0.10468 -0.156028 -0.168122 -0.0689347
internal_weight=4776 1531 930 601 749 128 181 3245 473 1587 1156 1658 1455 203
internal_count=1716 619 360 259 280 49 80 1097 210 403 270 694 591 103
is_linear=0
shrinkage=0.03


Tree=51
num_leaves=15
num_cat=0
split_feature=59 63 78 61 14 111 59 31 78 127 66 131 65 58
split_gain=131747 34737 16988.3 15565 14799.8 12248.8 11131.7 9168.94 9068.17 4470.06 3425.99 2493.95 2297.6 1594.62
threshold=16.949650000000002 3.1160800000000006 0.56551202946476731 -0.61995149999999988 259.54950000000002 0.070969675309000016 4.4357350000000011 0.21897133788158071 0.86935540612590112 78.500000000000014 1007.1150000000001 10.692676621563502 2467.6750000000006 29.633850000000006
decision_type=2 2 2 2 2 2 2 2 2 8 2 10 2 2
left_child=1 2 4 6 -1 -4 -3 -5 10 -10 13 -12 -11 -2
right_child=8 3 5 7 -6 -7 -8 -9 9 12 11 -13 -14 -15
leaf_value=0.87130724648562341 -0.06075021893793138 -0.11306416378202645 -0.36343702200055117 1.9063208541870118 0.36966913233862986 0.3366536182275538 0.24779720796456092 -0.13666982084032148 -0.16608823693094801 -0.038237085376434957 0.068592302450766932 0.42456142220777621 -0.10927967884680791 0.099463575172759999
leaf_weight=109 144 91 23 0.999999999999999 107 408 479 199 1014 580 38 33 1408 90
leaf_count=41 62 30 8 1 53 146 185 94 354 245 24 22 420 35
internal_value=0.00472774 0.246657 0.408549 0.110268 0.625673 0.298532 0.190084 -0.117007 -0.0989776 -0.114811 0.0567176 0.237683 -0.0885841 0.00101874
internal_weight=4724 1417 647 770 216 431 570 200 3307 3002 305 71 1988 234
internal_count=1720 558 248 310 94 154 215 95 1162 1019 143 46 665 97
is_linear=0
shrinkage=0.03


Tree=52
num_leaves=12
num_cat=0
split_feature=14 72 78 96 104 29 90 79 14 96 51
split_gain=126467 34690.9 19311.9 14094.2 12258 11512.9 9747.35 7117.16 9027.27 5181.39 4648.29
threshold=260.23364285714291 106.71300000000001 0.59924286873427068 21.903350000000003 34.420835714285722 39.508350000000007 5455.1500000000005 9.3522000000000016 271.02039285714289 16.764500000000002 0.11680276313080513
decision_type=2 2 2 2 2 2 2 2 2 2 2
left_child=2 6 4 -4 -1 -5 10 9 -9 -3 -2
right_child=1 7 3 5 -6 -7 -8 8 -10 -11 -12
leaf_value=0.98893327768643702 0.19222428690383309 -0.22908809509674707 -0.26026518287261324 0.46614500627540917 0.35874086666107174 0.15365656655918467 0.55737947147687272 0.58039928417251652 -0.008920015925016159 -0.10059819480913719 0.031744488615660288
leaf_weight=71 284 314 35 307 48 164 44 25 233 2812 379
leaf_count=25 129 145 13 106 19 52 16 17 105 918 156
internal_value=-0.000394429 -0.0611455 0.396716 0.314707 0.739871 0.3579 0.129852 -0.101077 0.0501934 -0.113575 0.100677
internal_weight=4716 4091 625 506 119 471 707 3384 258 3126 663
internal_count=1701 1486 215 171 44 158 301 1185 122 1063 285
is_linear=0
shrinkage=0.03


Tree=53
num_leaves=15
num_cat=0
split_feature=118 12 53 58 136 102 96 129 96 66 96 56 69 56
split_gain=108702 24699.6 14714.5 13645.5 9300.01 8102.56 7159.95 6966.74 5328.03 4657.69 4062.48 3150.86 1529.99 1091.57
threshold=67.510089285714301 265.76650000000012 0.87695600000000007 22.390350000000005 1.0000000180025095e-35 24.370500000000003 25.109250000000007 123.50000000000001 34.842200000000012 1010.6150000000001 13.719100000000003 0.065235500000000016 5.014755000000001 0.070309500000000011
decision_type=8 2 2 2 2 2 2 8 2 2 2 2 2 2
left_child=2 3 10 4 -2 -5 -3 12 -9 -8 13 -12 -4 -1
right_child=1 6 7 5 -6 -7 9 8 -10 -11 11 -13 -14 -15
leaf_value=-0.21843983762547117 0.4262487664244391 -0.11024779847241364 0.098820087622512473 0.13565120124816896 0.19260705490812099 0.87930283617973326 0.076194115382990812 0.087308375543468403 0.42856609018724789 0.33429928348893706 -0.073073500018540877 -0.1384854915825324 -0.055334479114500547 -0.43430333707207125
leaf_weight=58 329 129 65 17 292 65 202 264 48 91 1277 1388 477 37
leaf_count=22 188 92 28 9 37 28 97 94 19 54 323 546 148 22
internal_value=-0.000306469 0.257082 -0.0804786 0.365882 0.316879 0.728659 0.0753918 0.0283178 0.141021 0.157231 -0.114142 -0.107182 -0.0366938 -0.306192
internal_weight=4739 1125 3614 703 621 82 422 854 312 293 2760 2665 542 95
internal_count=1707 505 1202 262 225 37 243 289 113 151 913 869 176 44
is_linear=0
shrinkage=0.03


Tree=54
num_leaves=12
num_cat=0
split_feature=107 78 96 10 118 132 27 114 84 62 96
split_gain=95766.9 22678.5 17034.2 10212.5 11165.4 7763.81 7471.66 5198.23 4047.6 3685.83 2445.54
threshold=0.71952396275653763 0.45012427727886845 32.31045000000001 249.18000000000004 99.283785714285727 162.07142857142858 36.468600000000009 25.451000000000004 370.60666666666668 0.60471500000000011 11.597950000000003
decision_type=2 2 2 2 8 8 2 8 2 2 2
left_child=2 6 7 -3 -5 8 -2 10 -4 -9 -1
right_child=1 3 5 4 -6 -7 -8 9 -10 -11 -12
leaf_value=-0.41089025319007128 0.35032004505655034 0.53995818741579316 -0.34704829487800598 0.10828894943351679 0.37788236197667818 0.46219608731652201 0.86422346793521532 -0.013222173909656703 0.097101978696760571 -0.098190795873142042 -0.13988133670275027
leaf_weight=30 45 73 19 603 179 52 65 687 243 1389 1286
leaf_count=16 20 28 9 211 114 25 27 287 83 434 443
internal_value=-0.0108206 0.255225 -0.0801469 0.202556 0.170407 0.130947 0.659067 -0.0997218 0.0636841 -0.0700939 -0.146369
internal_weight=4671 965 3706 855 782 314 110 3392 262 2076 1316
internal_count=1697 400 1297 353 325 117 47 1180 92 721 459
is_linear=0
shrinkage=0.03


Tree=55
num_leaves=13
num_cat=0
split_feature=14 72 120 78 96 49 2 96 40 65 67 129
split_gain=110043 19473.3 19378.5 16817.1 12956.2 12167 5256.37 5102.62 3813.24 3359.25 2541.81 2362.21
threshold=269.93542857142864 116.19600000000001 12.2155 0.68786967031098301 28.536800000000003 0.051703118763384827 191.60500000000005 22.869750000000007 0.4290689066961228 1832.3900000000003 30.066500000000001 169.50000000000003
decision_type=2 2 10 2 2 2 2 2 2 2 2 8
left_child=2 6 3 5 -5 -1 8 10 -2 -8 -3 -9
right_child=1 7 -4 4 -6 -7 9 11 -10 -11 -12 -13
leaf_value=0.26107140166895221 0.094255418855785797 -0.19232712438534191 -0.27183428222603262 0.048034056096670344 0.32549120403772902 0.68951558802666202 0.6357422514188289 -0.066462194905353322 -0.16203821686566885 0.11425005412101746 -0.11076983742724103 0.091423843814203362
leaf_weight=100 460 468 53 223 474 154 24 1387 58 21 1328 90
leaf_count=32 185 211 27 87 157 56 20 410 28 11 423 59
internal_value=0.00307624 -0.070118 0.282525 0.313677 0.236921 0.522534 0.0927332 -0.0981513 0.0652957 0.400219 -0.132119 -0.0567841
internal_weight=4840 3836 1004 951 697 254 563 3273 518 45 1796 1477
internal_count=1706 1347 359 332 244 88 244 1103 213 31 634 469
is_linear=0
shrinkage=0.03


Tree=56
num_leaves=14
num_cat=0
split_feature=77 64 72 12 107 49 132 96 29 96 55 14 56
split_gain=106408 27650.7 20558.7 13892.7 10367.1 9822.88 9498.87 7199.46 7054.99 6801.36 4530.7 3702.1 3065.43
threshold=0.23401271973572371 399.20400000000001 69.656950000000009 249.33900000000003 0.96177147954086928 0.087496844672387872 197.21428571428575 33.228750000000012 40.540400000000012 20.921650000000003 0.21844000000000002 267.83417857142859 0.065235500000000016
decision_type=2 2 2 2 2 2 8 2 2 2 2 2 2
left_child=2 3 4 -2 10 -5 7 -3 -8 11 -1 -4 -11
right_child=1 6 9 5 -6 -7 8 -9 -10 12 -12 -13 -14
leaf_value=0.19196050828312966 0.82385560626983645 0.02038574345308199 -0.48971362071201718 0.22637170846434621 0.63289801187570693 0.49165314191803333 0.1916729352165546 0.21520659790761407 1.0352551988713881 -0.028521120341051871 -0.20309570233962115 -0.14549851581171375 -0.10272116205292592
leaf_weight=113 59 468 28 301 42 219 20 268 15.999999999999998 1038 33 1221 970
leaf_count=63 18 182 11 105 13 90 17 98 16 226 11 483 398
internal_value=0.00747562 0.233028 -0.0810185 0.389595 0.223243 0.338831 0.115246 0.0915258 0.584526 -0.0986451 0.101872 -0.153603 -0.0643995
internal_weight=4796 1351 3445 579 188 520 772 736 36 3257 146 1249 2008
internal_count=1731 526 1205 213 87 195 313 280 33 1118 74 494 624
is_linear=0
shrinkage=0.03


Tree=57
num_leaves=15
num_cat=0
split_feature=118 78 77 105 49 72 59 109 133 100 12 56 72 105
split_gain=102280 22638.4 20881.2 12797.2 14409.6 11421.3 10893.2 6399.98 4571.92 4337.29 4473.7 3951.89 2833.28 2002.26
threshold=65.67128571428573 0.68786967031098301 0.23401271973572371 0.025592750000000001 0.050236315507270764 106.71300000000001 4.4357350000000011 -0.56174490092936669 29.282038539590424 0.1833810000000001 267.44383333333337 0.065235500000000016 470.08450000000005 0.0099641300000000016
decision_type=8 2 2 2 2 2 2 2 8 2 2 2 2 2
left_child=5 3 7 4 -2 9 -4 -3 -5 -1 -11 12 -7 -13
right_child=1 2 6 8 -6 11 -8 -9 -10 10 -12 13 -14 -15
leaf_value=0.27208057832717891 0.26296950907481681 0.18924065424673256 -0.074282759861648076 0.057125524055467898 0.79550150859009383 -0.022543548067128435 0.29897112709504453 -0.13366186513081191 0.45198647819299775 -0.29387381082262309 0.06456359598278999 -0.4262924382448196 -0.10498733096804705 -0.1227408856208602
leaf_weight=80 73 74 79 72 128 861 617 209 41 34 299 19 665 1514
leaf_count=28 24 47 32 29 54 228 222 114 27 11 132 14 140 608
internal_value=0.012058 0.239712 0.168309 0.461086 0.604369 -0.072766 0.256555 -0.0488484 0.203128 0.075174 0.0271871 -0.0927586 -0.0585181 -0.126781
internal_weight=4765 1293 979 314 201 3472 696 283 113 413 333 3059 1526 1533
internal_count=1710 549 415 134 78 1161 254 161 56 171 143 990 368 622
is_linear=0
shrinkage=0.03


Tree=58
num_leaves=14
num_cat=0
split_feature=107 96 78 92 19 82 92 112 73 48 56 106 36
split_gain=82337.4 23301.9 15723.3 12761 10825 10246.1 9056.69 5563.75 3916.46 3033.89 2431.03 1642.88 1327.58
threshold=0.29958852271690523 40.60840000000001 0.45012427727886845 0.0016643450000034419 142.51950000000002 1214.7265000000011 1.0000000180025095e-35 0.17486193067750003 399.11150000000004 0.2091501666666665 0.065235500000000016 -0.99467753128998015 0.016716200000000004
decision_type=2 2 2 2 2 2 2 2 2 2 2 2 2
left_child=8 2 5 4 -3 -2 -4 -5 11 -10 -11 -1 -13
right_child=1 3 6 7 -6 -7 -8 -9 9 10 -12 12 -14
leaf_value=0.27340303832606266 0.77969681514226474 0.81878244222005203 0.15734813676173351 0.39864212405054189 0.31423058219946604 0.16734699442921849 -0.0072174147580685855 -0.097751086885278879 -0.34391356604513912 -0.066870174735825891 -0.12333487807829263 -0.17808075218934277 0.0073813840877001158
leaf_weight=18 51 89 817 37 70 48 476 43 45 1260 1520 38 317
leaf_count=7 22 45 308 13 23 18 227 21 19 301 592 21 130
internal_value=-0.00129802 0.172101 0.124921 0.445213 0.600024 0.487472 0.0968045 0.133881 -0.0897599 -0.101819 -0.0977773 0.00159569 -0.0129069
internal_weight=4829 1631 1392 239 159 99 1293 80 3198 2825 2780 373 355
internal_count=1747 677 575 102 68 40 535 34 1070 912 893 158 151
is_linear=0
shrinkage=0.03


Tree=59
num_leaves=15
num_cat=0
split_feature=77 96 64 87 73 114 91 35 136 96 112 42 71 97
split_gain=77563.3 20989.7 13085.9 12616.7 10674.2 8504.54 6773.14 6718.96 6087.12 5397.15 4312.93 2263.42 2000.81 1868.96
threshold=0.23401271973572371 39.00010000000001 394.00650000000002 50.343200000000003 108.44700000000002 81.757000000000019 1008.1250000000001 0.59043250000000014 1.0000000180025095e-35 22.926800000000004 0.13339148316750002 0.19940499257332236 65.120100000000022 80.038150000000016
decision_type=2 2 2 2 2 8 2 2 2 2 2 2 2 2
left_child=4 2 5 -3 6 -2 13 -5 -4 10 -6 -8 -11 -1
right_child=1 3 8 7 9 -7 11 -9 -10 12 -12 -13 -14 -15
leaf_value=-0.071480427053467979 0.1407349241220788 0.69618649833852586 0.1396862736421603 0.60724703643488331 -0.31186277107850163 0.42125608769511241 0.083189232444763173 0.17915869357034794 -0.044527690138876065 -0.021692716772666282 -0.10989608552544625 0.4691622274340253 -0.10013597005970905 0.18306792804034983
leaf_weight=86 218 98 323 42 100 177 19 149 321 1045 1765 53 406 36
leaf_count=45 74 28 192 15 45 84 10 56 55 303 604 25 145 20
internal_value=-0.000583267 0.194616 0.131469 0.420393 -0.0744717 0.267191 0.141314 0.275981 0.047934 -0.0871358 -0.120888 0.369884 -0.0436976 0.0044855
internal_weight=4838 1328 1039 289 3510 395 194 191 644 3316 1865 72 1451 122
internal_count=1701 504 405 99 1197 158 100 71 247 1097 649 35 448 65
is_linear=0
shrinkage=0.03


Tree=60
num_leaves=14
num_cat=0
split_feature=107 96 67 12 96 77 82 67 48 114 56 49 75
split_gain=81736.5 30501.4 14514.3 12745.1 9917.18 8666.21 7968.87 4523.15 2155.7 1854.41 1822.98 1762.87 948.544
threshold=0.29958852271690523 36.193350000000009 27.756850000000004 257.81083333333339 17.170900000000003 0.47242286712990911 772.01916666666398 32.284050000000008 0.17336916666666688 49.535500000000006 0.065235500000000016 0.42035905660626521 23.882000000000001
decision_type=2 2 2 2 2 2 2 2 2 8 2 2 2
left_child=7 4 3 -3 -2 -4 -6 8 -1 10 -9 -10 -11
right_child=1 2 5 -5 6 -7 -8 9 11 12 -12 -13 -14
leaf_value=-0.37801321343013217 -0.46981133503384054 0.47973514725778488 0.20086449657786978 0.091506797802990134 0.32977857580469616 0.77028517947940645 0.083559008612727734 -0.020897799598253688 -0.12069159532713512 0.28306024139780889 -0.094703251067355915 -0.008773327560733549 0.022753023061082664
leaf_weight=27 26 142 32 164 133 108 1025 779 1572 21 491 138 30
leaf_count=12 15 52 16 66 54 42 427 136 594 21 210 40 25
internal_value=0.00723331 0.178749 0.389931 0.272651 0.0989341 0.642501 0.112101 -0.0842169 -0.116029 -0.0423288 -0.0494865 -0.111672 0.133378
internal_weight=4688 1630 446 306 1184 140 1158 3058 1737 1321 1270 1710 51
internal_count=1710 672 176 118 496 58 481 1038 646 392 346 634 46
is_linear=0
shrinkage=0.03


Tree=61
num_leaves=12
num_cat=0
split_feature=107 72 82 109 59 122 27 96 128 56 70
split_gain=77485.4 28898.9 22567.2 12004.9 9284.56 9722.02 7397.42 6458.08 5433.58 3354.65 2898.54
threshold=0.71952396275653763 43.064350000000005 1093.0436666666671 -0.56174490092936669 4.4357350000000011 65.116500000000016 35.437900000000006 24.815450000000002 141.50000000000003 0.067469000000000015 18.350200000000005
decision_type=2 2 2 2 2 10 2 2 8 2 2
left_child=1 8 3 -2 -4 -6 -5 9 -1 -3 -9
right_child=2 7 4 6 5 -7 -8 10 -10 -11 -12
leaf_value=0.14791737053312107 0.082811998459830213 -0.069848697252053546 -0.17218448612323173 0.26085456738454188 0.20856315811734427 -0.2948609920321284 0.6367583706707568 -0.24539088710473508 0.66953340760204538 -0.13963543358099553 -0.009831780183139403
leaf_weight=28 66 1279 77 66 543 36 184 48 53 1210 1164
leaf_count=10 26 331 28 23 231 18 74 17 25 541 380
internal_value=-0.00243776 -0.0638492 0.236328 0.444265 0.135635 0.176803 0.538966 -0.0761729 0.493261 -0.103818 -0.0193579
internal_weight=4754 3782 972 316 656 579 250 3701 81 2489 1212
internal_count=1704 1304 400 123 277 249 97 1269 35 872 397
is_linear=0
shrinkage=0.03


Tree=62
num_leaves=15
num_cat=0
split_feature=107 78 12 96 123 17 118 27 72 36 66 77 48 32
split_gain=70102.4 19488.8 11863.9 9312.21 9290.58 7161.12 5621.79 5471.5 4386.07 2641.35 2521.34 1536.59 1302.87 1210.73
threshold=0.31595530242620651 0.67919773200599576 257.81083333333339 28.536800000000003 12.536616666666665 0.00035158850000000007 97.911428571428587 37.772200000000005 358.20200000000006 0.050345700000000007 999.32600000000014 0.34015000187456373 0.18620016666666642 31.660807142857148
decision_type=2 2 2 2 10 2 8 2 2 2 2 2 2 2
left_child=8 2 7 6 -5 -4 -3 -2 9 -1 13 -11 -12 -10
right_child=1 3 5 4 -6 -7 -8 -9 10 11 12 -13 -14 -15
leaf_value=-0.13364577970842931 0.35366316310337609 -0.025050552180936107 0.65898112289110811 0.20866304479118272 -0.23346799239775406 0.20509120736073416 0.26892587028176929 0.86003846121751348 -0.044381392738068251 -0.025500540618427787 -0.45211955697195871 0.092276602516216874 -0.15498408923041859 -0.10242891585579871
leaf_weight=192 34 463 35 643 45 259 66 51 461 907 12.999999999999998 111 470 1103
leaf_count=96 11 174 11 239 24 116 51 22 112 328 5 37 203 306
internal_value=0.00260594 0.165429 0.353043 0.106758 0.179443 0.261187 0.0120596 0.663991 -0.0772063 -0.0318853 -0.103966 -0.0125775 -0.163905 -0.0853602
internal_weight=4853 1596 379 1217 688 294 529 85 3257 1210 2047 1018 483 1564
internal_count=1735 648 160 488 263 127 225 33 1087 461 626 365 208 418
is_linear=0
shrinkage=0.03


Tree=63
num_leaves=12
num_cat=0
split_feature=77 96 86 64 106 72 130 118 35 96 15
split_gain=70326.2 17988 14973.2 13354.5 10722.7 9885.55 9325.58 7730.51 5994.11 4281.09 3413.42
threshold=0.30702689860304938 38.697900000000011 18.530100000000004 394.00650000000002 -0.52766804058324157 30.356300000000001 172.16666666666671 104.8282142857143 0.89128950000000018 20.921650000000003 2.6332753327261549
decision_type=2 2 2 2 2 2 10 8 2 2 2
left_child=2 3 -1 6 10 -4 -2 -5 -6 -7 -3
right_child=1 4 5 7 8 9 -8 -9 -10 -11 -12
leaf_value=0.52827924010314431 0.17973041331174464 0.46055224260602673 0.29330100323395292 0.020573550823436926 0.43742920951847919 -0.12102497788815175 0.50686889348999919 0.36909781220555304 0.063175854829224679 -0.051835990712077368 0.8809668567180633
leaf_weight=37 240 34 65 547 95 1278 117 63 65 2180 47
leaf_count=14 83 10 22 197 33 496 52 39 28 708 22
internal_value=0.00297733 0.200671 -0.064142 0.142594 0.432139 -0.0705129 0.288069 0.0571188 0.286744 -0.0774352 0.712302
internal_weight=4768 1208 3560 967 241 3523 357 610 160 3458 81
internal_count=1704 464 1240 371 93 1226 135 236 61 1204 32
is_linear=0
shrinkage=0.03


Tree=64
num_leaves=14
num_cat=0
split_feature=116 136 92 57 79 92 73 71 18 56 14 32 75
split_gain=60458.8 10458.3 17332 11122.4 7453.8 6538.88 7777.56 4258.54 4590.1 2796.68 2501.65 2273.54 1722.27
threshold=61.331833333333343 1.0000000180025095e-35 1.0000000180025095e-35 27.580000000000002 9.974750000000002 0.00023221550000346945 98.381300000000024 27.399100000000004 -27.068999999999999 0.067469000000000015 269.05653571428576 32.079614285714293 21.952000000000002
decision_type=8 2 2 2 2 2 2 2 2 2 2 2 2
left_child=5 2 3 -2 -4 6 -1 -3 -9 11 -8 -7 -11
right_child=1 7 4 -5 -6 9 10 8 -10 12 -12 -13 -14
leaf_value=0.33388256369443498 0.23521815483726097 -0.030715663358113654 0.018488007775746582 0.53280045117579011 0.56978624510765064 0.0025107182048755517 -0.24168546045743497 -0.02958316589838051 0.24822735357985781 -0.17869748315023315 0.011445816926469267 -0.077256663935346637 -0.097494266465101592
leaf_weight=67 287 228 276 189 23 421 38 82 152 302 354 1359 1091
leaf_count=28 128 28 188 150 11 103 13 16 27 196 139 315 387
internal_value=-0.00636707 0.17469 0.241984 0.354251 0.0626635 -0.0680642 0.037699 0.0615194 0.151151 -0.0833716 -0.0136373 -0.0583978 -0.115217
internal_weight=4869 1237 775 476 299 3632 459 462 234 3173 392 1780 1393
internal_count=1729 548 477 278 199 1181 180 71 43 1001 152 418 583
is_linear=0
shrinkage=0.03


Tree=65
num_leaves=15
num_cat=0
split_feature=10 78 73 96 85 84 41 36 17 15 118 59 106 96
split_gain=65044.5 15438.3 10492.7 10353.8 9476.12 8862.61 5897.19 5707.89 5500.17 3727.49 2573.64 2394.63 2285.66 716.459
threshold=273.48800000000006 0.56551202946476731 228.36550000000003 42.19230000000001 0.01354658499997158 302.65566666666678 0.37936885714285701 0.24474400000000004 0.99985200000000007 7.2790408079963038 21.724285714285717 9.7920550000000031 0.95242846126021108 27.174250000000004
decision_type=2 2 2 2 2 2 2 2 2 2 8 2 2 2
left_child=1 5 8 4 -3 -1 -5 -7 11 -10 13 -2 -12 -4
right_child=2 3 10 6 -6 7 -8 -9 9 -11 12 -13 -14 -15
leaf_value=0.74292929268294372 -0.35434540349245064 0.14958005016794157 -0.15691557747821883 0.13844877476692199 -0.15227763359062371 0.51800569720631062 0.64795573586266908 0.15998821956932543 0.17780218606725545 -0.074652496147155759 -0.063196712247560002 -0.030980604711795017 -0.17565947806732995 -0.041338592801775251
leaf_weight=57 23 708 457 34 107 68 53 99 283 64 2392 148 174 55
leaf_count=19 7 259 194 12 50 27 30 37 124 32 762 57 97 21
internal_value=0.00013493 0.19901 -0.0621753 0.143349 0.109808 0.421498 0.452708 0.308001 0.0626474 0.131151 -0.0831963 -0.0762988 -0.0708894 -0.144611
internal_weight=4722 1126 3596 902 815 224 87 167 518 347 3078 171 2566 512
internal_count=1728 434 1294 351 309 83 42 64 220 156 1074 64 859 215
is_linear=0
shrinkage=0.03


Tree=66
num_leaves=15
num_cat=0
split_feature=134 69 104 107 61 116 13 55 39 64 13 94 64 48
split_gain=55891.3 15583.2 11589.8 14478.5 8182.35 6384.83 5738.52 5523.36 4137.35 4405.79 2517.97 1753.39 1492.06 1158.45
threshold=55.476600000000005 5.4157400000000004 38.958478571428579 0.95936279103287792 -0.61995149999999988 29.811333333333334 0.93629996569855667 0.21619000000000002 0.15098686666666739 304.40050000000008 2.3490158154578578 0.30832200000000004 595.23750000000007 0.34419649999999974
decision_type=10 2 2 2 2 8 2 2 2 2 2 2 2 2
left_child=5 2 3 -2 6 11 -3 -4 13 -10 -6 -1 -13 -7
right_child=1 4 7 -5 10 8 -8 -9 9 -11 -12 12 -14 -15
leaf_value=-0.18032268975011967 0.22492216142074775 0.78727774117209681 0.24277701409868893 0.55322066750114085 -0.35662870265137064 -0.22631944357047618 0.089104533750587883 -0.084293262143392805 0.33129107267792157 -0.00084687554360855192 -0.072143103995919222 -0.047488474935776855 -0.10361300945699134 -0.083121033507443612
leaf_weight=190 406 9.9999999999999982 79 173 43 70 309 110 36 1259 79 646 1270 188
leaf_count=101 166 4 46 66 18 34 115 19 27 413 36 239 364 88
internal_value=-0.000978432 0.175778 0.257311 0.323805 0.0335212 -0.0594149 0.113392 0.0529611 -0.0132502 0.00863249 -0.174521 -0.0934337 -0.0847262 -0.122709
internal_weight=4868 1209 768 579 441 3659 319 189 1553 1295 122 2106 1916 258
internal_count=1736 470 297 232 173 1266 119 65 562 440 54 704 603 122
is_linear=0
shrinkage=0.03


Tree=67
num_leaves=13
num_cat=0
split_feature=107 60 96 97 72 11 47 107 115 96 70 130
split_gain=54945.5 15298 19912.6 16007.9 14390.5 7390.36 5701.18 4957.48 4386.43 4054.89 3403.12 1927.84
threshold=0.71952396275653763 49.196600000000011 22.207650000000005 55.475850000000008 43.064350000000005 276.77300000000008 0.23413300000000001 0.85561368268953431 79.546500000000023 27.075750000000003 18.222600000000003 76.416666666666671
decision_type=2 2 2 2 2 2 2 2 10 2 2 8
left_child=4 6 8 -4 5 -1 -2 -8 -3 11 -11 -6
right_child=1 2 3 -5 9 -7 7 -9 -10 10 -12 -13
leaf_value=0.62485935752391819 0.270270566502684 0.039641083519509498 0.43752577471390042 0.10519316319748759 -0.12363224452834197 0.07348472794532776 0.15715979528944102 -0.10048539123997509 -0.39202212885709908 -0.31013635388016697 0.0052539987900140092 -0.066557133716693237
leaf_weight=39 75 46 416 191 730 49 97 213 38 31 814 1992
leaf_count=15 27 25 166 80 281 22 35 76 13 10 270 673
internal_value=0.000774867 0.189103 0.273443 0.333303 -0.054703 0.322153 0.037405 -0.0196116 -0.157914 -0.0640888 -0.0066659 -0.0819047
internal_weight=4731 1076 691 607 3655 88 385 310 84 3567 845 2722
internal_count=1693 422 284 246 1271 37 138 111 38 1234 280 954
is_linear=0
shrinkage=0.03


Tree=68
num_leaves=15
num_cat=0
split_feature=134 64 79 15 60 90 117 92 118 103 91 118 36 15
split_gain=51847.5 11377.6 8935.32 8977.29 8774.42 8410.41 7626.32 5747.94 5149.21 5950.83 3913.15 3364.59 2738.96 1260.49
threshold=64.159541666666684 402.1615000000001 6.8485500000000021 4.0800238083648344 58.621000000000002 1685.8300000000002 0.48517239778734894 0.04810335500000356 104.8282142857143 37.978383333333333 1010.7750000000001 21.648571428571433 -0.26155299999999998 1.128004429695574
decision_type=10 2 2 2 2 2 10 2 10 2 2 8 2 2
left_child=4 2 5 -4 6 -2 -1 -8 9 -3 -10 13 -13 -6
right_child=1 8 3 -5 11 -7 7 -9 10 -11 -12 12 -14 -15
leaf_value=0.68108524366219836 0.31039611180968907 0.12834345473702422 0.7194073063804679 0.28995994126796726 0.03161252133662884 -0.0094791824612124199 0.097492276416090901 -0.20500033877411883 0.61696867137485067 -0.11331578001246523 0.13408019692027889 -0.14979073361050682 -0.04334013062525565 -0.14676283150668409
leaf_weight=17 206 290 72 116 38 115 362 66 26 133 36 237 2566 502
leaf_count=17 82 109 28 49 8 33 123 31 23 38 22 111 820 220
internal_value=0.00163167 0.194358 0.293328 0.457381 -0.0489783 0.196116 0.0760408 0.0504701 0.0900941 0.0522656 0.343208 -0.0656388 -0.0523921 -0.13417
internal_weight=4782 994 509 188 3788 321 445 428 485 423 62 3343 2803 540
internal_count=1714 384 192 77 1330 115 171 154 192 147 45 1159 931 228
is_linear=0
shrinkage=0.03


Tree=69
num_leaves=13
num_cat=0
split_feature=14 94 105 78 100 78 85 89 130 17 75 62
split_gain=56745 13011.4 9746.69 9816.76 9153.43 6403.42 3584.83 3122.41 2411.31 1462.62 1354.56 1152.78
threshold=275.88642857142861 0.098443100000000019 0.028789800000000001 0.45012427727886845 0.33777500000000005 0.86241702114873975 0.058465593499999115 468.50400000000008 74.833333333333357 0.7325520000000002 22.001000000000001 -0.033391649999999995
decision_type=2 2 2 2 2 2 2 2 8 2 2 2
left_child=1 -1 3 -3 -4 6 7 -2 10 -10 -7 -8
right_child=5 2 4 -5 -6 8 11 -9 9 -11 -12 -13
leaf_value=-0.43876016047905231 0.41806591662679393 0.58953751338921578 0.012705949123654258 0.23098319046431881 0.39437446788342101 -0.21827664784703935 -0.14594156074063341 0.10186094662427901 -0.074322946846416466 -0.028706941458260984 -0.098210562360012341 0.02963209785187039
leaf_weight=28 34 76 314 691 68 104 54 149 1301 1235 463 86
leaf_count=11 28 35 143 263 36 65 33 62 395 412 163 40
internal_value=0.0103059 0.189924 0.205616 0.267237 0.0815071 -0.0514384 0.0755113 0.162579 -0.064674 -0.0521298 -0.120584 -0.0386226
internal_weight=4603 1177 1149 767 382 3426 323 183 3103 2536 567 140
internal_count=1686 488 477 298 179 1198 163 90 1035 807 228 73
is_linear=0
shrinkage=0.03


Tree=70
num_leaves=13
num_cat=0
split_feature=14 78 92 119 18 89 49 66 28 36 78 70
split_gain=40516.1 16531.3 11172.1 8990.76 7825.22 6279.12 5367.77 5274.41 4523.29 3214.86 4345.86 1437.97
threshold=259.54950000000002 0.58132862733518365 0.00023221550000346945 31.040835890135799 -0.45931899999999998 817.72150000000022 0.098530498775675476 1010.6750000000001 38.319900000000011 -0.53674399999999989 0.91411977038271264 19.022150000000003
decision_type=2 2 2 8 2 2 2 2 2 2 2 2
left_child=1 4 5 8 -1 7 -5 -2 -3 11 -11 -4
right_child=2 3 9 6 -6 -7 -8 -9 -10 10 -12 -13
leaf_value=0.2420042758268468 -0.0018992905814552538 0.18178082161508502 -0.47755564135771528 0.65105346346938087 0.73897506716553596 0.38308720050138578 0.13954849277843129 0.18524333402668608 -0.010046515890695516 0.03663544714052866 -0.06865902340625693 -0.14962178171769433
leaf_weight=50 613 239 11.999999999999998 45 70 50 32 173 205 409 2539 229
leaf_count=16 265 80 5 25 27 17 17 92 60 184 807 105
internal_value=-0.00181234 0.219517 -0.0371066 0.145813 0.53564 0.0604583 0.443033 0.0394704 0.0933816 -0.0626952 -0.0540422 -0.167869
internal_weight=4666 641 4025 521 120 836 77 786 444 3189 2948 241
internal_count=1700 225 1475 182 43 374 42 357 140 1101 991 110
is_linear=0
shrinkage=0.03


Tree=71
num_leaves=13
num_cat=0
split_feature=116 95 120 136 72 76 88 67 11 91 65 56
split_gain=48408.8 13084.2 14279.6 10604.5 5560.02 5273.77 3868.38 3284.56 2851.9 2411.71 2222.14 1736.09
threshold=60.039583333333361 0.044637300000000012 22.194000000000003 1.0000000180025095e-35 69.656950000000009 0.6377609105751102 3.5731300000000004 32.122150000000005 271.62400000000008 1004.3700000000001 2620.2900000000004 0.065235500000000016
decision_type=8 2 10 2 2 2 2 2 2 2 2 2
left_child=4 2 3 -2 8 6 -3 10 -1 -10 -6 -9
right_child=1 5 -4 -5 7 -7 -8 11 9 -11 -12 -13
leaf_value=-0.17863194168090821 0.33699216907873608 -0.14823288535024667 -0.28318804338513587 0.13040778712624487 -0.046536759165688113 0.39921042630407538 0.065578914107742955 -0.0032038065417396553 0.073527338944632439 0.33678478576183318 -0.11588443445931848 -0.06975453125506377
leaf_weight=24 495 147 48 411 653 26 156 865 86 49 1155 595
leaf_count=7 293 72 25 57 280 12 101 159 33 24 403 246
internal_value=0.00342914 0.160544 0.216754 0.243527 -0.0554205 -0.00259968 -0.0382881 -0.0638589 0.117314 0.170876 -0.0908792 -0.0303567
internal_weight=4710 1283 954 906 3427 329 303 3268 159 135 1808 1460
internal_count=1712 560 375 350 1152 185 173 1088 64 57 683 405
is_linear=0
shrinkage=0.03


Tree=72
num_leaves=13
num_cat=0
split_feature=107 78 59 96 130 96 58 65 96 103 136 56
split_gain=41100.7 14246.2 10736.5 9811.31 8477.19 8058.31 4777.58 6519.31 2602.53 2047.72 1550.76 1316.56
threshold=0.71952396275653763 0.45012427727886845 4.4357350000000011 20.921650000000003 176.83333333333334 31.718600000000006 23.255000000000006 1214.3350000000003 14.940950000000003 36.889483333333352 1.0000000180025095e-35 0.044416500000000005
decision_type=2 2 2 2 8 2 2 2 2 2 2 2
left_child=5 4 10 -4 -2 8 -7 -8 11 -10 -3 -1
right_child=1 2 3 -5 -6 6 7 -9 9 -11 -12 -13
leaf_value=-0.014104934215545652 0.24391722482709741 -0.033619055766325734 -0.27743531637164676 0.18307329618083742 0.75918113556335554 -0.18312810134658444 0.3885088669833015 0.059138613751797534 -0.049872344420783025 -0.20864707411289216 -0.28485402976142032 -0.21353959686451771
leaf_weight=38 66 38 43 817 52 51 67 267 3106 74 53 140
leaf_count=13 23 27 20 313 26 23 35 92 1055 27 8 75
internal_value=0.00185012 0.165822 0.126938 0.159749 0.475479 -0.0450112 0.0848318 0.126181 -0.0599196 -0.0536325 -0.181481 -0.171297
internal_weight=4812 1069 951 860 118 3743 385 334 3358 3180 91 178
internal_count=1737 417 368 333 49 1320 150 127 1170 1082 35 88
is_linear=0
shrinkage=0.03


Tree=73
num_leaves=14
num_cat=0
split_feature=132 91 125 72 73 138 131 33 72 126 137 48 48
split_gain=44632.5 12396.2 8288.8 7087.14 6637.96 5491.29 5442.74 4414.72 4352.5 3177.42 2264.33 1460.64 1368.63
threshold=157.92857142857147 1009.5550000000001 110.22692857142859 155.46000000000001 279.06700000000006 1.0000000180025095e-35 36.8870425390636 2.7034255910994394 35.302850000000007 20.857353794167793 1.0000000180025095e-35 0.23288066666666715 0.18224945000000015
decision_type=8 2 8 2 2 2 8 2 2 10 2 2 2
left_child=4 5 -3 -4 6 7 9 -2 -7 -1 11 -6 -12
right_child=1 2 3 -5 10 8 -8 -9 -10 -11 12 -13 -14
leaf_value=0.040354982234537595 0.19592215071765468 -0.15790900871882568 0.37577794401532866 0.10425819402213753 -0.17278741534856648 0.80314286631345744 0.41811841048435727 0.0019397152689878644 0.13790926974469964 -0.24714075547940018 -0.4054958145068242 -0.040189698272413359 -0.094681171895790381
leaf_weight=533 141 36 361 115 77 14.999999999999998 32 412 21 36 11.999999999999998 1884 1162
leaf_count=211 81 18 164 54 32 15 17 144 21 19 7 489 488
internal_value=0.00173106 0.169511 0.277355 0.310542 -0.0477451 0.0754497 0.043527 0.0516698 0.429386 0.0217585 -0.0652518 -0.0454832 -0.0982031
internal_weight=4837 1101 512 476 3736 589 601 553 36 569 3135 1961 1174
internal_count=1760 497 236 218 1263 261 247 225 36 230 1016 521 495
is_linear=0
shrinkage=0.03


Tree=74
num_leaves=14
num_cat=0
split_feature=12 78 72 86 77 73 27 61 45 2 96 79 104
split_gain=39438.4 11541.9 8940.1 8765.09 9417.24 8078.12 6598.93 4342.11 3291.12 3048.81 2419.84 1549.22 838.997
threshold=265.76650000000012 0.67919773200599576 25.763850000000001 17.6431 0.23401271973572371 228.36550000000003 37.848850000000006 -0.69244449999999991 0.17641350000000003 69.654400000000024 16.211250000000003 9.3223500000000019 23.528078571428576
decision_type=2 2 2 2 2 2 2 2 2 2 2 2 2
left_child=1 2 -1 -3 -5 7 -4 9 -9 -2 12 -12 -7
right_child=5 3 6 4 -6 10 -8 8 -10 -11 11 -13 -14
leaf_value=0.83540091251243243 -0.073535076877245531 0.48245208921432492 0.13620071322413591 -0.27027388806343078 0.12763962326833606 -0.16878384082003273 0.51101567383661672 0.26382514681021368 -0.0044295091548506513 0.29616084706908774 -0.057853460523154397 0.026840070257061407 -0.052958553490120096
leaf_weight=32 25 54 103 59 499 231 72 44 482 94 2848 208 76
leaf_count=16 15 21 32 23 163 112 27 27 204 40 908 93 27
internal_value=-0.00275685 0.18681 0.380016 0.120943 0.0851527 -0.0415309 0.292455 0.0556549 0.0184624 0.218503 -0.0601824 -0.0520811 -0.140385
internal_weight=4827 819 207 612 558 4008 175 645 526 119 3363 3056 307
internal_count=1708 282 75 207 186 1426 59 286 231 55 1140 1001 139
is_linear=0
shrinkage=0.03


Tree=75
num_leaves=13
num_cat=0
split_feature=77 127 41 41 72 90 105 115 48 127 136 73
split_gain=40127.1 13019.9 9340 8651.95 6960 5726 5467.1 5234.16 4269.46 3635.76 3250.14 2355.88
threshold=0.30702689860304938 156.50000000000003 0.30907016428571421 0.48765572142857133 67.581450000000018 638.46400000000006 0.019102000000000004 111.36000000000001 0.20070083333333341 153.50000000000003 1.0000000180025095e-35 39.180350000000011
decision_type=2 8 2 2 2 2 2 8 2 10 2 2
left_child=4 8 7 -4 6 -6 -1 -3 -2 -10 -7 -8
right_child=1 2 3 -5 5 10 11 -9 9 -11 -12 -13
leaf_value=0.37685712213175637 0.34617784864703816 -0.05002688705784674 0.41675100361406803 0.17696007047347026 -0.35184709922198587 -0.078098457783984832 0.16943635152184192 0.36300395712171279 0.0391268489775689 -0.22184316350600933 -0.019050554710853925 -0.072610622837625691
leaf_weight=55 35 130 269 277 57 1836 61 34 379 54 1546 86
leaf_count=23 13 58 116 111 20 946 26 23 137 19 221 42
internal_value=0.00310067 0.15522 0.236107 0.29565 -0.046144 -0.0562067 0.124591 0.0372643 0.0322585 0.00613785 -0.0511206 0.0282766
internal_weight=4819 1178 710 546 3641 3439 202 164 468 433 3382 147
internal_count=1755 477 308 227 1278 1187 91 81 169 156 1167 68
is_linear=0
shrinkage=0.03


Tree=76
num_leaves=14
num_cat=0
split_feature=96 87 73 132 118 8 64 118 49 40 89 130 10
split_gain=29902.9 12645.7 11471.7 9263.21 8775.44 9782.79 6479.42 5473.46 4944.27 4879.41 4802.52 3746.92 2025.12
threshold=36.193350000000009 49.697250000000004 117.70200000000001 159.46428571428575 100.2432142857143 0.99996050000000014 215.67200000000003 98.611369047619064 0.066362220918020062 0.36683574160682242 399.08750000000003 184.50000000000003 264.83500000000009
decision_type=2 2 2 10 8 2 2 10 2 2 2 10 2
left_child=2 3 6 -2 10 -6 -1 11 -5 -8 -3 -4 -9
right_child=1 4 7 8 5 -7 9 12 -10 -11 -12 -13 -14
leaf_value=0.6961582565009593 0.10192118207404488 0.19449140222867328 -0.049052611353849855 0.31682342417423537 -0.089519516408443453 0.64988361371480508 0.14471821695199963 0.33768710864386098 0.84751109356250398 -0.054626902446243325 -0.053904294781669776 -0.28624690275895787 0.014158414983749389
leaf_weight=14.999999999999998 37 125 3638 25 23 51 353 43 52 160 157 60 29
leaf_count=5 16 46 1255 13 9 38 147 26 22 61 51 17 12
internal_value=-0.00470301 0.222227 -0.0295652 0.495952 0.133422 0.4219 0.101274 -0.0479124 0.681519 0.0825531 0.0564878 -0.0529782 0.209397
internal_weight=4768 470 4298 114 356 74 528 3770 77 513 282 3698 72
internal_count=1718 195 1523 51 144 47 213 1310 35 208 97 1272 38
is_linear=0
shrinkage=0.03


Tree=77
num_leaves=15
num_cat=0
split_feature=72 10 76 132 75 42 76 6 97 94 31 90 83 9
split_gain=34146.3 9589.85 9085.08 9027.01 9198.68 7600.14 5569.37 5069.67 4627.46 4154.94 3296.61 2306.1 2439.2 1037.82
threshold=92.735450000000014 259.37850000000009 -0.92890956521187606 170.00000000000003 13.834000000000001 0.21408105133674357 0.30842152348064228 31.550854439805679 52.498850000000012 0.18534000000000003 3.906219736530852 877.63850000000014 2.9097933333333308 259.55050000000006
decision_type=2 2 2 10 2 2 2 2 2 2 2 2 2 2
left_child=1 2 -1 11 7 8 -4 -5 -3 -7 -6 13 -13 -2
right_child=3 5 6 4 10 9 -8 -9 -10 -11 -12 12 -14 -15
leaf_value=-0.29094667931036516 -0.37830689001083367 0.388629617658731 0.52771167947306785 0.48427153812135965 0.64632397834232869 -0.1299780418127775 0.24503757521656694 -0.003955602069604232 0.091658380029530348 0.08043588808086731 0.16082507651502434 0.14985399342883715 -0.051657355410550311 -0.13748553917282505
leaf_weight=21 23 106 98 20 34 107 182 216 86 387 21 54 3352 56
leaf_count=8 7 41 37 14 17 41 72 69 37 159 13 31 1150 29
internal_value=0.00231093 0.159332 0.30028 -0.0387629 0.121486 0.0971356 0.34551 0.0392757 0.256791 0.0346838 0.467187 -0.0521756 -0.0484186 -0.211488
internal_weight=4763 987 301 3776 291 686 280 236 192 494 55 3485 3406 79
internal_count=1725 395 117 1330 113 278 109 83 78 200 30 1217 1181 36
is_linear=0
shrinkage=0.03


Tree=78
num_leaves=13
num_cat=0
split_feature=65 134 13 91 101 72 127 107 13 32 96 33
split_gain=27026.4 8170.6 10677.3 8055.04 8172.91 6276.61 5728.92 4694.51 4103.1 3907.64 2781.64 1444.91
threshold=1534.3000000000004 97.732410130718975 4.0632326584303824 1013.5400000000001 0.16349667857142858 47.758800000000008 162.50000000000003 0.93158198870884079 2.2130601726501276 35.99832857142858 17.271350000000002 5.0399288340242689
decision_type=2 10 2 2 2 2 8 2 2 2 2 2
left_child=3 5 8 4 -1 -2 -5 -8 -3 -6 -7 -4
right_child=1 2 11 6 9 10 7 -9 -10 -11 -12 -13
leaf_value=0.43983062183289301 0.25823797227144241 0.19818044017195702 0.049825153977371923 0.077493474424612227 -0.011062543454202446 -0.12955942404971343 0.23408680108014271 0.7092619820833207 0.60862618861028128 0.13197229836898555 -0.041687405958939043 -0.19384874099095661
leaf_weight=62 59 49 42 40 258 364 33 47 41 513 2932 44
leaf_count=28 23 17 15 16 130 177 15 21 28 221 962 16
internal_value=0.00283103 -0.0354381 0.163241 0.144515 0.111125 -0.0459071 0.373444 0.518599 0.389828 0.0841523 -0.051429 -0.0756059
internal_weight=4484 3531 176 953 833 3355 120 80 90 771 3296 86
internal_count=1669 1238 76 431 379 1162 52 36 45 351 1139 31
is_linear=0
shrinkage=0.03


Tree=79
num_leaves=13
num_cat=0
split_feature=63 81 60 97 76 99 67 118 80 57 12 103
split_gain=23146.1 10366.7 7150.91 7113.37 6931.74 5639.98 5084.45 4881.4 3942.63 3041.98 2314.56 1873.04
threshold=3.5130250000000003 -1.7674999999999839 65.877250000000018 45.773550000000007 0.44568507432126442 0.13006600000000004 24.051400000000005 104.8282142857143 3.3081000000000018 28.367500000000003 266.18416666666673 32.226016666666688
decision_type=2 2 2 2 2 2 2 8 2 2 2 2
left_child=1 9 3 -3 8 -6 -4 -7 11 -1 -10 -2
right_child=4 2 6 -5 5 7 -8 -9 10 -11 -12 -13
leaf_value=0.18406091518835588 -0.022453222482082726 0.073669814973039191 0.36371081430261781 0.28339553583135912 0.54730199255262102 0.0037100456647574899 -0.021256536673032678 0.28275934426605021 -0.38717961318969724 0.55898117264679503 -0.094543252715068457 -0.1265363388057579
leaf_weight=32 1852 375 32 238 20 389 479 65 24 55 1113 169
leaf_count=16 529 141 14 103 9 138 207 44 13 21 475 50
internal_value=-0.00245575 0.11107 0.08643 0.155431 -0.040329 0.066544 0.00350844 0.0442023 -0.056387 0.424772 -0.101058 -0.0312166
internal_weight=4843 1211 1124 613 3632 474 511 454 3158 87 1137 2021
internal_count=1760 502 465 244 1258 191 221 182 1067 37 488 579
is_linear=0
shrinkage=0.03


Tree=80
num_leaves=14
num_cat=0
split_feature=132 78 81 47 131 55 88 72 90 48 103 3 67
split_gain=29344.5 13170.6 8705.73 7953.6 7233.45 6720.31 5558.57 5311.01 4960.98 2922.19 2341.61 3449.48 1868.31
threshold=157.92857142857147 0.68786967031098301 -0.29450000000002768 0.33882200000000001 8.485281374238653 0.21199000000000004 3.3505500000000006 311.02500000000003 638.46400000000006 0.18224945000000015 36.620250000000013 162.75116666666671 29.700000000000003
decision_type=8 2 2 2 8 2 2 2 2 2 2 2 2
left_child=7 4 8 -4 6 -6 -2 10 -3 -9 11 -1 -11
right_child=1 2 3 -5 5 -7 -8 9 -10 12 -12 -13 -14
leaf_value=0.0055385641557009271 0.27874958910480618 -0.2373022598326206 0.27475198835755871 0.048129587762547943 0.3438846858062527 -0.06111290674377233 0.69161887109475062 -0.36666016782563304 0.024545763225545143 -0.12434420177308803 -0.17269058805752183 0.24217467858950636 -0.050943699259095233
leaf_weight=1259 61 83 258 303 87 63 60 28 289 375 61 57 1864
leaf_count=497 18 24 110 137 55 19 21 11 127 159 26 30 508
internal_value=0.0034488 0.131791 0.0781371 0.15266 0.315533 0.174488 0.487494 -0.0389799 -0.0343488 -0.0671969 0.00748759 0.0159664 -0.0632886
internal_weight=4848 1204 933 561 271 150 121 3644 372 2267 1377 1316 2239
internal_count=1742 511 398 247 113 74 39 1231 151 678 553 527 667
is_linear=0
shrinkage=0.03


Tree=81
num_leaves=15
num_cat=0
split_feature=72 137 132 15 60 72 5 55 10 75 132 66 6 9
split_gain=26632.2 12411.5 9110.75 8796.52 7610.59 6408.52 5336.31 5150.19 5033.92 2938.89 2310.48 2409.25 1651.11 949.991
threshold=102.11800000000001 1.0000000180025095e-35 170.00000000000003 7.68474320837137 49.196600000000011 31.801700000000004 149.64990000000003 0.22792500000000002 255.85700000000003 11.787000000000001 73.928571428571445 1013.5250000000001 45.547144311975124 278.63600000000002
decision_type=2 2 10 2 2 2 2 2 2 2 8 2 2 2
left_child=1 5 10 6 12 7 -3 -1 -7 -6 13 -12 -4 -2
right_child=2 3 4 -5 9 8 -8 -9 -10 -11 11 -13 -14 -15
leaf_value=0.33141964896700599 -0.26351273282836463 0.2841278289365769 0.13840510035478151 -0.097673054310679436 0.097261791342183157 0.18136973485240229 0.60480550506752984 -0.055837511030639095 -0.010569903104272608 0.42525286276523883 -0.033741273327112069 -0.23982311768256698 -0.099211539303814919 -0.097416277400108192
leaf_weight=131 33 149 38 39 37 161 70 40 510 77 2931 51 80 419
leaf_count=52 17 69 23 24 15 52 31 21 179 34 964 22 22 178
internal_value=0.0042037 0.133599 -0.0346469 0.315264 0.146911 0.0776225 0.388924 0.241018 0.0356811 0.320597 -0.046953 -0.037346 -0.0221457 -0.110104
internal_weight=4766 1100 3666 258 232 842 219 171 671 114 3434 2982 118 452
internal_count=1703 428 1275 124 94 304 100 73 231 49 1181 986 45 195
is_linear=0
shrinkage=0.03


Tree=82
num_leaves=8
num_cat=0
split_feature=72 10 90 17 10 120 32
split_gain=23554.7 9947.62 7559.84 7880.56 5842.33 3570.11 3807.42
threshold=124.30600000000003 250.66300000000004 5455.1500000000005 0.99985200000000007 249.18000000000004 19.510000000000002 39.498171428571439
decision_type=2 2 2 2 2 10 2
left_child=1 -1 3 -3 -2 6 -6
right_child=4 2 -4 -5 5 -7 -8
leaf_value=0.46884494775444713 0.26383982734931138 -0.092478880715487627 0.45802253666216008 0.11358133239753017 -0.047691503088563104 -0.30792804361979165 0.072046697756752015
leaf_weight=66 56 202 48 946 3262 44 257
leaf_count=26 22 76 17 391 1082 24 104
internal_value=0.00139283 0.112943 0.0929252 0.0772718 -0.037526 -0.0423362 -0.0389279
internal_weight=4881 1262 1196 1148 3619 3563 3519
internal_count=1742 510 484 467 1232 1210 1186
is_linear=0
shrinkage=0.03


Tree=83
num_leaves=14
num_cat=0
split_feature=72 42 118 120 77 64 119 78 118 96 48 114 101
split_gain=22471.7 15269.8 9520.27 5726.95 5975.4 5673.53 5539.64 5528.41 5350.21 4152.65 3384.84 2715.45 500.65
threshold=102.11800000000001 0.21905558639075987 106.68392857142858 12.2155 0.23401271973572371 227.62750000000003 14.439753717362104 0.62632919721301927 112.44250000000001 25.887200000000004 0.19435566666666651 56.848000000000006 0.2266229285714286
decision_type=2 2 8 10 2 2 8 2 8 2 2 10 2
left_child=1 6 5 4 10 -3 11 -4 -6 -8 -2 -1 -5
right_child=3 2 7 12 8 -7 9 -9 -10 -11 -12 -13 -14
leaf_value=0.24133186327677503 -0.25670648213114056 0.46841490691641102 0.73779889094829554 -0.21809571251698903 0.029842684965711047 -0.010793006107812506 0.041088449881922812 0.18015792689873619 0.37890120624386986 0.42232669942104378 -0.04570260671192599 -0.050231835970511805 -0.40879140670159281
leaf_weight=64 69 22 23 27 492 668 30 51 42 190 3166 51 33
leaf_count=24 33 9 23 15 162 225 13 46 39 74 1048 25 17
internal_value=-0.00528706 0.114227 0.0400411 -0.0396117 -0.0349341 0.00513751 0.282785 0.361045 0.0579592 0.370774 -0.050282 0.112685 -0.32801
internal_weight=4928 1099 764 3829 3769 690 335 74 534 220 3235 115 60
internal_count=1753 439 303 1314 1282 234 136 69 201 87 1081 49 32
is_linear=0
shrinkage=0.03


Tree=84
num_leaves=14
num_cat=0
split_feature=77 136 120 48 29 96 102 12 14 88 96 119 96
split_gain=19870.3 10770.1 11367.4 8207.76 6228.07 5108.37 5087.23 4615.92 4139.77 2070.94 1997.55 1831.27 1691.69
threshold=0.30702689860304938 1.0000000180025095e-35 96.700000000000017 0.61668324999999979 40.670850000000009 23.016350000000003 34.642950000000006 265.28266666666678 267.83417857142859 3.4992200000000007 31.515650000000004 15.440724948581112 14.003400000000001
decision_type=2 2 8 2 2 2 2 2 2 2 2 10 2
left_child=5 2 10 -4 6 8 -3 11 -1 -9 -2 -7 -10
right_child=1 4 3 -5 -6 7 -8 9 12 -11 -12 -13 -14
leaf_value=-0.33424240412802064 -0.021996910980769564 -0.016269101881437268 0.24463790532431154 -0.15313184880684402 -0.19569691643221623 0.063398481822782946 0.2047588536792331 -0.093963511549607873 -0.16811908815325752 0.0028203415555041762 -0.36861573035138495 0.37958871858998344 -0.057391697283423866
leaf_weight=52 27 306 593 50 115 30 134 232 133 1362 33 37 1767
leaf_count=22 15 49 351 30 16 16 19 108 56 401 17 14 630
internal_value=-0.00391557 0.0987223 0.17663 0.213513 -9.53441e-05 -0.039671 0.0513488 -0.00099317 -0.0725639 -0.0113143 -0.215604 0.241069 -0.0652286
internal_weight=4871 1258 703 643 555 3613 440 1661 1952 1594 60 67 1900
internal_count=1744 497 413 381 84 1247 68 539 708 509 32 30 686
is_linear=0
shrinkage=0.03


Tree=85
num_leaves=12
num_cat=0
split_feature=77 136 124 92 78 111 19 0 88 86 72
split_gain=19898.9 12237.4 8378.99 8212.11 7680.61 4165.35 2941.6 2398.16 1920.68 5423.34 2164.31
threshold=0.30702689860304938 1.0000000180025095e-35 13.874494850101094 1.8749120000000075 0.50471186377737542 0.096150082462500008 68.374400000000009 116.19300000000001 3.3879000000000006 18.530100000000004 437.1855000000001
decision_type=2 2 8 2 2 2 2 2 2 2 2
left_child=4 2 -2 -4 7 -3 -7 -1 9 -6 -10
right_child=1 5 3 -5 8 6 -8 -9 10 -11 -12
leaf_value=0.13654673156142236 -0.29252904706075783 -0.12793138817609367 0.22584180170008131 -0.32983500708818431 0.58217918272018432 0.17999844550648961 -0.0099687632592519119 0.53169143009185793 -0.012152171772499207 -0.12642307857205812 -0.063162698112289237
leaf_weight=35 31 176 645 24 8.9999999999999982 108 224 23 1508 378 1487
leaf_count=19 17 24 372 18 3 18 35 11 565 189 441
internal_value=-0.00295182 0.101746 0.182997 0.20544 -0.0397376 -0.0103477 0.0521738 0.299649 -0.0456457 -0.108478 -0.0374922
internal_weight=4648 1208 700 669 3440 508 332 58 3382 387 2995
internal_count=1712 484 407 390 1228 77 53 30 1198 192 1006
is_linear=0
shrinkage=0.03


Tree=86
num_leaves=14
num_cat=0
split_feature=73 132 138 59 59 102 28 96 46 117 60 99 27
split_gain=22982.1 8209.74 7366.65 5903.64 5881.19 5983.37 5742.22 3510.12 3422.33 3166.92 3045.23 1862.91 1724.67
threshold=134.07850000000005 180.21428571428575 1.0000000180025095e-35 14.863250000000003 8.5736950000000025 35.383450000000003 35.499000000000009 16.211250000000003 0.31645900000000005 25.986066472243959 49.196600000000011 0.11548500000000002 36.580650000000006
decision_type=2 10 2 2 2 2 2 2 2 10 2 2 2
left_child=2 7 4 12 8 -6 -3 11 -1 -9 -8 -2 -4
right_child=1 6 3 -5 5 -7 10 9 -10 -11 -12 -13 -14
leaf_value=0.069442281434664854 -0.52253162748163395 0.69602782260670371 0.46842151482403266 0.035877003834528076 0.089173288769223577 0.27826539831223157 -0.0052144857706694766 -0.035522463300497797 -0.24004192789604786 0.21245768698225628 0.26334348316753609 -0.12275903648631462 0.98058959376811972
leaf_weight=73 9.9999999999999982 15.999999999999998 15.000000000000002 15.999999999999998 434 231 86 3421 56 46 67 301 14.999999999999998
leaf_count=27 5 9 15 16 178 70 37 1161 15 25 31 137 15
internal_value=-0.00135628 -0.0316888 0.141035 0.506385 0.119254 0.155182 0.172272 -0.0408564 -0.0656974 -0.0321711 0.113316 -0.137257 0.747973
internal_weight=4787 3947 840 46 794 665 169 3778 129 3467 153 311 30
internal_count=1741 1405 336 46 290 248 77 1328 42 1186 68 142 30
is_linear=0
shrinkage=0.03


Tree=87
num_leaves=12
num_cat=0
split_feature=96 134 6 55 91 78 96 117 84 19 101
split_gain=21053.6 8009.67 7742.89 7173.6 4575.04 4404.93 3521.93 2397.94 2487.04 2380.17 2159.57
threshold=26.379900000000003 64.159541666666684 30.490846117495995 0.21497000000000002 1005.5900000000001 0.50471186377737542 14.940950000000003 25.986066472243959 346.14433333333352 420.29950000000008 0.21255457142857145
decision_type=2 8 2 2 2 2 2 10 2 2 2
left_child=5 7 4 -4 -3 -1 10 8 -2 -8 -7
right_child=1 2 3 -5 -6 6 9 -9 -10 -11 -12
leaf_value=0.24365582769711808 -0.24454432004012838 0.20740583620925204 0.19576582201244311 0.0017407170298877634 0.57846628790981358 -0.59280567273226648 -0.050578629745389722 0.20538880237985829 0.020430504674159307 0.16490969677174344 -0.15557369834287413
leaf_weight=44 32 73 383 310 52 9.9999999999999982 2624 60 939 46 173
leaf_count=23 21 27 178 78 30 6 911 28 320 31 83
internal_value=-0.000472658 0.0785933 0.148634 0.109104 0.365157 -0.050947 -0.0555753 0.0229297 0.0114524 -0.0468046 -0.182574
internal_weight=4746 1849 818 693 125 2897 2853 1031 971 2670 183
internal_count=1736 682 313 256 57 1054 1031 369 341 942 89
is_linear=0
shrinkage=0.03


Tree=88
num_leaves=12
num_cat=0
split_feature=65 94 132 26 134 36 22 121 67 87 103
split_gain=17076.3 6931.08 6695.75 7357.29 3696.08 5148.19 4581.08 3384.36 2704.72 1942.64 1624.07
threshold=1534.3000000000004 0.13241200000000003 165.77380952380955 0.95518250000000016 99.272593750000013 0.30054950000000008 239.53785251585938 110.66500000000001 31.938400000000005 42.522400000000012 36.106100000000012
decision_type=2 2 8 2 10 2 2 8 2 2 2
left_child=1 -1 7 -4 8 -6 -7 -3 9 -2 -10
right_child=4 2 3 -5 5 6 -8 -9 10 -11 -12
leaf_value=-0.18491485293706258 0.11127713916803661 -0.21525181824266909 -0.093447296088392084 0.24840406819457928 0.43772093144322138 0.16256808634904713 -0.20994255208969115 0.070647793278557858 -0.0048584116902627922 -0.066604431206837705 -0.156533639496023
leaf_weight=71 56 39 65 417 33 77 47 550 1706 1927 65
leaf_count=28 21 20 33 170 19 32 14 222 472 736 15
internal_value=-0.00169057 0.100317 0.119384 0.2022 -0.0314953 0.110668 0.0208005 0.0513794 -0.0374695 -0.061526 -0.0105121
internal_weight=5053 1142 1071 482 3911 157 124 589 3754 1983 1771
internal_count=1782 473 445 203 1309 65 46 242 1244 757 487
is_linear=0
shrinkage=0.03


Tree=89
num_leaves=13
num_cat=0
split_feature=107 81 94 84 72 116 11 67 14 132 38 79
split_gain=18641 8421.01 6855.52 5596.94 5292.21 3646.76 3179.83 2992.8 2220.89 1813.18 1660.97 1357.78
threshold=0.71952396275653763 1.0949999999999707 0.11850100000000001 448.55083333333351 40.136250000000011 96.358166666666676 276.89850000000007 32.399800000000006 273.12021428571433 64.214285714285737 0.4938320000000001 9.4715000000000007
decision_type=2 2 2 2 2 8 2 2 2 10 2 2
left_child=4 2 -2 -4 6 10 -1 8 -6 -9 -3 -7
right_child=1 5 3 -5 7 11 -8 9 -10 -11 -12 -13
leaf_value=0.39134519046690402 -0.38799220309938703 -0.25332568745374678 0.21201147276075444 0.04924941328135754 -0.22319520271957757 0.23285673570632934 0.037149749333003787 0.17245093909782519 -0.052451152345857698 -0.0094497759452352361 -0.033145588285393185 -0.016455513336441734
leaf_weight=40 20 74 611 277 70 35 52 50 2109 1495 53 43
leaf_count=14 9 25 231 123 38 20 22 43 813 406 21 12
internal_value=0.0016859 0.109657 0.148839 0.161356 -0.0298254 -0.0637548 0.193732 -0.0353996 -0.0580375 -0.00345334 -0.16244 0.0969089
internal_weight=4929 1113 908 888 3816 205 92 3724 2179 1545 127 78
internal_count=1777 441 363 354 1336 78 36 1300 851 449 46 32
is_linear=0
shrinkage=0.03


Tree=90
num_leaves=15
num_cat=0
split_feature=96 134 55 24 84 30 131 96 103 83 87 41 83 86
split_gain=12342.6 6117.39 6723.57 5853.01 4804.9 4049.94 3394.16 2680.84 2613.61 2573.4 2569.03 2521.73 2422.7 2183.35
threshold=27.075750000000003 64.159541666666684 0.21497000000000002 143.32096781739349 395.85216666666662 40.835233333333335 19.777922611769984 14.940950000000003 33.800700000000013 2.6126699999999987 55.949600000000011 0.34106964285714275 2.7754883333333322 24.309850000000001
decision_type=2 8 2 2 2 2 8 2 2 2 2 2 2 2
left_child=5 9 4 -4 -3 7 10 13 -9 -2 -7 -8 -11 -1
right_child=1 2 3 -5 -6 6 11 8 -10 12 -12 -13 -14 -15
leaf_value=-0.52690785972888654 -0.21824762741770851 0.31253351582901262 0.18752087890371982 -0.047911048622822666 0.10325246506467461 0.21386056525216382 0.51534178153673804 -0.031351342770590672 -0.15094331553739243 0.46172695502367889 -0.11786798882294786 0.072822742426937273 0.013824357933934451 -0.12378300606902094
leaf_weight=11.999999999999998 42 198 146 268 199 33 26 2538 175 9.9999999999999982 54 21 926 206
leaf_count=7 13 99 43 59 97 19 18 856 61 9 24 14 307 86
internal_value=-0.00335683 0.0592389 0.120105 0.0353602 0.20816 -0.0399015 0.120799 -0.0472882 -0.0391194 0.00869206 0.00892636 0.323319 0.0191005 -0.148292
internal_weight=4854 1789 811 414 397 3065 134 2931 2713 978 87 47 936 218
internal_count=1712 627 298 102 196 1085 75 1010 917 329 43 32 316 93
is_linear=0
shrinkage=0.03


Tree=91
num_leaves=10
num_cat=0
split_feature=96 10 132 106 78 78 64 94 91
split_gain=18556.8 9675.03 7458.23 6428.44 5900.19 3836.11 3502.46 3372.89 2735.07
threshold=26.379900000000003 249.81350000000003 197.21428571428575 0.3261394409934788 0.86935540612590112 0.45937953528478176 397.66200000000009 0.098443100000000019 1012.3450000000001
decision_type=2 2 8 2 2 2 2 2 2
left_child=5 6 4 -4 -3 -1 -2 -7 -9
right_child=1 2 3 -5 -6 7 -8 8 -10
leaf_value=0.28488047698885199 0.47989746783761417 0.11538712310308719 0.46442093675992857 -0.076779971228114197 -3.6978356116126866e-05 -0.30621639906276354 0.15379465342845236 -0.046574586405388349 0.12329315589707004
leaf_weight=31 67 654 70 27 1018 43 55 2843 87
leaf_count=18 19 234 60 26 329 15 21 999 37
internal_value=0.00442153 0.0780198 0.0600915 0.3145 0.0451512 -0.0419177 0.335354 -0.0454209 -0.0414894
internal_weight=4895 1891 1769 97 1672 3004 122 2973 2930
internal_count=1758 689 649 86 563 1069 40 1051 1036
is_linear=0
shrinkage=0.03


Tree=92
num_leaves=12
num_cat=0
split_feature=77 96 123 92 27 47 128 45 67 48 56
split_gain=17665.5 8917.02 7704.41 6163.26 5472.46 4852.59 4008.58 4515.58 3667.05 2847.31 2587.75
threshold=0.30702689860304938 42.19230000000001 42.424833333333346 1.3920112500000001 35.842800000000004 0.26960450000000008 174.50000000000003 0.35310350000000007 30.372200000000003 0.19435566666666651 0.064269500000000021
decision_type=2 2 10 2 2 2 10 2 2 2 2
left_child=6 2 3 -2 -3 -6 8 -8 9 -1 -10
right_child=1 4 -4 -5 5 -7 7 -9 10 -11 -12
leaf_value=-0.28423423871837677 0.10401628460838287 -0.029786330815019278 -0.31994638086335597 -0.25862182036651804 0.2216700756209237 0.64908405102000521 -0.030553897562026974 0.39007024503308668 0.012875546497880461 -0.071882538733605686 -0.048069822309309979
leaf_weight=60 1053 28 42 43 48 50 49 42 1316 869 1196
leaf_count=30 383 11 22 24 18 26 25 18 285 389 503
internal_value=0.00466441 0.100865 0.0741792 0.0895632 0.33938 0.444122 -0.029781 0.165677 -0.0349976 -0.0858915 -0.0161478
internal_weight=4796 1264 1138 1096 126 98 3532 91 3441 929 2512
internal_count=1734 484 429 407 55 44 1250 43 1207 419 788
is_linear=0
shrinkage=0.03


Tree=93
num_leaves=13
num_cat=0
split_feature=134 78 89 91 65 113 36 88 47 67 9 90
split_gain=13228.2 8126.28 8114.38 6478.92 4907.04 3343.42 2384.57 2270.75 1773.01 1770.31 985.61 729.343
threshold=64.159541666666684 0.45012427727886845 873.98650000000009 1012.3450000000001 709.03700000000015 24.367500000000003 -0.44637049999999995 3.0359150000000006 0.21662650000000003 28.652150000000002 282.3205000000001 2511.9000000000001
decision_type=8 2 2 2 2 8 2 2 2 2 2 2
left_child=5 4 3 -3 -2 8 9 -8 10 -7 -1 -10
right_child=1 2 -4 -5 -6 6 7 -9 11 -11 -12 -13
leaf_value=-0.3168390760799733 0.56444731534378867 0.0033209551824620984 0.51942114442937515 0.18791345659414926 0.12681653242007546 -0.31722366145524106 -0.1041460019261279 0.0044563139725222198 -0.12570407753669982 -0.072163673051436186 -0.056450231960841583 -0.054464057981535884
leaf_weight=40 48 715 33 224 45 32 187 2211 153 141 20 844
leaf_count=26 23 322 8 102 16 15 84 694 70 60 12 299
internal_value=-0.00302173 0.0898894 0.0640541 0.0475121 0.356324 -0.0303139 -0.0118354 -0.00405131 -0.0752036 -0.119073 -0.23244 -0.0655146
internal_weight=4693 1065 972 939 93 3628 2571 2398 1057 173 60 997
internal_count=1731 471 432 424 39 1260 853 778 407 75 38 369
is_linear=0
shrinkage=0.03


Tree=94
num_leaves=13
num_cat=0
split_feature=118 10 55 59 105 14 85 24 17 63 24 106
split_gain=16665.1 6704.42 11235.3 8992.29 7116.53 4091.61 4238.75 3159.88 2114.56 1966.33 1449.24 1298.39
threshold=67.510089285714301 276.57900000000006 0.20423000000000002 11.296500000000002 0.015748450000000004 267.38914285714287 0.00080803150000344182 234.05750878338839 0.74535050000000014 3.5372900000000005 229.69403927393134 -0.96689237009891416
decision_type=8 2 2 2 2 2 2 2 2 2 2 2
left_child=5 2 4 -4 -2 10 9 8 -3 -7 -1 -8
right_child=1 7 3 -5 -6 6 11 -9 -10 -11 -12 -13
leaf_value=-0.1155589063395845 0.48653671957457612 -0.097518852449044929 -0.023550310618902372 0.20078523770982412 0.17539730024744951 0.12616424476987376 0.026149462151918969 -0.23853544878959654 0.10015139568820595 0.0097319537405950712 -0.36809350666633017 -0.042362889976530149
leaf_weight=46 109 81 381 277 171 210 273 53 119 343 38 2750
leaf_count=13 87 36 96 72 114 89 97 29 81 130 17 875
internal_value=0.00462826 0.102056 0.138991 0.0710456 0.297831 -0.0270939 -0.0221968 -0.0348791 0.0199931 0.0541001 -0.232823 -0.0361681
internal_weight=4851 1191 938 658 280 3660 3576 253 200 553 84 3023
internal_count=1736 515 369 168 201 1221 1191 146 117 219 30 972
is_linear=0
shrinkage=0.03


Tree=95
num_leaves=12
num_cat=0
split_feature=73 138 82 103 59 118 114 70 75 117 118
split_gain=11486.9 7316.44 5847.33 6265.81 5826.64 5517.68 4432.34 4431.7 3573.61 2807.7 921.151
threshold=152.51400000000004 1.0000000180025095e-35 585.41483333333406 43.750250000000015 14.181450000000002 99.283785714285727 122.41000000000001 16.697050000000004 8.327200000000003 25.986066472243959 104.8282142857143
decision_type=2 2 2 2 2 10 8 2 2 10 10
left_child=1 2 7 -4 -3 8 10 -1 -2 -10 -7
right_child=5 4 3 -5 -6 6 -8 -9 9 -11 -12
leaf_value=0.083638702943921089 -0.33491589783259795 0.70590866296887389 0.064497911230413887 -0.28865102308429774 0.021754117237894159 0.21542106737494465 -0.044237991585451018 0.49570050919055936 -0.03406794306752698 0.14901246452641176 0.44264409097216345
leaf_weight=47 34 29 783 47 18 39 50 47 3654 76 32
leaf_count=15 11 29 279 15 18 13 21 15 1238 33 25
internal_value=-0.00363877 0.0885998 0.0697539 0.0441734 0.449866 -0.0267101 0.171869 0.29275 -0.0331385 -0.0302979 0.322599
internal_weight=4856 971 924 830 47 3885 121 94 3764 3730 71
internal_count=1712 371 324 294 47 1341 59 30 1282 1271 38
is_linear=0
shrinkage=0.03


Tree=96
num_leaves=11
num_cat=0
split_feature=96 46 126 106 118 79 104 90 91 76
split_gain=10653.7 8013.76 5124.06 5084.13 4479.13 3827.92 3541.66 3366.53 3378.08 1802.16
threshold=26.757900000000003 0.17164650000000001 27.435066583176415 0.40614137006726808 119.91714285714288 10.064150000000001 29.922342857142858 682.94850000000008 1013.7800000000001 -0.97940014672860143
decision_type=2 2 10 2 8 2 2 2 2 2
left_child=5 3 4 -2 -3 7 -7 9 -9 -1
right_child=1 2 -4 -5 -6 6 -8 8 -10 -11
leaf_value=-0.39182404788335162 0.4966280291738181 0.037748180830425922 -0.29090434230609635 -0.014471888581147559 0.27365060984853062 0.035284055384366138 0.54033341066460849 -0.041692934235126836 0.2232890687909993 -0.10636738950014114
leaf_weight=35 57 1567 40 25 75 37 18 2786 43 47
leaf_count=13 26 506 21 20 66 27 10 991 15 17
internal_value=-0.00369562 0.0546672 0.0404394 0.342472 0.0486851 -0.0384141 0.207324 -0.0431277 -0.0375867 -0.231498
internal_weight=4730 1764 1682 82 1642 2966 55 2911 2829 82
internal_count=1712 639 593 46 572 1073 37 1036 1006 30
is_linear=0
shrinkage=0.03


Tree=97
num_leaves=14
num_cat=0
split_feature=118 96 46 6 41 125 115 96 56 68 42 64 106
split_gain=13039.2 6942.04 6097.55 7372.12 4193.96 3727.57 2757.88 2355.68 2274.34 3514.58 1545.63 1170.13 983.094
threshold=67.510089285714301 26.379900000000003 0.21404050000000002 30.490846117495995 0.47489164285714269 67.204478571428595 25.556000000000004 31.282750000000004 0.042525500000000008 1254.8150000000003 0.22376837464604665 349.81050000000005 -0.99630266176052629
decision_type=8 2 2 2 2 8 10 2 2 2 2 2 2
left_child=5 8 4 -4 -3 7 12 -1 11 -10 -8 -2 -7
right_child=1 2 3 -5 -6 6 10 -9 9 -11 -12 -13 -14
leaf_value=-0.072879769497896943 -0.012275272442744328 0.40804792559957043 0.30795330944702287 0.047510424443800443 0.10247381006391799 0.10033524453980583 0.053120659559965124 -0.43141923917423591 -0.023962099812723493 0.40949146354512161 -0.014680148432516393 -0.21658762487298563 -0.060916329717969453
leaf_weight=34 38 102 115 628 68 34 365 32 147 18 1746 75 1387
leaf_count=20 10 33 66 241 25 14 121 17 107 15 537 23 511
internal_value=-0.000423381 0.0855737 0.125509 0.088185 0.28715 -0.0289066 -0.0246932 -0.250606 -0.04555 0.0254876 -0.00293611 -0.148618 -0.0569881
internal_weight=4789 1191 913 743 170 3598 3532 66 278 165 2111 113 1421
internal_count=1740 520 365 307 58 1220 1183 37 155 122 658 33 525
is_linear=0
shrinkage=0.03


Tree=98
num_leaves=14
num_cat=0
split_feature=14 64 90 27 96 97 96 49 118 111 86 57 63
split_gain=14948.3 6892.41 7276.14 5153.12 4262.13 7188.5 3740.63 2377.88 2289.34 1499 1498.27 1051.51 818.139
threshold=258.44400000000002 411.66600000000005 2050.0700000000002 35.276800000000009 42.19230000000001 76.235800000000012 14.940950000000003 0.079740788446667224 102.48764285714287 0.11374433340900002 23.828250000000001 34.82800000000001 3.3723150000000004
decision_type=2 2 2 2 2 2 2 2 8 2 2 2 2
left_child=1 2 3 -1 6 -6 10 -8 9 -3 -2 -10 -7
right_child=4 8 -4 -5 5 12 7 -9 11 -11 -12 -13 -14
leaf_value=0.11363244785639372 -0.5151911012649536 -0.1742987359818958 -0.011514942760380465 0.39816778746041759 0.5315837408412587 0.1281339420849277 -0.047461482799263009 -0.00043808502452214647 0.018397356983274219 0.025112452530780354 -0.134943866475707 0.25750587097803751 -0.066577607796742364
leaf_weight=87 8.9999999999999982 62 88 173 32 30 1731 2194 31 73 188 35 51
leaf_count=26 5 18 26 63 17 18 623 773 11 17 85 26 16
internal_value=-0.0035054 0.143634 0.224229 0.30377 -0.0226097 0.158354 -0.0276086 -0.0211839 0.00366053 -0.0670551 -0.154845 0.147193 0.00618435
internal_weight=4784 549 348 260 4235 113 4122 3925 201 135 197 66 81
internal_count=1724 187 115 89 1537 51 1486 1396 72 35 90 37 34
is_linear=0
shrinkage=0.03


Tree=99
num_leaves=12
num_cat=0
split_feature=82 86 115 80 107 59 124 104 53 102 86
split_gain=8520.14 7255.23 5055.81 3726.89 3536.96 3118.28 3163.85 3978.24 3029.92 1747.2 1037.38
threshold=1505.9298333333343 19.961250000000003 87.398500000000013 4.5677500000000011 0.93469109537144635 4.4357350000000011 26.128711822390006 41.112400000000015 0.83620450000000013 43.55830000000001 18.953050000000005
decision_type=2 2 10 2 2 2 8 2 2 2 2
left_child=1 8 3 -3 -4 10 -7 -8 -1 -10 -2
right_child=5 2 4 -5 -6 6 7 -9 9 -11 -12
leaf_value=0.045530356025695808 -0.073534371185302733 -0.063154466924480984 0.30736269009806388 0.12918490421995521 0.059120054671625517 -0.27959770808901102 -0.021493946081069516 0.23553983314755286 0.41757353999879626 0.16436133854205792 -0.27766635607608725
leaf_weight=44 39 370 85 119 131 41 3713 54 80 38 55
leaf_count=17 16 169 40 69 51 24 1249 32 35 12 17
internal_value=-0.00597637 0.0790361 0.037269 -0.0161737 0.157788 -0.0248818 -0.0206398 -0.017747 0.259438 0.338122 -0.19467
internal_weight=4769 867 705 489 216 3902 3808 3767 162 118 94
internal_count=1731 393 329 238 91 1338 1305 1281 64 47 33
is_linear=0
shrinkage=0.03


Tree=100
num_leaves=12
num_cat=0
split_feature=134 31 26 61 62 56 14 10 42 63 90
split_gain=13504.9 6374.47 5587.85 6299.06 3311.71 2682.18 2251.39 2484.72 2019.53 3058.9 1842.98
threshold=64.159541666666684 0.5147233913148872 0.95518250000000016 3.0071950000000007 -2.1820049999999998 0.067469000000000015 268.66485714285722 272.86950000000007 0.21747397872726129 3.7940050000000007 1527.3700000000001
decision_type=8 2 2 2 2 2 2 2 2 2 2
left_child=5 -2 4 -4 -3 8 -7 -8 9 -1 -10
right_child=1 2 3 -5 -6 6 7 -9 10 -11 -12
leaf_value=0.23048061752540092 0.51334128713607785 0.12452086722850797 0.14815927516250121 -0.081058611989021298 -0.13841343470841225 -0.30627607489689701 0.21816014754639998 -0.053305465371713039 -0.098482090789260276 0.0053215868239661294 -0.0018704238399736635
leaf_weight=80 31 61 762 125 141 30 30 1499 197 165 1735
leaf_count=29 16 24 304 67 62 18 26 658 74 48 414
internal_value=0.00441377 0.0957401 0.0833897 0.115799 -0.0587754 -0.0229821 -0.0530063 -0.0478381 -0.0014652 0.0794931 -0.011769
internal_weight=4856 1120 1089 887 202 3736 1559 1529 2177 245 1932
internal_count=1740 473 457 371 86 1267 702 684 565 77 488
is_linear=0
shrinkage=0.03


Tree=101
num_leaves=12
num_cat=0
split_feature=12 20 33 70 55 95 1 103 2 88 69
split_gain=10594.4 5104.08 6678.98 4520.96 4206.12 4166.44 2428.3 2188.38 2513.81 1406.44 1105.98
threshold=268.44683333333347 396.59500000000008 2.7267190714353866 17.418400000000002 0.21199000000000004 0.0178683 189.42150000000004 46.13323333333333 116.35250000000001 3.6087400000000005 6.6459450000000002
decision_type=2 2 2 2 2 2 2 2 2 2 2
left_child=1 2 5 -3 -4 -1 7 8 -2 10 -8
right_child=6 3 4 -5 -6 -7 9 -9 -10 -11 -12
leaf_value=0.083832489191217621 -0.026851041801581429 0.098522904396057126 0.1730985416122815 -0.3253385279432256 0.023215437932228772 0.44202857848535104 -0.081982873568168052 -0.23535420932326204 0.068481682742375927 0.33436418233841653 0.1978678366470337
leaf_weight=46 3505 43 271 46 444 82 25 42 267 24 24
leaf_count=19 1186 24 154 12 90 32 20 19 131 17 10
internal_value=0.00256486 0.0933497 0.116174 -0.121699 0.0801909 0.314973 -0.0192206 -0.0225182 -0.0200858 0.151003 0.0562428
internal_weight=4819 932 843 89 715 128 3887 3814 3772 73 49
internal_count=1714 331 295 36 244 51 1383 1336 1317 47 30
is_linear=0
shrinkage=0.03


Tree=102
num_leaves=13
num_cat=0
split_feature=118 81 21 105 125 118 107 113 79 72 60 9
split_gain=9648.82 6944.28 5834.73 6017.01 3427.64 3120.21 2693.06 1989.86 1547.3 1035.3 994.893 770.232
threshold=67.510089285714301 1.1130000000000566 247.91444999999993 0.026283850000000001 62.020071428571434 101.00371428571428 0.85561368268953431 20.089000000000002 9.2343500000000027 124.30600000000003 44.199350000000003 273.08800000000002
decision_type=8 2 2 2 8 8 2 8 2 2 2 2
left_child=4 2 3 -2 -1 10 -4 11 -9 -7 -3 -6
right_child=1 5 6 -5 7 9 -8 8 -10 -11 -12 -13
leaf_value=-0.2767131650320121 0.20391037225105241 -0.25625694711719238 0.072321475813101069 0.041873332485270823 0.40012945556640622 0.23470049929618836 -0.20104662987992569 -0.021705479695142686 0.053769167828847921 -0.017853060951127722 -0.092930499161992752 -0.084226271497324492
leaf_weight=48 477 62 57 364 1.9999999999999989 25 73 2682 268 33 76 467
leaf_count=29 190 16 23 185 1 22 30 858 105 21 29 198
internal_value=-0.00243427 0.0721425 0.105013 0.133914 -0.0275514 -0.090394 -0.0815252 -0.0239726 -0.0148319 0.0930883 -0.167646 -0.0813075
internal_weight=4634 1167 971 841 3467 196 130 3419 2950 58 138 469
internal_count=1707 516 428 375 1191 88 53 1162 963 43 45 199
is_linear=0
shrinkage=0.03


Tree=103
num_leaves=11
num_cat=0
split_feature=96 125 57 92 48 78 2 96 100 30
split_gain=10285.4 7164.78 7219.82 7258.49 4157.57 2883.38 3580.53 2523.79 2133.46 1925.91
threshold=31.592650000000003 34.912928571428573 67.885500000000022 6.5192599995559118e-06 0.36095350000000032 0.49134412211272999 122.36650000000002 16.211250000000003 0.13340816666666686 44.232800000000019
decision_type=2 10 2 2 2 2 2 2 2 2
left_child=5 2 3 -2 -4 6 -1 8 -7 -9
right_child=1 -3 4 -5 -6 7 -8 9 -10 -11
leaf_value=-0.0060377574432186965 0.28085078987193435 -0.27189924625210138 0.081894475216450893 0.050242904154009345 -0.1430805268453515 -0.56316707738240557 0.44085740754339425 -0.014269866459609794 -0.092927870045006272 -0.17212293990544031
leaf_weight=40 291 45 206 213 114 7.9999999999999991 26 3474 299 70
leaf_count=19 154 24 63 99 23 4 16 1158 145 34
internal_value=-0.000491923 0.0928172 0.113044 0.18369 0.00154173 -0.021212 0.173919 -0.0246013 -0.10698 -0.0174363
internal_weight=4786 869 824 504 320 3917 66 3851 307 3544
internal_count=1739 363 339 253 86 1376 35 1341 149 1192
is_linear=0
shrinkage=0.03


Tree=104
num_leaves=13
num_cat=0
split_feature=42 95 94 124 82 78 87 75 3 88 78 72
split_gain=8058.33 7097.75 6355.02 5217.54 6165.06 6457.5 5146.66 3165.73 1990.18 1688.12 2159.09 949.177
threshold=0.21905558639075987 0.045168700000000013 0.20405550000000003 13.874494850101094 1196.918666666666 0.43189735527757073 49.697250000000004 8.327200000000003 148.34014999999997 3.7972400000000008 0.97039857697193932 133.80150000000003
decision_type=2 2 2 8 2 2 2 2 2 2 2 2
left_child=1 2 8 -2 5 -5 -4 -6 -1 11 -11 -3
right_child=3 9 6 4 7 -7 -8 -9 -10 10 -12 -13
leaf_value=-0.005813779916614293 -0.3210306838417053 -0.012984301435947415 0.49777995310366996 0.44879842716058094 -0.25160818107922872 0.059195818776200552 0.18321370379965879 -0.020127193462084587 0.22901687470504214 0.13538895879464574 -0.046630910819981782 -0.21176147102032386
leaf_weight=143 49 39 70 44 53 260 144 3525 41 100 139 48
leaf_count=53 27 19 24 24 19 126 54 1226 18 42 47 25
internal_value=0.000423827 0.0923271 0.177175 -0.0165211 -0.012595 0.116882 0.28796 -0.0236262 0.0474515 -0.0114762 0.0297623 -0.123849
internal_weight=4655 724 398 3931 3882 304 214 3578 184 326 239 87
internal_count=1704 282 149 1422 1395 150 78 1245 71 133 89 44
is_linear=0
shrinkage=0.03


Tree=105
num_leaves=9
num_cat=0
split_feature=64 10 88 134 134 104 75 94
split_gain=6513.04 8183.56 4090.33 4106.16 3668.67 3568.96 3680.18 2442.85
threshold=394.00650000000002 249.81350000000003 2.6140600000000007 89.918368983957237 85.436411764705909 44.206392857142866 8.327200000000003 0.098443100000000019
decision_type=2 2 2 8 10 2 2 2
left_child=1 -1 3 -3 -4 6 -2 -8
right_child=5 2 4 -5 -6 -7 7 -9
leaf_value=0.39572865101695059 -0.28720470909362139 0.0066165253899314186 0.04527957992798242 0.32351948232650757 -0.13377218336677549 0.24539339518149694 -0.29440095677869071 -0.017974527578992792
leaf_weight=63 46 65 584 84 124 44 28 3785
leaf_count=21 19 31 261 31 50 26 13 1273
internal_value=-0.00331874 0.0684425 0.0439462 0.186259 0.0137716 -0.020248 -0.0233404 -0.0200819
internal_weight=4823 920 857 149 708 3903 3859 3813
internal_count=1725 394 373 62 311 1331 1305 1286
is_linear=0
shrinkage=0.03


Tree=106
num_leaves=12
num_cat=0
split_feature=127 111 60 15 106 96 57 90 76 105 111
split_gain=6161.96 6506.04 4303.1 5616.28 3299 2943.65 2043.89 2327.46 1062.97 987.669 612.018
threshold=162.50000000000003 0.070969675309000016 50.656000000000013 7.68474320837137 -0.37447345805034543 16.764500000000002 19.300500000000003 1784.8050000000001 0.69791846925875289 0.0096040500000000011 0.2537115740530001
decision_type=10 2 2 2 2 2 2 2 2 2 2
left_child=5 -2 4 -4 -3 9 8 -8 -7 -1 -11
right_child=1 2 3 -5 -6 6 7 -9 -10 10 -12
leaf_value=-0.35033791964394706 -0.2199174557807855 0.1159827106999969 0.182078528777253 -0.16722732000636018 -0.096177229851887022 -0.041243878120341276 -0.049839981735403355 0.027887691282368964 0.11181001737288065 -0.14320820067993556 -0.060570427750071432
leaf_weight=12.999999999999998 63 118 434 45 147 1544 457 1426 41 130 218
leaf_count=11 21 47 165 22 58 633 201 321 26 71 89
internal_value=-0.0047425 0.0705429 0.0954046 0.148976 -0.00161386 -0.0206247 -0.0121227 0.00900532 -0.0372149 -0.102033 -0.0917713
internal_weight=4636 807 744 479 265 3829 3468 1883 1585 361 348
internal_count=1665 313 292 187 105 1352 1181 522 659 171 160
is_linear=0
shrinkage=0.03


Tree=107
num_leaves=11
num_cat=0
split_feature=96 87 96 101 39 1 129 14 134 3
split_gain=7940.17 8570.32 3515.44 4264.03 5192.1 3860.7 2527.74 2256.9 1702.13 1360.53
threshold=40.60840000000001 49.697250000000004 20.307550000000003 0.18766813571428573 0.41620600000000046 189.42150000000004 192.50000000000003 268.08300000000008 96.544745098039229 54.929033333333273
decision_type=2 2 2 2 2 2 8 2 8 2
left_child=2 -2 7 4 -4 -5 8 -1 -3 -9
right_child=1 6 3 5 -6 -7 -8 9 -10 -11
leaf_value=-0.29109312866755893 0.46019365675218643 -0.025273839794844388 0.31029959697535864 -0.01093844052533635 -0.0031961055820428049 0.13769914084331816 0.28050327140944342 -0.064834604122299216 0.16100532673616877 0.007647225588989945
leaf_weight=34 61 159 88 2990 102 165 41 926 60 311
leaf_count=16 27 54 40 977 41 83 25 354 20 122
internal_value=-0.000886736 0.143148 -0.0109325 0.0052079 0.142851 -0.00312288 0.0672745 -0.0533837 0.0262478 -0.0466177
internal_weight=4937 321 4616 3345 190 3155 260 1271 219 1237
internal_count=1759 126 1633 1141 81 1060 99 492 74 476
is_linear=0
shrinkage=0.03


Tree=108
num_leaves=12
num_cat=0
split_feature=78 10 89 77 42 90 47 48 63 69 115
split_gain=9863.79 5088.31 3871.49 3189.78 3437.73 3099.99 3146.31 3083.74 2517.49 4690.93 2181.49
threshold=0.85372813359250233 258.22650000000004 329.97900000000004 0.55762360380829912 0.19753072330816321 6106.8100000000004 0.15464550000000002 0.20070083333333341 2.7700750000000007 4.1144300000000014 100.15500000000002
decision_type=2 2 2 2 2 2 2 2 2 2 8
left_child=1 2 -1 8 -5 6 -3 -6 -2 -10 -4
right_child=3 5 10 4 7 -7 -8 -9 9 -11 -12
leaf_value=0.5055099199341565 -0.22019411648511886 0.27881448876127907 0.29683328145742416 0.22974274885654447 0.4514521620614188 0.30344322611490887 0.029764759530677861 -0.0038099082589826794 1.0026818304061891 -0.025327799913089779 0.010521606270147829
leaf_weight=40 59 48 47 85 12.999999999999998 44 676 307 2.9999999999999991 3417 48
leaf_count=20 25 23 13 29 6 16 305 121 3 1151 20
internal_value=0.00252829 0.0917833 0.260996 -0.0182403 0.0613418 0.0617342 0.0466423 0.0160245 -0.0275205 -0.0241323 0.153818
internal_weight=4787 903 135 3884 405 768 724 320 3479 3420 95
internal_count=1732 397 53 1335 156 344 328 127 1179 1154 33
is_linear=0
shrinkage=0.03


Tree=109
num_leaves=12
num_cat=0
split_feature=12 55 84 109 51 91 101 11 30 39 118
split_gain=5156.61 8126.83 5465.9 3823.57 3107.25 2646.72 3369.6 2389.41 2986.45 1722.92 1546.85
threshold=259.80850000000015 0.20423000000000002 421.19483333333329 -0.56174490092936669 0.066904969430604797 1014.6800000000002 0.22103607142857146 263.14400000000006 36.422333333333349 0.54769450000000075 98.611369047619064
decision_type=2 2 2 2 2 2 2 2 2 2 10
left_child=1 2 9 -3 -5 7 -7 10 -9 -1 -2
right_child=5 3 -4 4 -6 6 -8 8 -10 -11 -12
leaf_value=0.54769139136184342 -0.21852398284601754 -0.13408647604948942 0.050576139617939386 -0.051780821451619892 0.13960606364223446 0.45686025369167321 0.0026543260721059942 -0.027960260942585295 0.03550821548757338 0.18675542388359706 -0.0075556908988952632
leaf_weight=54 86 107 48 118 213 23 38 3200 842 17 49
leaf_count=41 33 26 28 24 51 10 20 1076 380 17 20
internal_value=-0.00472983 0.0810005 0.29974 0.0210169 0.071418 -0.0160145 0.178567 -0.0188989 -0.0147327 0.465106 -0.142591
internal_weight=4795 557 119 438 331 4238 61 4177 4042 71 135
internal_count=1726 187 86 101 75 1539 30 1509 1456 58 53
is_linear=0
shrinkage=0.03


Tree=110
num_leaves=12
num_cat=0
split_feature=61 101 124 55 78 31 100 62 83 56 131
split_gain=10341.6 5839.33 4926.47 4786.52 3294.61 3296.23 2250.78 3153.71 3109.17 1274.54 469.34
threshold=1.9937700000000003 0.19173007142857149 21.28889359466816 0.20423000000000002 0.45012427727886845 1.1212119233219802 0.19232833333333346 -3.8875899999999999 2.8639566666666654 0.049582500000000009 11.372481406154586
decision_type=2 2 8 2 2 2 2 2 2 2 8
left_child=1 4 -3 -4 -1 -6 9 -8 -9 -2 -11
right_child=6 2 3 -5 5 -7 7 8 -10 10 -12
leaf_value=0.43397156032296114 -0.31911612077057361 -0.25688899742066856 0.1254093459691126 -0.00030158192402971221 0.44974059135132821 0.10861418551921843 0.66706458282470704 0.18243613810430873 -0.025599783348681786 -0.17377144068391884 -0.02309154262653617
leaf_weight=42 31 47 476 636 28 224 4.9999999999999991 65 3193 33 42
leaf_count=17 15 24 286 166 10 83 3 31 1074 24 24
internal_value=0.00427131 0.071143 0.0407685 0.0535716 0.19033 0.148157 -0.0245811 -0.0201337 -0.0213937 -0.15999 -0.0908443
internal_weight=4822 1453 1159 1112 294 252 3369 3263 3258 106 75
internal_count=1757 586 476 452 110 93 1171 1108 1105 63 48
is_linear=0
shrinkage=0.03


Tree=111
num_leaves=14
num_cat=0
split_feature=12 83 96 79 70 132 100 57 88 46 59 96 67
split_gain=7515.39 6599.84 3263.74 3119.66 2668.13 2742.96 2561.74 2655.79 2451.89 953.044 876.866 856.666 555.621
threshold=257.81083333333339 2.6126699999999987 20.192400000000003 5.3160500000000006 12.781600000000003 187.28571428571431 0.24130466666666672 69.136500000000026 2.3288050000000005 0.21608500000000003 17.813350000000003 41.036600000000007 30.509200000000003
decision_type=2 2 2 2 2 10 2 2 2 2 2 2 2
left_child=1 3 9 -1 -4 -6 7 -3 -8 12 -11 -5 -2
right_child=2 6 4 11 5 -7 8 -9 -10 10 -12 -13 -14
leaf_value=0.078204079771041865 -0.21061510241362782 0.25826886568398311 -0.20612511197394792 0.54967284525357751 0.0028618629795289043 0.22263100533760508 0.186949957711356 0.027302092147000294 -0.070779951342293659 0.08470773216181024 -0.053644664626233698 0.29917080281330982 -0.037634298198498214
leaf_weight=29 53 86 53 38 3000 51 41 93 158 42 1067 25 25
leaf_count=9 32 47 21 19 1018 36 11 15 59 19 406 13 16
internal_value=-0.00078891 0.112967 -0.0132729 0.339439 0.00290966 0.00660821 0.0570888 0.139104 -0.0169956 -0.0555596 -0.0483307 0.456542 -0.156389
internal_weight=4761 470 4291 92 3104 3051 378 179 199 1187 1109 63 78
internal_count=1721 173 1548 41 1075 1054 132 62 70 473 425 32 48
is_linear=0
shrinkage=0.03


Tree=112
num_leaves=14
num_cat=0
split_feature=92 136 106 96 24 60 36 72 131 73 132 108 22
split_gain=5859.41 4857.77 6646.99 4158.49 3598.66 3057.19 2060.17 1709.54 1636.05 2695.51 2325.16 1148.69 754.972
threshold=1.0000000180025095e-35 1.0000000180025095e-35 0.62587949062545845 21.595250000000004 242.39228983193701 51.013450000000013 -0.53674399999999989 183.96950000000001 30.932637171990169 205.07800000000003 142.54761904761907 0.87837969732492682 23.046769638534837
decision_type=2 2 2 2 2 2 2 2 10 2 10 2 2
left_child=1 2 3 -1 5 -3 7 -2 10 -10 -8 -4 -9
right_child=6 4 11 -5 -6 -7 8 12 9 -11 -12 -13 -14
leaf_value=-0.11460391334368257 -0.34537015245437619 -0.058446540885794478 -0.11917796839192761 0.1758783139527203 -0.14380521265665688 0.087053033817048153 -0.017388961165008522 0.0025034058734552185 0.20873969189885636 -0.06234749522612941 -0.11559795458063166 0.10172548367885442 -0.11757426499933139
leaf_weight=48 24 225 117 497 143 305 2840 66 70 61 234 25 163
leaf_count=26 16 31 75 279 19 47 982 21 31 41 99 15 79
internal_value=-0.00624513 0.0464872 0.102545 0.150126 -0.0107992 0.025285 -0.0269926 -0.109247 -0.0204665 0.0829695 -0.024901 -0.0798261 -0.0830933
internal_weight=4818 1360 687 545 673 530 3458 253 3205 131 3074 142 229
internal_count=1761 492 395 305 97 78 1269 116 1153 72 1081 90 100
is_linear=0
shrinkage=0.03


Tree=113
num_leaves=12
num_cat=0
split_feature=96 129 125 91 32 138 71 96 71 101 77
split_gain=7808.34 6561.25 5548.39 4890.93 2458.86 2104.22 2402.3 2014.45 1970.04 746.842 430.865
threshold=31.592650000000003 218.00000000000003 24.56757142857143 1009.1950000000002 38.824900000000007 1.0000000180025095e-35 30.638600000000004 14.940950000000003 21.933800000000002 0.21255457142857145 -0.5241391342581786
decision_type=2 8 10 2 2 2 2 2 2 2 2
left_child=5 2 3 -2 -3 7 -7 9 -9 -1 -8
right_child=1 4 -4 -5 -6 6 10 8 -10 -11 -12
leaf_value=-0.42242293861934116 0.020630251626012199 0.25459916661807463 -0.32037178681113498 0.17189641105776926 0.71082751376488629 0.3471699247216356 0.14962022644132375 -0.11263262814249884 -0.010277402171523451 -0.10339980876006064 -0.01033569316245571
leaf_weight=5.9999999999999991 522 34 32 304 15.999999999999998 28 19 177 3450 182 62
leaf_count=3 172 26 17 135 16 28 19 52 1156 85 62
internal_value=0.00179018 0.0810196 0.0612873 0.0764462 0.411726 -0.0165584 0.112811 -0.0202841 -0.0153029 -0.115778 0.0285153
internal_weight=4832 908 858 826 50 3924 109 3815 3627 188 81
internal_count=1771 366 324 307 42 1405 109 1296 1208 88 81
is_linear=0
shrinkage=0.03


Tree=114
num_leaves=13
num_cat=0
split_feature=96 106 113 131 86 4 23 96 44 12 21 79
split_gain=5493.87 5032.4 5065.38 4620.52 4493.04 3846.49 2886.46 2278.09 2108.07 1709.76 1493.05 1037.8
threshold=33.829050000000002 -0.54220184589352438 64.087000000000018 36.8870425390636 20.993100000000002 118.86662368997365 92.837637857142809 16.211250000000003 0.99986200000000014 273.85583333333346 59.887945000000137 9.2343500000000027
decision_type=2 2 8 8 2 2 2 2 2 2 2 2
left_child=5 2 11 4 -3 7 -4 9 -9 -1 -5 -2
right_child=1 3 6 10 -6 -7 -8 8 -10 -11 -12 -13
leaf_value=-0.37006531725431741 -0.09138721919059753 0.10017592006830069 0.50357676178476085 0.40113407739911761 -0.090640000313000624 0.2458205082276288 0.20718713617972703 -0.15248893151948084 -0.0063183424120938783 -0.075692543417215347 0.071757725255829935 0.11001684632020839
leaf_weight=18 41 194 45 34 257 50 91 90 3683 298 20 50
leaf_count=9 12 70 19 17 95 21 32 29 1277 138 13 18
internal_value=0.000290312 0.0759934 0.192988 0.0231201 -0.00851287 -0.0131125 0.308239 -0.0163388 -0.00984533 -0.0935846 0.28272 0.0192347
internal_weight=4871 732 227 505 451 4139 136 4089 3773 316 54 91
internal_count=1750 276 81 195 165 1474 51 1453 1306 147 30 30
is_linear=0
shrinkage=0.03


Tree=115
num_leaves=9
num_cat=0
split_feature=72 138 42 23 64 82 3 104
split_gain=8038.45 5398.13 2968.74 2806.86 3600.49 2580.06 2874.47 3442.14
threshold=77.129500000000021 1.0000000180025095e-35 0.29787106101866739 -38.680558571428556 248.93550000000002 903.86200000000088 207.47709999999998 43.145607142857152
decision_type=2 2 2 2 2 2 2 2
left_child=1 3 -3 -1 -5 -2 7 -7
right_child=5 2 -4 4 -6 6 -8 -9
leaf_value=-0.19097672699593207 0.1514015747308731 0.69623409093053712 0.16156875222069877 0.32837388245016336 0.059424212193773321 -0.025969464305796695 -0.26087475165336027 0.19420641231261765
leaf_weight=36 75 18 20 47 691 3817 45 64
leaf_count=9 27 18 20 20 259 1312 23 30
internal_value=-0.00427315 0.0817279 0.426266 0.0642805 0.0769777 -0.0217438 -0.02509 -0.0222888
internal_weight=4813 812 38 774 738 4001 3926 3881
internal_count=1718 326 38 288 279 1392 1365 1342
is_linear=0
shrinkage=0.03


Tree=116
num_leaves=9
num_cat=0
split_feature=77 92 86 57 66 90 67 67
split_gain=6392.56 6213.79 5034.93 4475.49 4463.05 3985.62 2686.06 1789.02
threshold=0.23401271973572371 1.8749120000000075 18.748750000000005 69.136500000000026 1002.5550000000002 615.29500000000019 29.295000000000005 31.446250000000003
decision_type=2 2 2 2 2 2 2 2
left_child=2 3 -1 4 -2 -4 -5 -7
right_child=1 -3 5 6 -6 7 -8 -9
leaf_value=0.33565676005681355 0.00024856254137479338 -0.26009648100067584 -0.25742329246657236 0.039788892351794704 0.16865721051509891 -0.040033396803375816 -0.14658413848082222 0.00364363532394372
leaf_weight=35 194 50 62 306 524 1571 89 1822
leaf_count=12 85 25 27 64 295 628 18 541
internal_value=0.00299249 0.0638756 -0.0173077 0.0786527 0.123222 -0.0209803 -0.00246056 -0.0165843
internal_weight=4653 1163 3490 1113 718 3455 395 3393
internal_count=1695 487 1208 462 380 1196 82 1169
is_linear=0
shrinkage=0.03


Tree=117
num_leaves=13
num_cat=0
split_feature=96 61 100 76 77 38 136 91 13 37 67 6
split_gain=5939.5 4571.99 3492.79 4114.21 3632.24 3023.71 2764.24 2635.49 2139.35 1803.78 1214.85 1147.72
threshold=42.19230000000001 0.73816100000000018 0.17442316666666671 -0.38582484930905442 0.91907993860279169 0.20201700000000003 1.0000000180025095e-35 1015.7350000000001 1.4634102037304404 0.35865700000000006 31.799850000000003 31.260897890135777
decision_type=2 2 2 2 2 2 2 2 2 2 2 2
left_child=2 5 3 11 7 -2 -5 -4 -7 -6 -3 -1
right_child=1 10 4 6 9 8 -8 -9 -10 -11 -12 -13
leaf_value=-0.27687272948026659 0.0020391774415969848 -0.13877191052565704 -0.014148609087199901 0.33398376942674318 -0.36054353802912942 0.63337146649360654 0.074092998154174819 0.21175294337374098 0.27352468075877739 -0.095828768802976055 0.075398675979073362 -0.0019573234347920669
leaf_weight=14.999999999999998 29 36 4210 71 36 19 77 46 75 65 66 94
leaf_count=14 14 16 1472 45 16 9 11 16 32 25 26 39
internal_value=-0.00219884 0.147963 -0.00955255 0.0977022 -0.0159007 0.270343 0.200195 -0.0116571 0.352193 -0.192822 -0.000775237 -0.0419901
internal_weight=4839 225 4614 257 4357 123 148 4256 94 101 102 109
internal_count=1735 97 1638 109 1529 55 56 1488 41 41 42 53
is_linear=0
shrinkage=0.03


Tree=118
num_leaves=12
num_cat=0
split_feature=96 87 78 10 60 132 55 19 10 95 28
split_gain=6016.27 6008.88 5019.76 4539.8 4164.47 3172.52 2977.44 2575.55 2850.09 1886.85 1010.37
threshold=39.00010000000001 50.343200000000003 0.49134412211272999 257.93550000000005 46.30745000000001 179.38095238095241 0.21199000000000004 -238.90699999999995 249.18000000000004 0.020054100000000002 38.319900000000011
decision_type=2 2 2 2 2 8 2 2 2 2 2
left_child=2 6 3 -1 -3 -6 -2 10 -9 -5 -4
right_child=1 4 7 9 5 -7 -8 8 -10 -11 -12
leaf_value=0.49640094127655021 0.56700620967691584 -0.29657266185113362 -0.095284681117108888 -0.12172576548976283 0.025635367777347564 0.27881315165460108 0.18856404387950895 0.20066545663313431 -0.016686362346366741 0.15922240577071484 -0.34285580624852857
leaf_weight=29 32 27 34 30 174 59 47 54 4260 70 27
leaf_count=12 25 9 25 13 61 42 12 20 1482 33 9
internal_value=-0.0020424 0.119645 -0.0112265 0.172487 0.0494672 0.0906751 0.347066 -0.0166823 -0.0139191 0.0745375 -0.208676
internal_weight=4843 339 4504 129 260 233 79 4375 4314 100 61
internal_count=1743 149 1594 58 112 103 37 1536 1502 46 34
is_linear=0
shrinkage=0.03


Tree=119
num_leaves=9
num_cat=0
split_feature=118 42 111 96 94 36 96 99
split_gain=5314.45 3464.9 4577.29 5490.1 2804.44 2176.28 2024.66 1855.68
threshold=112.44250000000001 0.21905558639075987 0.18362612492100003 33.228750000000012 0.098443100000000019 -0.34724699999999992 38.049450000000007 0.31114250000000004
decision_type=10 2 2 2 2 2 2 2
left_child=1 2 3 -1 -3 -6 -2 -4
right_child=6 4 7 -5 5 -7 -8 -9
leaf_value=0.0293176386038267 0.15301036099954085 -0.25244654061035676 -0.16521095975514116 0.22795688157588245 -0.078281925230857988 -0.0044343599801889158 0.55152679779655045 0.0090870145696401589
leaf_weight=336 32 43 86 199 397 3683 18 149
leaf_count=129 23 16 43 68 152 1257 18 45
internal_value=-0.000122283 -0.00329769 0.0550767 0.103497 -0.014211 -0.0116382 0.304536 -0.0551157
internal_weight=4943 4893 770 535 4123 4080 50 235
internal_count=1751 1710 285 197 1425 1409 41 88
is_linear=0
shrinkage=0.03


Tree=120
num_leaves=9
num_cat=0
split_feature=64 12 86 49 111 36 78 78
split_gain=4569.24 4260.2 3410.06 3254.81 1935.27 1988.75 1798.16 935.771
threshold=396.01300000000003 249.33900000000003 18.066000000000006 0.078066959470219729 0.062395750092400004 -0.53674399999999989 0.4782699354504622 0.78518932291604426
decision_type=2 2 2 2 2 2 2 2
left_child=1 -1 -3 -4 -2 7 -7 -6
right_child=4 2 3 -5 5 6 -8 -9
leaf_value=0.4567457609176635 -0.23431691175188332 0.31231494469975313 -0.022635299214916506 0.094228936548305386 -0.30704413116679474 0.16132809729874134 -0.007106755644498859 -0.075448307990980873
leaf_weight=23 34 42 410 448 15.999999999999998 57 3457 237
leaf_count=11 15 19 154 209 7 25 1167 99
internal_value=0.00228475 0.0621213 0.0515374 0.0384199 -0.0122571 -0.0101904 -0.00432863 -0.0912577
internal_weight=4724 923 900 858 3801 3767 3514 253
internal_count=1706 393 382 363 1313 1298 1192 106
is_linear=0
shrinkage=0.03


Tree=121
num_leaves=15
num_cat=0
split_feature=73 138 78 91 127 36 36 19 75 14 97 107 68 118
split_gain=4579.88 5372.62 3835.74 2829.7 2701.43 4541.57 2861.44 1446.53 1374.69 1373.19 781.518 776.16 738.069 647.874
threshold=1399.2700000000002 1.0000000180025095e-35 0.69865450740526991 1002.6100000000001 181.50000000000003 0.32681550000000004 0.10637200000000001 139.23300000000003 24.984500000000001 256.89414285714292 52.640300000000003 -0.99273797715557011 1104.6300000000003 60.231557142857156
decision_type=2 2 2 2 10 2 2 2 2 2 2 2 2 8
left_child=1 4 -3 8 6 -6 -1 12 10 -4 -2 -10 -5 -9
right_child=3 2 9 7 5 -7 -8 13 11 -11 -12 -13 -14 -15
leaf_value=-0.065871056690912963 -0.023425533620744756 0.68210915994644161 0.40828563808277246 -0.15188017043785046 0.28450731417338054 0.021063790103723837 0.024515689456574934 -0.10350726146652148 0.11168137174844742 0.089712741422333889 -0.081476510184761639 -0.0032530545256129056 -0.31776284898244417 0.094705685406923298
leaf_weight=373 482 14.999999999999998 14.999999999999998 75 89 171 2005 38 55 55 369 948 38 23
leaf_count=158 145 15 15 49 41 65 722 23 12 55 124 235 18 14
internal_value=0.00257749 0.0279932 0.261352 -0.0315438 0.0203768 0.111999 0.0103151 -0.146871 -0.0206452 0.16281 -0.0486665 0.0031514 -0.209988 -0.0284008
internal_weight=4751 2723 85 2028 2638 260 2378 174 1854 70 851 1003 113 61
internal_count=1691 1071 85 620 986 106 880 104 516 70 269 247 67 37
is_linear=0
shrinkage=0.03


Tree=122
num_leaves=8
num_cat=0
split_feature=82 138 96 104 64 122 82
split_gain=5426.41 4177.13 4446.85 3244.17 3797.32 2619.95 831.117
threshold=550.15916666666806 1.0000000180025095e-35 32.446700000000007 43.372028571428579 570.85700000000008 65.116500000000016 2518.7466666666674
decision_type=2 2 2 2 2 10 2
left_child=-1 3 6 5 -5 -2 -3
right_child=1 2 -4 4 -6 -7 -8
leaf_value=0.25937088822637283 -0.011453978925190152 0.15571377214491364 0.56334861364960664 0.045565548008264498 0.55802200728968565 -0.19909054576430249 -0.015562899913390478
leaf_weight=69 4470 59 20 42 18 67 44
leaf_count=22 1554 59 20 23 12 34 44
internal_value=-0.00282868 -0.00671645 0.165103 -0.0113493 0.205979 -0.0142688 0.0830721
internal_weight=4789 4720 123 4597 60 4537 103
internal_count=1768 1746 123 1623 35 1588 103
is_linear=0
shrinkage=0.03


Tree=123
num_leaves=12
num_cat=0
split_feature=78 75 132 58 104 132 45 19 128 14 128
split_gain=4967.4 3042.21 2722.59 3154.83 2987.23 2219.05 3271.13 3509.02 2680.65 2657.49 1912.08
threshold=0.86935540612590112 8.327200000000003 192.00000000000003 20.807900000000004 35.168614285714291 180.21428571428575 0.31683700000000009 36.721100000000007 187.50000000000003 255.82578571428573 196.50000000000003
decision_type=2 2 8 2 2 8 2 2 10 2 8
left_child=1 -1 4 -4 -3 8 7 -7 9 -2 -8
right_child=5 2 3 -5 -6 6 10 -9 -10 -11 -12
leaf_value=-0.41524608349800113 0.1224953504283177 0.085196651350313471 0.53794540600154706 0.085068231075196649 -0.041630731328398778 0.54598273384571072 0.11141703064516882 0.031440885071754451 -0.2159478316940367 -0.024732191522521492 -0.059824812997673414
leaf_weight=10.999999999999998 113 643 22 36 225 23 106 24 63 3449 129
leaf_count=5 28 274 22 33 68 19 58 21 14 1105 82
internal_value=-0.00230007 0.0596966 0.0657836 0.263106 0.0523074 -0.0171807 0.063735 0.289429 -0.0234921 -0.0200277 0.0175483
internal_weight=4844 937 926 58 868 3907 282 47 3625 3562 235
internal_count=1729 402 397 55 342 1327 180 40 1147 1133 140
is_linear=0
shrinkage=0.03


Tree=124
num_leaves=10
num_cat=0
split_feature=78 126 128 91 50 107 77 80 19
split_gain=4320.2 3410.27 3517.99 5734.77 3068.04 1654.12 1574.96 1494.37 1257.82
threshold=0.45937953528478176 27.435066583176415 194.50000000000003 1011.6000000000001 0.28860157142857151 0.96177147954086928 -0.007930034559240344 5.56745 136.17450000000005
decision_type=2 10 10 2 2 2 2 2 2
left_child=4 2 3 -2 -1 -3 -6 -4 -8
right_child=1 5 7 -5 6 -7 8 -9 -10
leaf_value=0.34380258580684658 -0.010637845208117816 -0.076502913813699377 -0.056274861853569745 0.11768335431497709 0.27918231855332848 -0.38973837604522704 0.12479470689459279 -0.26331030376441777 -0.09314649118142776
leaf_weight=49 4157 32 63 338 23 29 43 63 51
leaf_count=28 1426 16 30 150 12 15 19 21 20
internal_value=-0.00298471 -0.00833156 -0.00536433 -0.00096408 0.146951 -0.229351 0.0622689 -0.161074 0.00678263
internal_weight=4848 4682 4621 4495 166 61 117 126 94
internal_count=1737 1658 1627 1576 79 31 51 51 39
is_linear=0
shrinkage=0.03


Tree=125
num_leaves=13
num_cat=0
split_feature=138 42 129 31 65 114 91 104 56 69 61 99
split_gain=4750.19 5049.83 2513.4 3177.93 3136.41 2031 1511.36 1445.29 892.756 653.759 581.355 221.027
threshold=1.0000000180025095e-35 0.28708516847717752 81.500000000000014 6.2526940177364541 431.98100000000005 55.299500000000002 1004.0200000000001 29.011092857142859 0.065235500000000016 7.8303100000000017 0.66810250000000015 0.34698400000000001
decision_type=2 2 8 2 2 10 2 2 2 2 2 2
left_child=2 7 6 4 -4 -5 8 -2 -1 -8 -3 -12
right_child=1 10 3 5 -6 -7 9 -9 -10 -11 11 -13
leaf_value=0.01262979274268545 0.27727228775445145 0.2060712890787558 -0.19285824092718268 0.040444267167464687 0.017710687661786236 -0.17288107447143938 -0.10583061932224824 0.71075382363796225 -0.047517700248694866 -0.27907978312174481 -0.062090224266052242 0.057137412272393703
leaf_weight=292 16.000000000000004 21 64 56 3099 138 82 14.999999999999998 921 26 17 63
leaf_count=95 16 21 18 39 1037 53 60 15 293 12 17 63
internal_value=-0.00262383 0.174169 -0.00764922 0.00614628 0.0133895 -0.111396 -0.0426875 0.502772 -0.0330377 -0.149744 0.0693406 0.0313107
internal_weight=4810 132 4678 3357 3163 194 1321 31 1213 108 101 80
internal_count=1739 132 1607 1147 1055 92 460 31 388 72 101 80
is_linear=0
shrinkage=0.03


Tree=126
num_leaves=15
num_cat=0
split_feature=72 17 113 23 13 97 90 2 96 62 92 49 121 15
split_gain=5292.19 4869.52 4007.67 3501.65 2523.5 1748.07 1627.8 1883.37 1719.98 3567.3 1423.85 1324.64 1190.05 778.183
threshold=124.30600000000003 0.85242350000000011 94.065500000000014 75.426892857142903 2.6472638218635178 43.114000000000011 1931.6100000000004 227.73050000000003 22.689400000000003 -4.6496799999999991 0.0010835050000071057 0.076096831610482654 22.194000000000003 2.7994346956046745
decision_type=2 2 10 2 2 2 2 2 2 2 2 2 10 2
left_child=1 5 3 -3 -4 13 7 12 9 -8 -7 -10 -2 -1
right_child=6 2 4 -5 -6 10 8 -9 11 -11 -12 -13 -14 -15
leaf_value=-0.31689106567382808 -0.039368951080572624 0.12469052315601035 0.34551414184885865 0.0010856433109224805 0.11674814764090945 0.1898845455305917 0.86221411313116547 -0.23629617032179465 -0.018271095932188508 -0.034956924055022681 -0.079336203103106531 0.043244106045917184 -0.22438135926831851 -0.12310108987216289
leaf_weight=24 633 327 67 556 125 27 2.9999999999999991 51 593 1561 47 670 32 86
leaf_count=7 275 121 37 226 60 11 3 18 175 529 21 196 17 34
internal_value=-0.00313492 0.049673 0.0740868 0.0469527 0.19797 -0.0925754 -0.0219097 -0.0622844 -0.0116645 -0.0326843 0.0200751 0.0143677 -0.0485998 -0.167884
internal_weight=4802 1259 1075 883 192 184 3543 716 2827 1564 74 1263 665 110
internal_count=1730 517 444 347 97 73 1213 310 903 532 32 371 292 41
is_linear=0
shrinkage=0.03


Tree=127
num_leaves=13
num_cat=0
split_feature=91 78 125 26 11 62 67 26 27 133 12 103
split_gain=3528.54 4334.94 3769.07 4609.06 3833.2 1667.91 2490.4 2171.51 3600.23 2879.04 1669.66 1667.86
threshold=1009.6350000000001 0.332195321371555 29.441000000000003 0.0095351100000000012 270.61500000000007 -1.2642849999999999 30.283050000000006 0.98379300000000014 35.395550000000007 14.942268289142616 253.49099999999999 36.620250000000013
decision_type=2 2 10 2 2 2 2 2 2 10 2 2
left_child=5 -2 3 -3 -4 7 10 8 -1 -9 -7 -8
right_child=1 2 4 -5 -6 6 11 9 -10 -11 -12 -13
leaf_value=0.036662489690780634 0.40008047821372744 1.0857474188804626 -0.28680253341485712 0.063639349326332098 0.078498493950734757 -0.41457468605041503 -0.0004677117536682895 0.079847541833365399 0.47432861751547223 -0.080554471598808144 -0.057730870093200548 -0.17212537017235388
leaf_weight=49 31 2.9999999999999991 57 654 46 10.999999999999998 2506 242 25 171 858 51
leaf_count=27 18 3 29 284 25 2 790 82 14 53 373 19
internal_value=0.000193132 0.0579422 0.0434752 0.069954 -0.124443 -0.0114917 -0.0188788 0.0404022 0.188916 0.0133927 -0.0627227 -0.00395859
internal_weight=4704 791 760 657 103 3913 3426 487 74 413 869 2557
internal_count=1719 359 341 287 54 1360 1184 176 41 135 375 809
is_linear=0
shrinkage=0.03


Tree=128
num_leaves=12
num_cat=0
split_feature=96 32 70 84 78 5 96 90 70 103 4
split_gain=5525.87 5724.38 4320.89 3436.88 2967.92 4360.53 2402.84 2275.08 2121.93 1691.44 822.662
threshold=40.60840000000001 36.747435714285722 18.822000000000006 404.11633333333333 0.43189735527757073 134.12983571428575 20.192400000000003 877.63850000000014 14.950500000000003 28.978500000000007 5.0177376979593644
decision_type=2 2 2 2 2 2 2 2 2 2 2
left_child=4 8 3 -3 5 -1 7 -6 -2 -8 -10
right_child=1 2 -4 -5 6 -7 9 -9 10 -11 -12
leaf_value=-0.019623701157063661 -0.31913414297103881 0.24414959327636224 0.44419034099578852 -0.05758149309580525 -0.2947087434902787 0.37659674669901527 0.019523760967175462 -0.0379975896045174 -0.16174939705196181 -0.027368291795179966 0.055736708067273828
leaf_weight=56 19 92 56 53 31 44 2280 1112 18 993 88
leaf_count=28 9 34 27 20 17 15 705 449 7 389 37
internal_value=0.00451103 0.123599 0.222353 0.134202 -0.00411049 0.156686 -0.00778705 -0.0452142 -0.0356774 0.00529219 0.0176105
internal_weight=4842 326 201 145 4516 100 4416 1143 125 3273 106
internal_count=1737 134 81 54 1603 43 1560 466 53 1094 44
is_linear=0
shrinkage=0.03


Tree=129
num_leaves=13
num_cat=0
split_feature=77 59 133 38 90 36 117 139 102 107 76 31
split_gain=2936.86 5227.82 4613.98 4601.01 3701.28 3350.47 3228.17 3010.52 2433.11 2304.93 798.801 533.614
threshold=0.30702689860304938 10.154600000000002 33.080834196496497 -0.25622449999999991 638.46400000000006 0.34887900000000005 14.453257784074976 1.0000000180025095e-35 33.061000000000007 0.96177147954086928 -0.98609388424126077 2.1903747178205646
decision_type=2 2 8 2 2 2 10 2 2 2 2 2
left_child=4 2 5 -3 10 -2 -4 9 -5 -6 -1 -9
right_child=1 3 6 8 7 -7 -8 11 -10 -11 -12 -13
leaf_value=-0.314238875824213 -0.15415411271564083 -0.27185934362709518 0.51150511446724756 0.067253358046577505 -0.012192477085433953 0.0024157961084562188 -0.031751103490591043 -0.088115036740022537 0.19011504302969942 0.19714922273159025 -0.12074254029137749 -0.30393262595683329
leaf_weight=39 192 29 22 436 3423 339 17 15.999999999999998 218 47 41 35
leaf_count=16 73 13 21 178 1175 116 11 16 85 14 18 35
internal_value=-0.00355063 0.0359903 -0.0310583 0.0919139 -0.0173163 -0.0543748 0.279752 -0.0126992 0.10844 -0.00930017 -0.217824 -0.239279
internal_weight=4854 1253 570 683 3601 531 39 3521 654 3470 80 51
internal_count=1771 497 221 276 1274 189 32 1240 263 1189 34 51
is_linear=0
shrinkage=0.03


Tree=130
num_leaves=11
num_cat=0
split_feature=138 112 10 31 4 128 94 65 33 78
split_gain=3532.81 3894.07 2624 2446.06 3744.6 2294.71 1883.15 1647.2 624.948 671.717
threshold=1.0000000180025095e-35 0.18345007767400004 249.81350000000003 6.2526940177364541 70.409736285852702 145.50000000000003 0.20593050000000004 2016.1750000000004 3.6543328167595122 0.93579460744080123
decision_type=2 2 2 2 2 10 2 2 2 2
left_child=2 6 7 4 -4 -5 -2 -1 9 -3
right_child=1 8 3 5 -6 -7 -8 -9 -10 -11
leaf_value=0.25448144169573511 0.095183007091283786 0.22267954823970795 -0.016440905274485187 0.049648101643944273 0.11077538966846792 -0.1937188313911038 0.51702462330357779 0.01966688447445631 -0.11553515047430991 0.020995974239706994
leaf_weight=52 14.999999999999998 19 4238 48 218 123 28 55 19 59
leaf_count=19 15 19 1394 36 100 50 28 16 19 59
internal_value=-0.00666573 0.141314 -0.0110715 -0.0144811 -0.010193 -0.125496 0.375446 0.13511 0.0347209 0.0723589
internal_weight=4874 140 4734 4627 4456 171 43 107 97 78
internal_count=1755 140 1615 1580 1494 86 43 35 97 78
is_linear=0
shrinkage=0.03


Tree=131
num_leaves=10
num_cat=0
split_feature=111 105 75 26 69 131 61 132 61
split_gain=2878.34 4030.16 3106.79 2637.2 3607.97 2536.42 1868.91 1779.81 1147.33
threshold=0.070969675309000016 0.029612000000000003 8.327200000000003 0.99999000000000005 5.3973150000000008 14.485614777339267 -2.2286999999999995 130.38095238095241 -1.9671099999999997
decision_type=2 2 2 2 2 8 2 10 2
left_child=7 3 -3 5 -5 -2 -4 -1 -9
right_child=1 2 6 4 -6 -7 -8 8 -10
leaf_value=0.061970460342036349 -0.06707258487939835 -0.29723973272828491 0.088931846527460792 0.14872367642534118 5.8424318280625849e-05 0.096871984722919025 -0.013766266175234531 -0.085722780222694084 -0.31402864309233058
leaf_weight=26 234 33 166 394 234 132 3542 35 48
leaf_count=16 89 10 77 152 90 71 1192 13 18
internal_value=-0.00102046 0.00250276 -0.011766 0.0561653 0.0934222 -0.00783401 -0.00914512 -0.152729 -0.219957
internal_weight=4844 4735 3741 994 628 366 3708 109 83
internal_count=1728 1681 1279 402 242 160 1269 47 31
is_linear=0
shrinkage=0.03


Tree=132
num_leaves=7
num_cat=0
split_feature=82 125 62 97 86 5
split_gain=4423.14 3493.06 3694.61 6466.9 1919.91 1435.33
threshold=550.15916666666806 66.569407142857145 -0.45087349999999998 45.773550000000007 19.196400000000004 104.40220000000002
decision_type=2 8 2 2 2 2
left_child=-1 5 3 -3 -4 -2
right_child=1 2 4 -5 -6 -7
leaf_value=0.26178994480083723 -0.032665812856384681 0.0010481417477633175 0.17344037459790704 0.14946505733559581 -0.01766269154501144 -0.30967450346247005
leaf_weight=57 27 889 47 375 3327 45
leaf_count=27 15 328 18 170 1150 25
internal_value=0.00140511 -0.00180031 0.00143962 0.0451658 -0.0149491 -0.207708
internal_weight=4767 4710 4638 1264 3374 72
internal_count=1733 1706 1666 498 1168 40
is_linear=0
shrinkage=0.03


Tree=133
num_leaves=13
num_cat=0
split_feature=114 55 119 113 82 97 75 124 82 117 83 4
split_gain=3840.44 4981.6 6208.14 5590.93 3816.77 3526.59 3465.16 3258.55 3207.71 2088.63 2450.75 1847.31
threshold=78.01700000000001 0.20423000000000002 20.697666695548332 99.829000000000022 1489.5250000000005 58.185950000000005 15.566500000000001 12.492774243014216 884.78533333333417 22.764184277640656 2.6347549999999988 44.997381543018527
decision_type=8 2 8 10 2 2 2 8 2 10 2 2
left_child=7 3 6 4 -2 -5 -3 -1 -4 10 -9 -11
right_child=1 2 8 5 -6 -7 -8 9 -10 11 -12 -13
leaf_value=-0.25153652173519131 0.21128221203588149 0.014543397431020384 0.057783196526556842 0.25119469983990372 -0.014277551909144214 0.73680428228658779 0.23555125891712475 -0.16023529784243132 -0.16604521289566648 -0.044355082047952188 -0.0074326406512301687 0.22239642861382317
leaf_weight=49 110 161 81 77 172 15.999999999999998 105 96 195 36 3629 64
leaf_count=28 81 41 22 65 131 13 36 31 54 14 1185 27
internal_value=0.0021564 0.057329 -0.00087141 0.141234 0.0741318 0.341722 0.10235 -0.0109139 -0.100374 -0.00776573 -0.0114134 0.126848
internal_weight=4791 917 542 375 282 93 266 3874 276 3825 3725 100
internal_count=1728 443 153 290 212 78 77 1285 76 1257 1216 41
is_linear=0
shrinkage=0.03


Tree=134
num_leaves=14
num_cat=0
split_feature=66 8 97 67 72 65 56 87 78 9 35 46 106
split_gain=3946.55 3868.96 3732.15 3149.65 3175.05 3050.9 2513.81 2477.8 2127.95 2106.06 1990.87 1627.8 1198.63
threshold=1009.8100000000001 0.99489600000000011 34.017300000000013 31.555000000000003 61.499250000000011 603.00150000000019 0.09668800000000001 50.343200000000003 0.35488862062273169 273.88400000000007 0.81974400000000014 0.33470200000000006 -0.99763297024448894
decision_type=2 2 2 2 2 2 2 2 2 2 2 2 2
left_child=3 5 7 8 9 -2 -4 -3 -1 -5 -7 -10 -6
right_child=1 2 6 4 12 10 -8 -9 11 -11 -12 -13 -14
leaf_value=0.16992523064724233 -0.41466074998038149 0.11180302575426175 0.12509572586228476 0.35579504394531247 0.11837295551483447 0.060940507068915767 0.40336189504154024 -0.10848424511485628 -0.088425970782869151 0.085753511141920674 -0.21601769910075447 -0.026715673114133542 -0.0016160166964216938
leaf_weight=42 20 79 378 32 77 79 31 107 528 128 32 1417 1901
leaf_count=19 5 26 191 8 25 41 25 38 244 49 18 502 560
internal_value=-0.000370142 0.0640792 0.0965601 -0.0117267 0.0135418 -0.0830395 0.147126 -0.0148078 -0.0389101 0.141655 -0.0200924 -0.0435063 0.00311088
internal_weight=4851 726 595 4125 2138 131 409 186 1987 160 111 1945 1978
internal_count=1751 344 280 1407 642 64 216 64 765 57 59 746 585
is_linear=0
shrinkage=0.03


Tree=135
num_leaves=10
num_cat=0
split_feature=138 72 59 66 36 88 4 112 96
split_gain=2766.69 4021.79 2136.61 3237.22 2623.72 1898.45 1078.11 1366.77 654.181
threshold=1.0000000180025095e-35 30.356300000000001 4.4357350000000011 1009.8950000000001 -0.032999199999999992 3.9867650000000006 35.994947827147641 0.17362786623450002 28.029400000000006
decision_type=2 2 2 2 2 2 2 2 2
left_child=2 -2 8 5 -5 -4 7 -3 -1
right_child=1 6 3 4 -6 -7 -8 -9 -10
leaf_value=-0.071625223092734808 0.55015931312243138 0.34353405042489366 -0.047980736331063874 -0.10648946054408756 0.078708542109170263 -0.0011285562285708714 -0.1348687655389309 0.051726968739786515 -0.22702742093542344
leaf_weight=55 17 17 1077 77 592 2801 19 76 45
leaf_count=24 17 17 389 35 262 881 19 76 13
internal_value=-0.00284753 0.133654 -0.00666539 -0.00363247 0.0572612 -0.0141502 0.0660992 0.108187 -0.143141
internal_weight=4776 129 4647 4547 669 3878 112 93 100
internal_count=1733 129 1604 1567 297 1270 112 93 37
is_linear=0
shrinkage=0.03


Tree=136
num_leaves=8
num_cat=0
split_feature=121 63 95 113 102 106 103
split_gain=3793.15 3027.39 3494.93 3532.26 3044.06 2062.28 2013.81
threshold=78.716500000000011 3.3723150000000004 0.011793850000000002 83.679000000000016 50.367950000000008 -0.19337636264337835 28.496733333333321
decision_type=10 2 2 8 2 2 2
left_child=1 2 5 -4 6 -1 -3
right_child=-2 4 3 -5 -6 -7 -8
leaf_value=-0.18228357939679046 -0.25371628038107225 -0.0032930404918344214 0.030470672306439309 0.1605869594286651 0.23673799356547265 0.036854504927567075 -0.059299228303818369
leaf_weight=86 52 2944 641 265 43 69 718
leaf_count=32 27 992 253 129 22 31 269
internal_value=-0.00132023 0.00148558 0.0461417 0.0686674 -0.0113108 -0.0851016 -0.0142881
internal_weight=4818 4766 1061 906 3705 155 3662
internal_count=1755 1728 445 382 1283 63 1261
is_linear=0
shrinkage=0.03


Tree=137
num_leaves=10
num_cat=0
split_feature=67 66 81 124 67 72 67 119 129
split_gain=2547.16 3408.72 3817.2 2932.15 2193.61 2695.96 1963.38 1320.62 1136.26
threshold=22.158200000000004 1010.8700000000001 1.4325000000000616 13.874494850101094 30.372200000000003 70.585200000000015 22.812250000000002 20.26119851693019 159.50000000000003
decision_type=2 2 2 8 2 2 2 10 8
left_child=7 4 3 -3 6 -6 -2 -1 -4
right_child=1 2 8 -5 5 -7 -8 -9 -10
leaf_value=-0.036814684945870459 0.30216616802215579 -0.15522504359797429 -0.2342853873570154 0.11933144140589622 0.1291531057762389 -0.0010108637538770756 -0.042976136505479184 -0.29103523468389741 -0.0092241981363878015
leaf_weight=34 13.999999999999998 37 40 464 150 2775 1434 40 40
leaf_count=21 7 20 16 204 65 847 584 10 20
internal_value=-0.0027969 -0.000169249 0.0680372 0.09878 -0.00924538 0.00570504 -0.0394308 -0.176319 -0.123295
internal_weight=5028 4954 581 501 4373 2925 1448 74 80
internal_count=1794 1763 260 224 1503 912 591 31 36
is_linear=0
shrinkage=0.03


Tree=138
num_leaves=6
num_cat=0
split_feature=101 84 9 116 9
split_gain=3016.33 2302.37 2094.07 2006.27 1853.83
threshold=0.15126428571428577 221.17550000000008 245.38350000000003 75.891000000000005 249.96750000000003
decision_type=2 2 2 8 2
left_child=3 -2 -3 -1 -4
right_child=1 2 4 -5 -6
leaf_value=0.039904454430808194 0.41499845600128171 0.19818697712617983 -0.16736646213687834 0.33112142345091189 -0.00090195330141710421
leaf_weight=45 10.999999999999998 46 60 40 4654
leaf_count=21 7 13 20 19 1661
internal_value=0.00315038 -2.30883e-05 -0.00106977 0.179239 -0.0030564
internal_weight=4856 4771 4760 85 4714
internal_count=1741 1701 1694 40 1681
is_linear=0
shrinkage=0.03


Tree=139
num_leaves=9
num_cat=0
split_feature=10 78 41 47 111 72 30 51
split_gain=3114.73 3217.84 2995.15 2645.92 2360.24 2638.48 2239.37 1519.63
threshold=250.66300000000004 0.43189735527757073 0.44011735714285699 0.34264350000000005 0.070969675309000016 47.758800000000008 37.629266666666673 0.08579630725202099
decision_type=2 2 2 2 2 2 2 2
left_child=2 3 -1 6 7 -6 -2 -3
right_child=1 4 -4 -5 5 -7 -8 -9
leaf_value=0.30150040539846579 0.091506233671437134 -0.38814951531440017 0.012044327877461909 -0.017938076235594288 0.07694191917250584 -0.012826537150019066 0.40080222872989935 -0.093933130653166177
leaf_weight=58 45 19 71 61 316 4184 40 81
leaf_count=25 17 9 23 25 134 1432 19 32
internal_value=-0.00134583 -0.00531366 0.143529 0.132857 -0.00972766 -0.00650644 0.24006 -0.153154
internal_weight=4875 4746 129 146 4600 4500 85 100
internal_count=1716 1668 48 61 1607 1566 36 41
is_linear=0
shrinkage=0.03


Tree=140
num_leaves=10
num_cat=0
split_feature=78 111 75 138 102 1 79 76 101
split_gain=3862.9 2964.88 2898.52 2606.95 1824.92 1393.16 1287.06 859.261 1023.76
threshold=0.37470294759032874 0.070969675309000016 8.0096500000000024 1.0000000180025095e-35 19.059950000000004 133.37950000000004 8.1712000000000007 -0.88996824373227434 0.23827964285714287
decision_type=2 2 2 2 2 2 2 2 2
left_child=4 5 -3 -4 -1 6 -2 -6 -9
right_child=1 2 3 -5 7 -7 -8 8 -10
leaf_value=-0.064784235239028931 0.065501170030411546 -0.28773684661619126 -0.0005041909705564764 0.14069468335647228 0.06325027199413466 -0.27616166712313278 -0.21229583497842153 0.43466867527594927 0.19013310118812193
leaf_weight=23 33 30 4291 120 22 48 26 25 46
leaf_count=12 20 12 1489 120 11 18 11 12 21
internal_value=0.00193739 -0.00244002 0.00133594 0.00336742 0.172142 -0.157749 -0.0583658 0.230834 0.28112
internal_weight=4664 4548 4441 4411 116 107 59 93 71
internal_count=1726 1670 1621 1609 56 49 31 44 33
is_linear=0
shrinkage=0.03


Tree=141
num_leaves=8
num_cat=0
split_feature=118 0 128 10 107 73 111
split_gain=2450.1 4075.29 2973.93 2540.59 1967.07 2463.53 1715.92
threshold=106.05400000000002 95.951300000000018 193.50000000000003 249.18000000000004 0.97648852793709995 152.51400000000004 0.19488429095150003
decision_type=10 2 8 2 2 2 2
left_child=3 -2 -3 -1 5 -5 -6
right_child=1 2 -4 4 6 -7 -8
leaf_value=0.19179110785534506 -0.12262913918495179 0.54776124017715444 0.10951243518380559 0.043984900888055567 -0.14044549827984401 -0.015495314809509605 0.059391248931884764
leaf_weight=56 31 24 33 755 174 3663 49
leaf_count=23 22 24 25 298 48 1268 12
internal_value=-0.00432433 0.15161 0.300353 -0.00727811 -0.0097216 -0.0053223 -0.0964527
internal_weight=4785 88 57 4697 4641 4418 223
internal_count=1720 71 49 1649 1626 1566 60
is_linear=0
shrinkage=0.03


Tree=142
num_leaves=12
num_cat=0
split_feature=72 19 66 97 84 131 31 67 21 24 67
split_gain=3102.03 4745.56 2783.5 2168.19 2135.62 3389.1 3981.92 3258.13 2365.45 4066.9 1741.74
threshold=31.801700000000004 189.25000000000003 998.1545000000001 50.710800000000006 431.56716666666665 22.47962040011652 1.7716585686516566 23.276400000000006 117.90855000000001 255.51339649062712 25.413000000000004
decision_type=2 2 2 2 2 10 2 2 2 2 2
left_child=1 2 -1 -4 5 7 -7 -2 9 -6 -10
right_child=4 -3 3 -5 8 6 -8 -9 10 -11 -12
leaf_value=-0.11730558028974032 0.39119539604187009 -0.10612092653073762 0.38317650075580756 0.10632862555703451 -0.0056790260992090526 0.66917064846478969 0.11845875838252021 0.0037167062917869251 -0.17348492965621684 0.2952266241239338 -0.042505715371025314
leaf_weight=18 19 56 68 42 2879 11.999999999999998 141 834 108 40 574
leaf_count=11 10 18 30 13 884 7 63 359 48 38 236
internal_value=0.00241702 0.122868 0.22312 0.279408 -0.00241867 0.0362033 0.165736 0.012799 -0.0132163 -0.0014549 -0.0634753
internal_weight=4791 184 128 110 4607 1006 153 853 3601 2919 682
internal_count=1717 72 54 43 1645 439 70 369 1206 922 284
is_linear=0
shrinkage=0.03


Tree=143
num_leaves=10
num_cat=0
split_feature=53 124 78 133 31 99 47 88 113
split_gain=3171.52 3953.77 3709.95 3736.68 2535.93 2157.19 1689.61 1897.14 1564.72
threshold=0.75590150000000011 12.492774243014216 0.67919773200599576 16.368496639726718 7.0075624269820151 0.16087400000000004 0.26373450000000004 5.0078400000000007 109.80500000000002
decision_type=2 8 2 10 2 2 2 2 8
left_child=5 -2 3 -3 -4 -1 7 -7 -8
right_child=1 2 4 -5 -6 6 8 -9 -10
leaf_value=-0.19985885429773173 -0.26252742760522024 0.22472534434609118 0.022130567591095142 0.015067119572311641 -0.15625902303745037 -0.17607353691597941 -0.01751498670676457 0.026238264438696205 0.11193078801344179
leaf_weight=60 41 164 1641 143 74 121 2477 63 86
leaf_count=27 23 67 592 70 33 66 773 29 72
internal_value=-0.00263028 0.0256018 0.0315726 0.127443 0.014345 -0.0233822 -0.0194552 -0.10702 -0.0131284
internal_weight=4870 2063 2022 307 1715 2807 2747 184 2563
internal_count=1752 785 762 137 625 967 940 95 845
is_linear=0
shrinkage=0.03


Tree=144
num_leaves=12
num_cat=0
split_feature=138 112 124 64 12 85 73 97 31 133 102
split_gain=3238.85 3791.19 3088.9 3317.6 3421.18 2274.29 1933.04 1507.49 404.103 300.545 182.356
threshold=1.0000000180025095e-35 0.18657952679850004 12.492774243014216 402.1615000000001 249.33900000000003 9.3132264995559125e-06 67.183900000000008 25.707400000000003 1.2588976834712422 20.836091263571276 22.261550000000003
decision_type=2 2 8 2 2 2 2 2 2 8 2
left_child=2 6 5 4 -4 -1 -2 -5 10 -10 -3
right_child=1 8 3 7 -6 -7 -8 -9 9 -11 -12
leaf_value=-0.41414829860884561 0.61529671116669971 0.040044066560765104 0.31591018509864804 -0.1354830051390748 0.034829889514848139 -0.022603988239398368 0.19131113622665405 -0.014363071555102462 0.029866618876176122 -0.11567064855496088 0.17862657655853972
leaf_weight=28 17 17 40 94 801 25 24 3531 43 17 18
leaf_count=15 17 17 15 47 331 15 24 1135 43 17 18
internal_value=-0.00345779 0.140247 -0.00781336 -0.00508448 0.0485616 -0.233352 0.377646 -0.0175412 0.0348933 -0.01254 0.114381
internal_weight=4655 136 4519 4466 841 53 41 3625 95 60 35
internal_count=1694 136 1558 1528 346 30 41 1182 95 60 35
is_linear=0
shrinkage=0.03


Tree=145
num_leaves=9
num_cat=0
split_feature=124 66 75 55 67 72 10 39
split_gain=3005.19 3203.03 5364.72 3200.54 2818.75 3811.75 2174.3 963.589
threshold=15.421703758019609 1010.8050000000002 8.327200000000003 0.20423000000000002 31.601600000000001 70.585200000000015 249.18000000000004 0.25258050000000093
decision_type=8 2 2 2 2 2 2 2
left_child=7 4 -3 -4 6 -6 -2 -1
right_child=1 2 3 -5 5 -7 -8 -9
leaf_value=-0.34010200568725318 0.14453680692344412 -0.23434050914219445 0.15772266997178527 0.011760688868569739 0.14690565822398338 0.0044377860899495487 -0.037239122663619617 -0.086549003234931393
leaf_weight=28 60 48 306 242 184 1958 2062 27
leaf_count=15 23 15 201 56 65 575 819 16
internal_value=-0.000939931 0.00157697 0.06666 0.0934093 -0.0075328 0.0167402 -0.0320323 -0.219452
internal_weight=4915 4860 596 548 4264 2142 2122 55
internal_count=1785 1754 272 257 1482 640 842 31
is_linear=0
shrinkage=0.03


Tree=146
num_leaves=10
num_cat=0
split_feature=138 87 132 27 66 31 67 118 61
split_gain=2481 2684.75 3064.26 1908.04 2265.32 3903.09 1854.63 151.305 157.86
threshold=1.0000000180025095e-35 62.576850000000007 173.15476190476193 50.084450000000011 1010.3050000000001 1.1212119233219802 32.257550000000002 31.683410714285717 3.4259650000000001
decision_type=2 2 10 2 2 2 2 10 2
left_child=3 2 -2 4 6 -6 -1 8 -3
right_child=1 7 -4 -5 5 -7 -8 -9 -10
leaf_value=-0.024316073556100219 0.60056908235549922 0.13197097861766816 0.082872862846954998 -0.19326208165417547 0.29981765612341321 0.030898166649803823 0.018218340560813562 -0.023830548118427396 0.014621594817879108
leaf_weight=2361 19 17 22 45 52 587 1513 29 25
leaf_count=866 19 17 22 23 20 253 416 29 25
internal_value=0.00241567 0.141276 0.331439 -0.00102601 0.000932534 0.053221 -0.00770297 0.0283434 0.0641544
internal_weight=4670 112 41 4558 4513 639 3874 71 42
internal_count=1690 112 41 1578 1555 273 1282 71 42
is_linear=0
shrinkage=0.03


Tree=147
num_leaves=13
num_cat=0
split_feature=32 57 13 67 67 107 101 106 22 84 65 78
split_gain=2458.16 7616.42 8221.19 3361.79 3132.93 4997.06 2761.58 2438.32 2033.74 1656.23 1641.57 1562
threshold=40.564364285714291 20.152000000000005 2.7940342101150528 24.323750000000004 31.516300000000005 0.48877522411129348 0.19173007142857149 0.21022171450811275 121.47218757409021 435.22283333333343 1446.1700000000003 0.35488862062273169
decision_type=2 2 2 2 2 2 2 2 2 2 2 2
left_child=4 2 -2 7 8 10 -5 -3 9 -1 -6 -10
right_child=1 3 -4 6 5 -7 -8 -9 11 -11 -12 -13
leaf_value=0.050072814699784397 0.93918171648184456 0.0032485174073113333 -0.010869276344776154 0.25529242089583021 0.1020616713751446 0.30396631818347503 -0.044027257595719252 0.38052366997380005 0.13212544161623174 -0.027497066932187769 0.0032307993470147914 -0.078982166811186055
leaf_weight=313 17 26 14.999999999999998 30 164 53 263 37 32 1173 1818 770
leaf_count=118 16 12 15 14 70 23 110 19 14 388 517 380
internal_value=-0.00135288 0.0708813 0.50692 0.0303683 -0.00785167 0.0192226 -0.0126059 0.227353 -0.0319313 -0.0111336 0.0114574 -0.0704011
internal_weight=4711 388 32 356 4323 2035 293 63 2288 1486 1982 802
internal_count=1696 186 31 155 1510 610 124 31 900 506 587 394
is_linear=0
shrinkage=0.03


Tree=148
num_leaves=10
num_cat=0
split_feature=78 31 128 41 91 65 113 105 37
split_gain=2502.29 2456.39 2243.86 1910.38 4160.47 2258.34 1889.12 1267.7 1076.41
threshold=0.332195321371555 6.2526940177364541 150.50000000000003 0.31649297857142861 1011.6000000000001 603.00150000000019 51.943000000000005 0.019672800000000004 0.68438550000000009
decision_type=2 2 10 2 2 2 10 2 2
left_child=6 3 8 5 -5 -2 -1 -4 -3
right_child=1 2 7 4 -6 -7 -8 -9 -10
leaf_value=-0.068990310907363891 -0.24653959169595133 0.15361197070514454 -0.34256398148970163 -0.0002593741271803178 0.12648847867298127 -0.030096256604986302 0.24743808936767403 -0.12416064653015628 -0.11597944938865574
leaf_weight=23 45 33 32 3443 249 776 60 96 21
leaf_count=10 18 21 16 1102 109 372 28 38 17
internal_value=-0.00235295 -0.00525611 -0.113005 -0.000886083 0.00832002 -0.0422489 0.15994 -0.181017 0.0485138
internal_weight=4778 4695 182 4513 3692 821 83 128 54
internal_count=1731 1693 92 1601 1211 390 38 54 38
is_linear=0
shrinkage=0.03


Tree=149
num_leaves=9
num_cat=0
split_feature=96 121 75 95 14 68 91 42
split_gain=2772.55 2635.54 2629.53 2746.57 1732.05 1203.42 959.555 490.041
threshold=20.307550000000003 66.667000000000016 8.327200000000003 0.043899550000000002 269.56378571428576 1239.0450000000003 1001.3000000000001 0.5096944611926616
decision_type=2 10 2 2 2 2 2 2
left_child=4 2 -2 -4 -1 6 -6 -7
right_child=1 -3 3 -5 5 7 -8 -9
leaf_value=-0.21996031008254394 -0.19761742277048069 -0.18494993204819526 0.062584385588665178 0.0057511407038598897 -0.020818097609880248 0.19143421732054816 -0.088676341728238017 0.029527018364439616
leaf_weight=43 48 56 1117 2427 839 26 241 46
leaf_count=19 21 29 425 811 278 14 163 17
internal_value=0.00446595 0.0174581 0.0206651 0.0236773 -0.0351744 -0.0280897 -0.0360313 0.0898561
internal_weight=4843 3648 3592 3544 1195 1152 1080 72
internal_count=1777 1286 1257 1236 491 472 441 31
is_linear=0
shrinkage=0.03


Tree=150
num_leaves=12
num_cat=0
split_feature=138 96 128 113 134 88 42 132 82 76 89
split_gain=3372.36 2887.51 2296.81 3325.75 3272.93 1997.73 1822.72 1478.31 772.77 888.386 375.206
threshold=1.0000000180025095e-35 31.059250000000002 193.50000000000003 83.679000000000016 123.77600000000002 3.1643500000000002 0.29787106101866739 183.21428571428575 2518.7466666666674 -0.92663545896983035 668.70100000000014
decision_type=2 2 10 10 10 2 2 8 2 2 2
left_child=2 8 3 5 -5 -1 -3 -4 9 -2 -10
right_child=1 6 7 4 -6 -7 -8 -9 10 -11 -12
leaf_value=-0.06614496099584305 0.00099366789797077993 0.62417881500720962 -0.2197849116325378 0.10599829539051629 -0.14108494488976217 -0.0016607025446130569 0.15754971042100122 -0.009613639759567548 -0.11098879973483938 0.24728970801423894 0.050308648752377311
leaf_weight=491 22 15.000000000000002 71 398 54 3570 15.999999999999998 52 20 32 33
leaf_count=201 22 15 19 154 19 1151 16 26 20 32 33
internal_value=-8.9483e-06 0.145592 -0.00437418 -0.000873514 0.0762266 -0.00947235 0.395881 -0.13175 0.0700569 0.148844 -0.0114309
internal_weight=4774 138 4636 4513 452 4061 31 123 107 54 53
internal_count=1708 138 1570 1525 173 1352 31 45 107 54 53
is_linear=0
shrinkage=0.03


Tree=151
num_leaves=14
num_cat=0
split_feature=64 48 105 120 65 6 110 88 82 79 77 13 64
split_gain=2238.18 2562.23 3187.45 2524.91 2527.55 2317.93 1460.39 1782.56 1473.1 2190.26 1549.13 707.458 465.877
threshold=423.17900000000003 0.24436166666666659 0.0044005950000000011 12.2155 431.98100000000005 75.248289648478547 1.0000000180025095e-35 4.8482000000000012 1550.7533333333333 9.2343500000000027 0.86644698108098872 4.0964130688748313 497.30300000000005
decision_type=2 2 2 10 2 2 2 2 2 2 2 2 2
left_child=1 2 -1 4 -3 -4 8 11 9 -2 -10 -8 -9
right_child=6 3 5 -5 -6 -7 7 12 10 -11 -12 -13 -14
leaf_value=-0.35693520686030389 0.015575153201034194 -0.15269689814991025 0.10252554146990631 -0.19863468173518775 0.038807910092068312 0.35421712903976438 -0.17367448868429658 0.068667035086190001 -0.0064960497746703845 0.23987737285865926 -0.17173634512149366 -0.04928757168073207 -0.031044126078898664
leaf_weight=10.999999999999998 151 66 197 47 837 39 124 50 2847 52 51 63 243
leaf_count=7 63 20 87 24 337 20 55 14 937 29 23 24 77
internal_value=0.000344384 0.0358417 0.121716 0.0134068 0.0246541 0.14545 -0.011527 -0.0601652 -0.00398037 0.0739408 -0.00946328 -0.13227 -0.0138427
internal_weight=4778 1197 247 950 903 236 3581 480 3101 203 2898 187 293
internal_count=1717 495 114 381 357 107 1222 170 1052 92 960 79 91
is_linear=0
shrinkage=0.03


Tree=152
num_leaves=9
num_cat=0
split_feature=101 53 55 83 70 64 58 60
split_gain=2543.72 1851.07 2570.3 4262.17 2517.64 1827.32 1366.13 1921.65
threshold=0.15126428571428577 0.75590150000000011 0.21844000000000002 2.9542833333333318 24.562650000000001 397.66200000000009 18.066000000000006 43.796800000000012
decision_type=2 2 2 2 2 2 2 2
left_child=5 6 3 -3 -4 -1 -2 -8
right_child=1 2 4 -5 -6 -7 7 -9
leaf_value=0.28227056255389227 -0.21272521825879812 0.18152458527253543 -0.062020490555386797 0.022135742216989798 0.12452468453426109 0.012223077086515204 0.57208132781982424 -0.016603727200169328
leaf_weight=48 31 172 455 1191 75 42 3.9999999999999991 2771
leaf_count=20 12 102 111 485 28 19 3 939
internal_value=0.000702006 -0.0023392 0.0205782 0.0423699 -0.0354321 0.157801 -0.0178028 -0.0155483
internal_weight=4789 4699 1893 1363 530 90 2806 2775
internal_count=1719 1680 726 587 139 39 954 942
is_linear=0
shrinkage=0.03


Tree=153
num_leaves=7
num_cat=0
split_feature=94 101 37 138 69 118
split_gain=1927.16 2209.31 2334.95 1709.64 1964.57 1380.5
threshold=0.098443100000000019 0.15126428571428577 0.42117050000000006 1.0000000180025095e-35 4.1774050000000011 100.2432142857143
decision_type=2 2 2 2 2 8
left_child=-1 2 -2 5 -5 -3
right_child=1 3 -4 4 -6 -7
leaf_value=-0.1970663310418958 0.33199991498887532 -0.01254575950583107 0.022884452445239855 0.41636438709497453 0.058537227532562783 0.053108545526285321
leaf_weight=45 35 4106 57 14.999999999999998 105 309
leaf_count=17 14 1324 23 15 105 212
internal_value=-0.00384523 -0.00192323 0.14282 -0.0048911 0.106362 -0.00793904
internal_weight=4672 4627 92 4535 120 4415
internal_count=1710 1693 37 1656 120 1536
is_linear=0
shrinkage=0.03


Tree=154
num_leaves=9
num_cat=0
split_feature=125 64 36 91 94 46 45 52
split_gain=2113.55 2401.43 1742.13 2361.84 1960.25 1284.16 984.052 819.352
threshold=62.020071428571434 642.08950000000016 0.030663350000000002 1012.5850000000002 0.16376900000000003 0.25790150000000006 0.25163700000000006 12.500000000000002
decision_type=8 2 2 2 2 2 2 2
left_child=-1 2 4 -4 -2 6 -3 -7
right_child=1 5 3 -5 -6 7 -8 -9
leaf_value=-0.20292230066086381 0.48545986485481263 -0.20750073651344544 0.014034011917851663 0.11049455273293314 -0.062471044439114012 -0.016024812549993609 -0.025883162443735161 -0.095233453731983886
leaf_weight=46 4.9999999999999991 61 2452 251 304 1452 48 127
leaf_count=28 4 27 919 111 148 420 19 44
internal_value=-0.00274309 -0.000740503 0.015311 0.02303 -0.0520578 -0.0293761 -0.128512 -0.0224538
internal_weight=4746 4700 3012 2703 309 1688 109 1579
internal_count=1720 1692 1182 1030 152 510 46 464
is_linear=0
shrinkage=0.03


Tree=155
num_leaves=12
num_cat=0
split_feature=138 72 95 101 40 47 50 132 131 78 99
split_gain=2006.3 2372.24 2055.94 2571.04 2738.66 2515.04 2260.71 2249.75 1036.45 431.857 432.861
threshold=1.0000000180025095e-35 52.044800000000009 0.011453450000000002 0.19173007142857149 0.20847464473834529 0.15464550000000002 0.26536492857142863 185.78571428571431 6.3639610306789427 0.93579460744080123 0.34698400000000001
decision_type=2 2 2 2 2 2 2 10 10 2 2
left_child=2 8 5 4 -4 -1 -7 -5 -2 -3 -11
right_child=1 9 3 7 -6 6 -8 -9 -10 10 -12
leaf_value=0.26971293671925861 0.51128162187337867 0.15341510426998137 0.01347054048583788 -0.0080567736838036298 0.22796825476040999 -0.24099478952949113 -0.052290696487500093 0.1944116302871704 0.16022432346145313 -0.12418244967962568 0.044990279004909102
leaf_weight=17 14.999999999999998 20 135 4065 88 73 255 49 17 18 47
leaf_count=9 15 20 52 1328 44 22 97 33 17 18 47
internal_value=-0.00274603 0.119427 -0.00582453 -0.000209334 0.0987686 -0.0762 -0.0949028 -0.00559788 0.33538 0.035137 -0.00298384
internal_weight=4799 117 4682 4337 223 345 328 4114 32 85 65
internal_count=1702 117 1585 1457 96 128 119 1361 32 85 65
is_linear=0
shrinkage=0.03


Tree=156
num_leaves=11
num_cat=0
split_feature=82 118 14 49 62 57 139 45 66 45
split_gain=1979.67 3372.34 2410.18 2380.93 2336.21 3408.37 2341.95 2006.49 1621.25 765.349
threshold=884.78533333333417 75.548833333333349 248.64764285714287 0.064594276674156501 -0.90385399999999982 69.136500000000026 1.0000000180025095e-35 0.27299850000000009 1011.1050000000001 0.27763800000000005
decision_type=2 8 2 2 2 2 2 2 2 2
left_child=1 9 -2 7 5 -4 -6 -3 -5 -1
right_child=2 3 4 8 6 -7 -8 -9 -10 -11
leaf_value=0.016275687086338898 -0.22272620633515441 -0.11971573034425576 0.080003053089684306 0.148482887336186 -0.0073072406275071422 -0.053987335908886186 -0.20460050411874595 0.16210919891826567 0.42827978912559711 -0.15763730044558991
leaf_weight=48 43 35 641 41 3520 232 54 61 36 42
leaf_count=15 13 14 305 21 1177 47 54 21 18 15
internal_value=0.00291079 0.082749 -0.00178242 0.159923 0.000402898 0.0443706 -0.0103454 0.0591547 0.283149 -0.0656912
internal_weight=4753 263 4490 173 4447 873 3574 96 77 90
internal_count=1700 104 1596 74 1583 352 1231 35 39 30
is_linear=0
shrinkage=0.03


Tree=157
num_leaves=6
num_cat=0
split_feature=124 9 67 80 91
split_gain=2006.98 2156.03 1978.83 1793.79 1750.66
threshold=15.421703758019609 246.88450000000003 22.158200000000004 4.1642999999999999 1015.3450000000001
decision_type=8 2 2 2 2
left_child=3 -2 -3 -1 -4
right_child=1 2 4 -5 -6
leaf_value=-0.31290757341384884 0.1659882735116141 -0.18229780522982278 -0.0016042666323490232 0.00883745352586667 0.17179198300163698
leaf_weight=34 69 53 4660 28 52
leaf_count=18 22 21 1648 16 26
internal_value=-0.00148864 0.00070312 -0.001724 -0.169722 0.000344682
internal_weight=4896 4834 4765 62 4712
internal_count=1751 1717 1695 34 1674
is_linear=0
shrinkage=0.03


Tree=158
num_leaves=8
num_cat=0
split_feature=118 0 10 23 99 126 48
split_gain=2428.15 3957.09 2562.3 2983.45 2226.26 1551.21 689.257
threshold=114.71750000000002 104.63850000000001 250.66300000000004 -3.0363390714285048 0.11987700000000003 27.435066583176415 0.33673500000000017
decision_type=10 2 2 2 2 10 2
left_child=2 -2 3 -1 -4 -6 -5
right_child=1 -3 4 6 5 -7 -8
leaf_value=-0.015265018667493548 -0.16408979800343515 0.42746754171930507 -0.19876343470924301 0.35681341934204103 -0.0011652032002633041 -0.14875405497000765 0.14279015403103085
leaf_weight=62 14.999999999999998 28 52 38 4596 64 24
leaf_count=11 15 28 27 17 1632 33 15
internal_value=0.000148768 0.222003 -0.00186875 0.13219 -0.00542455 -0.0032243 0.277595
internal_weight=4879 43 4836 124 4712 4660 62
internal_count=1778 43 1735 43 1692 1665 32
is_linear=0
shrinkage=0.03


Tree=159
num_leaves=12
num_cat=0
split_feature=88 4 86 134 76 115 11 138 112 114 11
split_gain=2006.76 3779.98 2502.31 2184.49 1905.37 2185.46 1992.4 1892.77 3798.57 1662.67 854.311
threshold=3.2461150000000001 70.409736285852702 16.444900000000004 55.476600000000005 -0.38582484930905442 108.22000000000001 256.20200000000006 1.0000000180025095e-35 0.16303288875750002 93.873500000000021 278.44700000000006
decision_type=2 2 2 8 2 8 2 2 2 10 2
left_child=2 7 -1 10 6 -6 -4 9 -9 -2 -3
right_child=1 3 4 -5 5 -7 -8 8 -10 -11 -12
leaf_value=1.0192605743408203 0.0021359614496586181 -0.021236514464020726 0.16020681272704027 0.35239855921268459 -0.025988257305595671 0.15663292050102481 -0.095941359929976489 0.55796556857228274 0.04406945202137743 -0.10516410111089546 0.20521102970123292
leaf_weight=0.999999999999999 3488 37 28 41 405 68 504 14.999999999999998 69 134 24
leaf_count=1 1114 20 9 21 134 48 229 15 69 52 13
internal_value=-0.003552 0.00640524 -0.0412149 0.18567 -0.0432852 0.000534682 -0.082179 0.00142178 0.141357 -0.00186083 0.0696821
internal_weight=4814 3808 1006 102 1005 473 532 3706 84 3622 61
internal_count=1725 1304 421 54 420 182 238 1250 84 1166 33
is_linear=0
shrinkage=0.03


Tree=160
num_leaves=14
num_cat=0
split_feature=96 131 103 48 72 32 96 91 94 46 108 45 94
split_gain=2037.2 1772.28 2831.41 2732.67 2053.76 2034.35 1839.2 1487.86 624.832 905.379 502.506 350.762 292.407
threshold=18.6568 35.786112140731611 29.899683333333346 0.61668324999999979 437.1855000000001 42.057585714285722 34.313800000000008 1005.9650000000001 0.24122250000000003 0.97078100000000012 0.6078576107927941 0.26901550000000007 0.18534000000000003
decision_type=2 8 2 2 2 2 2 2 2 2 2 2 2
left_child=7 2 4 -4 -2 6 -3 8 12 -10 11 -9 -1
right_child=1 5 3 -5 -6 -7 -8 10 9 -11 -12 -13 -14
leaf_value=-0.013483405247677202 0.04079985527328709 0.0030014627388230074 -0.011147262514700006 -0.12472672076122121 -0.011456246282019961 0.34346803710937496 0.1910863485905257 -0.30471920300854571 -0.067538019188797288 0.0052570964376237699 -0.060576038138866424 -0.12518076573908329 0.094570098906755454
leaf_weight=42 1699 161 837 246 1124 24 65 26 411 245 24 19 47
leaf_count=19 566 121 303 80 288 19 30 17 184 65 18 15 28
internal_value=0.000639697 0.00914294 0.00417547 -0.0370405 0.0199959 0.0864169 0.0577134 -0.0427292 -0.0302545 -0.0403796 -0.17502 -0.233349 0.043962
internal_weight=4970 4156 3906 1083 2823 250 226 814 745 656 69 45 89
internal_count=1753 1407 1237 383 854 170 151 346 296 249 50 32 47
is_linear=0
shrinkage=0.03


Tree=161
num_leaves=11
num_cat=0
split_feature=96 67 87 118 103 73 97 76 127 26
split_gain=2670.78 3562.99 4372.39 1309.82 2442.31 1898.15 1838.74 1977.94 1654.75 1218.86
threshold=42.19230000000001 22.380850000000002 51.067400000000006 99.283785714285727 30.977883333333335 48.418950000000002 82.770900000000012 -0.91846515945012441 78.500000000000014 0.96681150000000005
decision_type=2 2 2 8 2 2 2 2 8 2
left_child=3 -2 -3 4 8 -6 7 -5 -1 -4
right_child=1 2 9 6 5 -7 -8 -9 -10 -11
leaf_value=-0.027732485478323403 -0.5600234184265136 0.40700238880878536 -0.060680308493284082 -0.083081969681382178 0.10131711346283555 -0.0697126111183973 0.30343777630805968 0.083587304960986417 0.018296872646003527 0.11414263091637537
leaf_weight=989 5.9999999999999991 40 51 89 63 679 24 222 2423 116
leaf_count=373 4 20 23 77 23 221 18 134 771 46
internal_value=0.00376163 0.107305 0.129262 -0.00117356 -0.00578118 -0.0550704 0.0557992 0.0357679 0.00494974 0.0606923
internal_weight=4702 213 207 4489 4154 742 335 311 3412 167
internal_count=1710 93 89 1617 1388 244 229 211 1144 69
is_linear=0
shrinkage=0.03


Tree=162
num_leaves=10
num_cat=0
split_feature=124 35 77 97 15 77 89 86 88
split_gain=2054.49 2026.94 2026.44 4916.18 5368.68 4244.55 3000.27 3018.57 1843.37
threshold=12.492774243014216 0.56170200000000003 0.30702689860304938 45.428100000000008 6.6024701398037173 0.7829025216460016 300.68650000000008 19.196400000000004 2.8279250000000005
decision_type=8 2 2 2 2 2 2 2 2
left_child=1 -1 6 5 -5 -4 8 -8 -2
right_child=2 -3 3 4 -6 -7 7 -9 -10
leaf_value=-0.0048604726582765576 -0.29850162943840025 -0.36634320970376327 0.041194818860773738 0.17854690266906417 -0.17700206179781391 -0.10589481248057657 0.31271568075815837 -0.0057570086114133428 -0.042351262436722811
leaf_weight=29 49 26 612 298 43 247 26 3369 52
leaf_count=16 30 15 225 134 26 87 8 1154 31
internal_value=0.00134856 -0.179287 0.00350254 0.0371232 0.133317 -0.00117034 -0.00804418 -0.00322579 -0.16836
internal_weight=4751 55 4696 1200 341 859 3496 3395 101
internal_count=1726 31 1695 472 160 312 1223 1162 61
is_linear=0
shrinkage=0.03


Tree=163
num_leaves=8
num_cat=0
split_feature=31 102 59 132 47 13 105
split_gain=2310.67 2228.46 2100.37 3137.28 2590.74 992.598 748.175
threshold=7.0075624269820151 51.941400000000009 10.154600000000002 159.46428571428575 0.32036800000000004 4.8226701320535872 0.040206850000000009
decision_type=2 2 2 10 2 2 2
left_child=1 2 4 -4 -1 6 -2
right_child=5 -3 3 -5 -6 -7 -8
leaf_value=0.024742848676858949 0.072173931492699517 0.22131526685315506 0.0022453410021738224 0.086699894698487739 -0.11347853616593478 -0.2297313674354553 -0.12967716105039728
leaf_weight=214 26 42 3653 443 282 49 42
leaf_count=94 15 28 1301 168 103 19 15
internal_value=0.00301138 0.00634888 0.00433432 0.0113991 -0.0539069 -0.128085 -0.0525279
internal_weight=4751 4634 4592 4096 496 117 68
internal_count=1743 1694 1666 1469 197 49 30
is_linear=0
shrinkage=0.03


Tree=164
num_leaves=10
num_cat=0
split_feature=103 102 51 125 2 55 105 32 76
split_gain=2432.33 2873.35 4647.56 2208.97 1745.51 2080.62 1633.65 2432.7 1306.53
threshold=31.592466666666663 35.383450000000003 0.11883091683257595 67.204478571428595 88.635850000000019 0.20423000000000002 0.0044005950000000011 40.882357142857153 0.78207162961944854
decision_type=2 2 2 8 2 2 2 2 2
left_child=1 6 -3 -2 8 -6 -1 -8 -5
right_child=3 2 -4 4 5 -7 7 -9 -10
leaf_value=-0.19581374861221565 -0.29445527574419972 0.42363361925200405 -0.012556710643307217 -0.065729506727532444 0.065446616664528834 -0.053466237715286996 -0.002509044681405271 0.13769854676049689 -0.218395402264595
leaf_weight=37 31 37 52 331 218 334 3532 114 59
leaf_count=17 16 16 20 124 142 80 1218 65 20
internal_value=-0.00694761 0.00396409 0.17144 -0.0492124 -0.0408349 -0.00646543 -0.000127591 0.00191058 -0.0893323
internal_weight=4745 3772 89 973 942 552 3683 3646 390
internal_count=1718 1336 36 382 366 222 1300 1283 144
is_linear=0
shrinkage=0.03


Tree=165
num_leaves=12
num_cat=0
split_feature=78 22 100 12 127 84 83 119 123 83 32
split_gain=2611.92 2893.07 2400.33 2629.4 1843.39 1668.44 2212.32 1518.43 1400.09 1838.32 1367.81
threshold=0.78105990370474221 406.26384804569392 0.27780949999999999 257.81083333333339 134.50000000000003 313.03200000000015 2.6347549999999988 12.964868830299865 15.125500000000001 3.7329166666666702 42.057585714285722
decision_type=2 2 2 2 8 2 2 10 10 2 2
left_child=1 2 3 -1 -4 6 -2 -8 10 -10 -7
right_child=5 -3 4 -5 -6 8 7 -9 9 -11 -12
leaf_value=0.18113837206363675 0.15791187071800231 -0.19887755515073474 0.04083781719843993 -0.013748507570259033 0.21715097203235262 -0.0063343093153647211 -0.018356922200747895 -0.24650951669183938 0.025967685008049007 -0.30051271408254449 0.11067082483208049
leaf_weight=77 22 37 88 309 137 3976 41 73 29 32 91
leaf_count=30 8 19 43 127 57 1326 27 23 15 18 50
internal_value=-0.000735729 0.0553325 0.0710313 0.0254877 0.148692 -0.0092681 -0.112268 -0.165354 -0.0058476 -0.147337 -0.003689
internal_weight=4912 648 611 386 225 4264 136 114 4128 61 4067
internal_count=1743 276 257 157 100 1467 58 50 1409 33 1376
is_linear=0
shrinkage=0.03


Tree=166
num_leaves=14
num_cat=0
split_feature=103 132 85 114 66 23 77 73 12 111 136 68 77
split_gain=1788.2 2968.85 4686.45 2403.4 2402.28 2338.97 2281.79 2134.91 1782.16 2359.12 1409.17 1337.45 905.749
threshold=31.592466666666663 192.00000000000003 0.00018538666150355276 108.44000000000001 1012.7650000000001 207.62817857142866 0.66956388584171889 46.911250000000003 256.04416666666674 0.079875898036000023 1.0000000180025095e-35 898.1015000000001 0.64421556317976025
decision_type=2 8 2 10 2 2 2 2 2 2 2 2 2
left_child=5 3 4 7 -3 8 11 -2 10 -10 -1 -7 -5
right_child=1 2 -4 12 -6 6 -8 -9 9 -11 -12 -13 -14
leaf_value=0.21977554312502515 0.11025390852391719 0.097611770540475845 0.50175784482739183 -0.23925168950741105 -0.29993563993771871 -0.036854160999168051 0.38700828047275543 -0.054029382052054778 -0.17650404255049568 -0.00066015459403690163 0.013759525685083297 0.17571477227142224 -0.089624756666078956
leaf_weight=57 79 56 21 77 17 54 24 649 69 3604 62 51 72
leaf_count=31 33 49 21 24 13 31 16 208 31 1232 7 36 19
internal_value=-0.00503418 -0.0414602 0.117934 -0.0586629 0.00218959 0.0039939 0.129118 -0.036071 -0.000294835 -0.00401147 0.113474 0.067049 -0.168048
internal_weight=4892 971 94 877 73 3921 129 728 3792 3673 119 105 149
internal_count=1751 367 83 284 62 1384 83 241 1301 1263 38 67 43
is_linear=0
shrinkage=0.03


Tree=167
num_leaves=10
num_cat=0
split_feature=78 50 89 96 65 73 88 30 1
split_gain=2438.69 2772.5 1865.35 1768.36 2208.55 2355.23 1525.48 2139.62 840.576
threshold=0.43189735527757073 0.27051835714285721 472.59350000000006 26.379900000000003 431.98100000000005 89.761450000000011 2.8279250000000005 41.031066666666675 161.37050000000002
decision_type=2 2 2 2 2 2 2 2 2
left_child=1 -1 -3 6 -5 -6 8 -8 -2
right_child=3 2 -4 4 5 -7 7 -9 -10
leaf_value=0.41271671667873855 -0.053514157923131148 0.15701514674186703 -0.084300820576383703 -0.14070630198035919 0.1072563712575111 0.014452938377344085 -0.012046801005213282 0.14634907247767415 -0.18442984189540146
leaf_weight=24 173 74 46 69 300 1353 2697 78 59
leaf_count=16 77 28 20 19 117 482 909 39 25
internal_value=0.00386027 0.125048 0.0645537 0.000143776 0.0243784 0.0313521 -0.013737 -0.0075424 -0.0874689
internal_weight=4873 144 120 4729 1722 1653 3007 2775 232
internal_count=1732 64 48 1668 618 599 1050 948 102
is_linear=0
shrinkage=0.03


Tree=168
num_leaves=9
num_cat=0
split_feature=124 79 27 19 12 29 20 6
split_gain=1990.84 2022.16 2698.73 1502.96 1529.28 1448.7 812.443 735.477
threshold=13.874494850101094 9.974750000000002 39.763500000000008 -238.90699999999995 248.21633333333344 36.259900000000009 146.56900000000005 78.422187480857716
decision_type=8 2 2 2 2 2 2 2
left_child=-1 3 6 7 -5 -4 -3 -2
right_child=1 2 5 4 -6 -7 -8 -9
leaf_value=-0.19680697078654105 -0.21104716481300109 0.074267758803263945 0.039213683298655912 0.15721385756978448 -0.0049098412698123251 0.35059689356941121 -0.054279323317110537 -0.011600933465692732
leaf_weight=46 46 114 20 52 4363 42 71 26
leaf_count=26 31 45 10 21 1532 20 27 7
internal_value=-0.00251929 -0.000589614 0.0828018 -0.00519823 -0.0029645 0.252415 0.0248908 -0.140212
internal_weight=4780 4734 247 4487 4415 62 185 72
internal_count=1719 1693 102 1591 1553 30 72 38
is_linear=0
shrinkage=0.03


Tree=169
num_leaves=14
num_cat=0
split_feature=67 131 129 96 132 132 94 64 0 102 23 36 113
split_gain=1543.8 2102.34 2074.92 2258.75 1747.27 1762.77 1617.52 1530.81 1342.07 1177.54 808.528 673.428 667.973
threshold=31.555000000000003 36.8870425390636 122.50000000000001 32.935800000000008 194.65714285714287 198.21428571428575 0.098443100000000019 385.81000000000006 69.782100000000014 37.180550000000004 61.201425000000022 1.4476550000000004 31.831000000000007
decision_type=2 10 8 2 10 10 2 2 2 2 2 2 8
left_child=1 4 10 9 6 -6 -1 -3 -5 -4 12 -12 -2
right_child=2 7 3 8 5 -7 -8 -9 -10 -11 11 -13 -14
leaf_value=-0.30982645853360496 0.004778150313189111 0.22710807372039216 0.061317816987896658 0.32317856261958461 -0.0074517576694488529 0.38259027055847017 -0.024328649367723117 9.6150297468358803e-05 0.10101316066438501 -0.14261864008903502 -0.006198760203333922 -0.081221616564912988 0.054915285952825528
leaf_weight=17 850 52 169 46 23 18 2487 54 54 29 457 140 332
leaf_count=8 223 23 95 19 19 18 999 29 14 12 146 35 75
internal_value=-0.00254025 -0.0177116 0.0168216 0.0899451 -0.0231811 0.168747 -0.026391 0.11257 0.205427 0.0308667 0.00452737 -0.0239035 0.0188977
internal_weight=4728 2651 2077 298 2545 41 2504 106 100 198 1779 597 1182
internal_count=1715 1096 619 140 1044 37 1007 52 33 107 479 181 298
is_linear=0
shrinkage=0.03


Tree=170
num_leaves=8
num_cat=0
split_feature=124 27 27 9 134 67 119
split_gain=1876.62 1876.09 2488 3349.52 1733.28 852.724 759.523
threshold=15.421703758019609 48.387350000000005 45.629650000000005 273.43550000000005 123.77600000000002 27.144400000000005 13.649730151172177
decision_type=8 2 2 2 10 2 10
left_child=6 2 4 -4 -2 -3 -1
right_child=1 5 3 -5 -6 -7 -8
leaf_value=-0.057305914681533281 -0.00096831179329198865 -0.26921873802691693 0.014808597929030656 0.46573685112595553 -0.1751638293633094 -0.062583907452496618 -0.27560625858148258
leaf_weight=28 4528 31 39 23 51 43 30
leaf_count=15 1591 15 19 15 19 15 18
internal_value=-0.00488214 -0.00277686 -0.00037074 0.186873 -0.00294694 -0.151623 -0.173028
internal_weight=4773 4715 4641 62 4579 74 58
internal_count=1707 1674 1644 34 1610 30 33
is_linear=0
shrinkage=0.03


Tree=171
num_leaves=10
num_cat=0
split_feature=78 90 120 104 20 75 18 62 22
split_gain=2385.34 1971.21 1609.76 1938.19 4220.21 2076.32 1490.76 1480.73 459.576
threshold=0.43189735527757073 1005.6450000000001 12.2155 42.629785714285717 38.178150000000009 14.022 -51.018399999999993 -0.21604299999999996 139.8400413797556
decision_type=2 2 10 2 2 2 2 2 2
left_child=1 -1 3 5 -5 -2 -3 -4 -8
right_child=2 6 7 4 -6 -7 8 -9 -10
leaf_value=0.3620564777183532 -0.061748854612037399 0.29497475985118321 -0.2324033485853447 0.00031867418289184573 0.53539611380978636 0.001654142970009658 0.085823795622045354 0.027724250894039865 -0.046524793695001045
leaf_weight=24 526 20 52 44 18 3941 43 31 50
leaf_count=13 205 13 27 17 15 1375 16 16 23
internal_value=-0.00223158 0.120669 -0.00590838 -0.00349341 0.161744 -0.00582319 0.0666487 -0.136038 0.0148988
internal_weight=4749 137 4612 4529 62 4467 113 83 93
internal_count=1720 65 1655 1612 32 1580 52 43 39
is_linear=0
shrinkage=0.03


Tree=172
num_leaves=9
num_cat=0
split_feature=72 57 104 11 65 57 109 53
split_gain=2146.33 2086.01 2508.49 2780.04 1760.13 1396.6 1394 1032.11
threshold=25.763850000000001 75.366500000000016 43.372028571428579 273.18950000000007 2455.3950000000004 29.583500000000004 -0.56174490092936669 0.60605050000000016
decision_type=2 2 2 2 2 2 2 2
left_child=5 2 4 -4 -2 -1 -3 -8
right_child=1 6 3 -5 -6 -7 7 -9
leaf_value=-0.018021276391785718 0.023172635668643519 -0.17344120764978149 0.45303907858807102 -0.058469024798449343 -0.015680579806359257 0.24320324213099925 -0.1173553361362881 0.021082615365666791
leaf_weight=28 1754 96 22 15.999999999999998 2609 52 80 120
leaf_count=17 732 26 19 11 819 22 23 34
internal_value=-0.000469619 -0.00311005 0.00208191 0.241613 -5.851e-05 0.152644 -0.0800626 -0.034586
internal_weight=4777 4697 4401 38 4363 80 296 200
internal_count=1703 1664 1581 30 1551 39 83 57
is_linear=0
shrinkage=0.03


Tree=173
num_leaves=9
num_cat=0
split_feature=118 95 66 8 88 88 77 40
split_gain=2213.06 1881.81 2189.21 3400.84 2066.06 1682.05 1599.03 1528.34
threshold=114.71750000000002 0.010859850000000002 1010.8050000000002 0.95436550000000009 5.7842400000000014 3.4992200000000007 0.7829025216460016 0.053683770318064587
decision_type=10 2 2 2 2 2 2 2
left_child=1 4 5 -4 7 -3 -2 -1
right_child=6 2 3 -5 -6 -7 -8 -9
leaf_value=0.28417843437194829 0.34918610595849653 -0.05102063815432626 -0.10900027621203455 0.099945693985982367 -0.26872061950848858 -0.00092695873674207097 -0.0043684964861188617 -0.061839283213820505
leaf_weight=10.999999999999998 26 739 86 362 43 3266 20 278
leaf_count=6 26 299 38 163 14 1067 14 101
internal_value=-0.00627542 -0.00828648 -0.00314086 0.0596754 -0.0770773 -0.0101814 0.198581 -0.0477242
internal_weight=4831 4785 4453 448 332 4005 46 289
internal_count=1728 1688 1567 201 121 1366 40 107
is_linear=0
shrinkage=0.03


Tree=174
num_leaves=9
num_cat=0
split_feature=4 72 103 115 12 39 13 45
split_gain=1987.81 1812.39 1939.39 2032.19 1755.89 1450.49 1133.75 629.225
threshold=118.86662368997365 439.50900000000007 40.41638333333335 104.62500000000001 281.28983333333343 0.19449946666666743 3.2824938844635292 0.32211450000000003
decision_type=2 2 2 8 2 2 2 2
left_child=1 2 5 -4 7 -1 -6 -3
right_child=-2 4 3 -5 6 -7 -8 -9
leaf_value=-0.032480561968140087 0.15101135564804077 -0.21901944065756265 -0.14907364827089936 0.029568176041949879 -0.033593443887180087 0.024429339463143053 0.036402901011362669 -0.075196195390820494
leaf_weight=481 74 53 136 98 1249 2462 249 59
leaf_count=230 28 27 48 57 354 915 76 31
internal_value=-0.00223901 -0.00463971 0.00850063 -0.0744376 -0.0305605 0.0151192 -0.02194 -0.144618
internal_weight=4861 4787 3177 234 1610 2943 1498 112
internal_count=1766 1738 1250 105 488 1145 430 58
is_linear=0
shrinkage=0.03


Tree=175
num_leaves=9
num_cat=0
split_feature=72 53 33 96 57 23 92 81
split_gain=1941.29 2493.66 1708.27 1716.01 1692.27 1391.86 765.706 344.81
threshold=30.356300000000001 0.95077800000000012 7.2067434955962115 16.211250000000003 75.366500000000016 111.53404285714301 0.27391395000000002 -0.52949999999998443
decision_type=2 2 2 2 2 2 2 2
left_child=1 -1 3 6 -5 -3 -2 -4
right_child=2 5 7 4 -6 -7 -8 -9
leaf_value=-0.030089209116422214 -0.12661759147395268 0.36528883843359194 -0.2049287341237068 0.010617896449036896 -0.061391060544019237 0.066018860220909123 -0.031578619566695262 -0.08161382505959934
leaf_weight=51 117 37 35 3999 316 23 219 53
leaf_count=29 72 21 15 1414 83 9 81 25
internal_value=0.000665153 0.124114 -0.00225129 0.000239348 0.00533077 0.253581 -0.064959 -0.132445
internal_weight=4850 111 4739 4651 4315 60 336 88
internal_count=1749 59 1690 1650 1497 30 153 40
is_linear=0
shrinkage=0.03


Tree=176
num_leaves=8
num_cat=0
split_feature=19 134 53 57 70 29 106
split_gain=2070.93 1731.01 2030.64 2232.92 1182.85 643.165 466.34
threshold=-238.90699999999995 129.38900000000004 0.94843850000000007 69.136500000000026 14.560500000000003 40.004900000000013 0.17646842360078763
decision_type=2 10 2 2 2 2 2
left_child=5 2 4 -4 -2 6 -1
right_child=1 -3 3 -5 -6 -7 -8
leaf_value=0.0023407627066661572 -0.09903508727252483 -0.14694083525429308 0.078917737369996091 -0.0062928985303351238 -0.005434014480688424 -0.25357401427355675 -0.17573602730512619
leaf_weight=28 125 70 572 535 3420 32 24
leaf_count=18 63 29 253 104 1227 13 14
internal_value=-0.00257054 7.06936e-05 0.00231457 0.0377652 -0.00876232 -0.149335 -0.081557
internal_weight=4806 4722 4652 1107 3545 84 52
internal_count=1721 1676 1647 357 1290 45 32
is_linear=0
shrinkage=0.03


Tree=177
num_leaves=8
num_cat=0
split_feature=104 36 71 130 138 72 107
split_gain=3361.15 1996.08 2019.39 1844.91 2368.64 1409.78 1120.85
threshold=44.206392857142866 -0.44637049999999995 30.924600000000002 188.16666666666671 1.0000000180025095e-35 146.41350000000003 -0.99761278905001471
decision_type=2 2 2 10 2 2 2
left_child=1 2 -1 4 -3 -5 -4
right_child=-2 3 6 5 -6 -7 -8
leaf_value=-0.31424942835569381 0.25408004229863485 -0.0009507355611492091 0.16213865218162538 -0.039303320061642187 0.14677950786732136 -0.22707528153905326 -0.071199412032619286
leaf_weight=29 44 4207 19 114 99 52 260
leaf_count=10 25 1384 6 50 99 19 119
internal_value=-0.00398234 -0.00641108 -0.0801546 -0.00131469 0.00247835 -0.0991489 -0.054776
internal_weight=4824 4780 308 4472 4306 166 279
internal_count=1712 1687 135 1552 1483 69 125
is_linear=0
shrinkage=0.03


Tree=178
num_leaves=8
num_cat=0
split_feature=104 31 21 91 79 94 50
split_gain=1900.84 1512.12 1548.13 1320 2682.74 1384.26 616.414
threshold=44.206392857142866 6.2526940177364541 89.480666666666608 1012.6650000000001 6.5216000000000003 0.18795450000000002 0.32569628571428572
decision_type=2 2 2 2 2 2 2
left_child=1 3 -3 5 -5 -1 -4
right_child=-2 2 6 4 -6 -7 -8
leaf_value=-0.063145782410593446 0.19743825156348091 0.034924737265852629 -0.25799055261611936 0.19620607945124305 -0.005896165040876135 -0.000866644158612999 -0.10653769302169482
leaf_weight=348 41 60 34 89 172 4034 89
leaf_count=147 22 27 20 36 81 1381 39
internal_value=-0.00351161 -0.00525998 -0.0896068 -0.0019163 0.0634943 -0.00582655 -0.15017
internal_weight=4867 4826 183 4643 261 4382 123
internal_count=1753 1731 86 1645 117 1528 59
is_linear=0
shrinkage=0.03


Tree=179
num_leaves=12
num_cat=0
split_feature=36 108 95 41 101 134 134 17 64 78 80
split_gain=1728.42 1862.38 2948.95 3914.94 1899.23 1836.2 1998.49 1313.45 1227.46 938.173 794.015
threshold=-0.44637049999999995 0.6078576107927941 0.040005500000000006 0.5172989285714289 0.24860878571428574 119.61236805555558 107.75155555555557 0.16977700000000004 312.28400000000005 0.83732760701349274 4.0995000000000008
decision_type=2 2 2 2 2 10 10 2 2 2 2
left_child=7 5 3 -3 -4 6 -2 8 -1 -9 -10
right_child=1 2 4 -5 -6 -7 -8 9 10 -11 -12
leaf_value=0.43514953079223634 -0.0090849449091857035 0.20645343697965146 -0.12458614790737628 0.0021299625568091869 0.021409320331178604 -0.19646508636941079 0.1577973633029244 -0.29649053180962798 0.044927156726951183 -0.092050455179810517 -0.07717162354016982
leaf_weight=3.9999999999999991 3009 179 89 159 735 45 65 31 68 59 157
leaf_count=2 1082 90 41 67 252 20 31 10 23 26 70
internal_value=-0.00127074 0.0037549 0.0361564 0.110635 0.00550486 -0.00832322 -0.00550506 -0.0685254 -0.0300495 -0.164986 -0.0402219
internal_weight=4600 4281 1162 338 824 3119 3074 319 229 90 225
internal_count=1714 1583 450 157 293 1133 1113 131 95 36 93
is_linear=0
shrinkage=0.03


Tree=180
num_leaves=9
num_cat=0
split_feature=132 0 88 9 83 23 97 91
split_gain=3024.54 2672.86 1495.56 2815.8 2688.21 2846.14 1715.46 1635.73
threshold=193.22619047619051 120.50100000000002 3.3879000000000006 246.88450000000003 4.4485916666666654 255.69147857142858 87.474450000000004 1003.4150000000001
decision_type=10 2 2 2 2 2 2 2
left_child=2 -2 3 -1 5 -4 -5 -6
right_child=1 -3 4 6 7 -7 -8 -9
leaf_value=0.20913513261931282 0.018044338200241327 0.48153343697027717 0.037754727235729139 -0.030357154920182369 -0.00040119437978874614 0.28993305099436212 -0.17152767340838906 -0.075105767469741028
leaf_weight=41 23 21 1007 1012 2241 41 83 298
leaf_count=13 19 21 398 409 653 27 37 157
internal_value=0.000320513 0.245107 -0.00201071 -0.0319934 0.0074902 0.0478903 -0.0412072 -0.0091965
internal_weight=4767 44 4723 1136 3587 1048 1095 2539
internal_count=1734 40 1694 459 1235 425 446 810
is_linear=0
shrinkage=0.03


Tree=181
num_leaves=13
num_cat=0
split_feature=130 56 3 103 38 129 67 119 68 111 42 19
split_gain=1752.4 2887.72 6082.25 1471.71 2018.08 1597.86 812.065 855.933 717.798 1125.69 361.043 344.59
threshold=74.833333333333357 0.11419000000000001 91.492183333333386 36.29349999999998 0.61565700000000012 192.50000000000003 32.464700000000008 10.064151060636238 1213.2950000000003 0.28768226847200007 0.22376837464604665 141.12300000000002
decision_type=10 2 2 2 2 10 2 8 2 2 2 2
left_child=6 3 11 5 -5 -2 8 10 9 -1 -8 -3
right_child=1 2 -4 4 -6 -7 7 -9 -10 -11 -12 -13
leaf_value=-0.13406662770879679 0.011640168857923067 0.087764708495315383 0.64381896725893017 0.0068583046151555471 -0.12234656919261157 0.17610828687002258 0.15901015634536741 0.17745825580613955 0.067048585304192138 -0.037348842536105681 -0.031578034041208375 -0.066963104426860806
leaf_weight=144 3477 33 19 282 176 53 8.9999999999999982 27 41 434 84 20
leaf_count=108 1073 19 19 109 56 22 6 25 27 186 40 11
internal_value=0.0032801 0.011017 0.198002 0.0075916 -0.0429443 0.0141595 -0.0391791 0.0320231 -0.0530167 -0.0616397 -0.0116067 0.0291625
internal_weight=4799 4060 72 3988 458 3530 739 120 619 578 93 53
internal_count=1701 1309 49 1260 165 1095 392 71 321 294 46 30
is_linear=0
shrinkage=0.03


end of trees

feature_importances:
cams_pm25=131
blh_min=83
wind_steadiness=67
g_pm25_roll7_mean=45
td_mean=44
doy_cos=42
vent_mean=40
wind_dir_cos=39
t2m_max=38
g_aqi_pm25_roll7_mean=38
vent_min=37
o3_roll3_mean=36
o3_roll7_mean=35
blh_mean=34
g_pm25_city_lag1=30
u10_mean=29
o3_lag2=28
sp_mean_lag1=28
doy_sin=28
ndbi=27
ws_mean=27
g_pm25_lag1=27
vent_roll3_mean=25
wind_dir_sin=24
cams_aod_x_rh=24
co_roll3_std=20
aod_roll3_mean=20
v10_mean=20
t2m_mean_lag1=20
cams_aod550=20
district_Karachi_East=20
aer_ai_lag1=19
ws_mean_lag1=19
cams_pm10=19
cams_pm25_roll3_mean=19
cams_dust_aod550_lag1=19
g_pm25_roll3_mean=19
t850_mean=18
vent_mean_lag1=18
g_aqi_pm25_lag1=18
district_Karachi_West=18
aer_ai_roll7_std=17
inversion=17
cams_pm25_roll7_mean=17
o3_lag1=16
ndvi=16
rh_mean=16
ws_roll3_mean=16
blh_roll3_mean=16
g_pm25_lag3=16
o3_roll7_std=15
sp_mean=15
cams_aod550_roll7_mean=15
g_pm25_lag2=15
g_aqi_pm25_roll3_mean=15
built_pct=14
sp_change_24h=14
precip_prior3=14
g_aqi_pm25_lag2=14
g_aqi_pm25_roll3_std=14
o3_lag3=13
co_lag1=13
cams_dust_aod550=13
cams_pm25_lag1=13
g_pm10_roll3_std=13
g_aqi_pm25_lag3=12
so2_lag2=11
co_roll7_mean=11
aod_lag3=11
aod_roll3_std=11
ws_max=11
rh_min=11
g_pm10_roll7_mean=11
o3_roll3_std=10
blh_max=10
t2m_min=10
rh_mean_lag1=10
cams_aod550_roll3_mean=10
no2_roll3_std=9
aer_ai_roll7_mean=9
aod_lag1=9
aod_lag2=9
blh_mean_lag1=9
g_pm25_roll7_std=9
no2_roll7_std=8
o3_obsfrac_d1=8
so2_roll7_mean=8
so2_obsfrac_d1=8
precip_roll3_sum=8
cams_aod550_lag1=8
co_lag3=7
aod_obsfrac_d1=7
inversion_night=7
g_pm25_roll3_std=7
g_pm10_lag1=7
g_aqi_pm25_roll7_std=7
no2_lag2=6
no2_lag3=6
no2_roll3_mean=6
co_roll7_std=6
aer_ai_roll3_std=6
aod_roll7_mean=6
aod_roll7_std=6
t2m_mean=6
dow_cos=6
aod_x_rh_lag1=6
district_Karachi_South=6
no2_lag1=5
so2_roll3_mean=5
so2_roll3_std=5
so2_roll7_std=5
co_roll3_mean=5
aer_ai_lag3=5
aer_ai_roll3_mean=5
g_pm10_lag2=5
so2_lag1=4
so2_lag3=4
co_obsfrac_d1=4
aer_ai_lag2=4
g_pm10_roll7_std=4
no2_roll7_mean=3
no2_obsfrac_d1=3
co_lag2=3
precip_sum=3
dow_sin=3
g_pm10_lag3=3
g_pm10_roll3_mean=3
district_Korangi=2
aer_ai_obsfrac_d1=1
aod_age_d1=1
is_sunday=1

parameters:
[boosting: gbdt]
[objective: regression]
[metric: l2]
[tree_learner: serial]
[device_type: cpu]
[data_sample_strategy: bagging]
[data: ]
[valid: ]
[num_iterations: 182]
[learning_rate: 0.03]
[num_leaves: 15]
[num_threads: 1]
[seed: 42]
[deterministic: 0]
[force_col_wise: 0]
[force_row_wise: 0]
[histogram_pool_size: -1]
[max_depth: 4]
[min_data_in_leaf: 15]
[min_sum_hessian_in_leaf: 0.001]
[bagging_fraction: 0.7]
[pos_bagging_fraction: 1]
[neg_bagging_fraction: 1]
[bagging_freq: 1]
[bagging_seed: 400]
[bagging_by_query: 0]
[feature_fraction: 0.6]
[feature_fraction_bynode: 1]
[feature_fraction_seed: 30056]
[extra_trees: 0]
[extra_seed: 12879]
[early_stopping_round: 0]
[early_stopping_min_delta: 0]
[first_metric_only: 0]
[max_delta_step: 0]
[lambda_l1: 0.1]
[lambda_l2: 1]
[linear_lambda: 0]
[min_gain_to_split: 0]
[drop_rate: 0.1]
[max_drop: 50]
[skip_drop: 0.5]
[xgboost_dart_mode: 0]
[uniform_drop: 0]
[drop_seed: 17869]
[top_rate: 0.2]
[other_rate: 0.1]
[min_data_per_group: 100]
[max_cat_threshold: 32]
[cat_l2: 10]
[cat_smooth: 10]
[max_cat_to_onehot: 4]
[top_k: 20]
[monotone_constraints: ]
[monotone_constraints_method: basic]
[monotone_penalty: 0]
[feature_contri: ]
[forcedsplits_filename: ]
[refit_decay_rate: 0.9]
[cegb_tradeoff: 1]
[cegb_penalty_split: 0]
[cegb_penalty_feature_lazy: ]
[cegb_penalty_feature_coupled: ]
[path_smooth: 0]
[interaction_constraints: ]
[verbosity: -1]
[saved_feature_importance_type: 0]
[use_quantized_grad: 0]
[num_grad_quant_bins: 4]
[quant_train_renew_leaf: 0]
[stochastic_rounding: 1]
[linear_tree: 0]
[max_bin: 255]
[max_bin_by_feature: ]
[min_data_in_bin: 3]
[bin_construct_sample_cnt: 200000]
[data_random_seed: 175]
[is_enable_sparse: 1]
[enable_bundle: 1]
[use_missing: 1]
[zero_as_missing: 0]
[feature_pre_filter: 1]
[pre_partition: 0]
[two_round: 0]
[header: 0]
[label_column: ]
[weight_column: ]
[group_column: ]
[ignore_column: ]
[categorical_feature: ]
[forcedbins_filename: ]
[precise_float_parser: 0]
[parser_config_file: ]
[objective_seed: 16083]
[num_class: 1]
[is_unbalance: 0]
[scale_pos_weight: 1]
[sigmoid: 1]
[boost_from_average: 1]
[reg_sqrt: 0]
[alpha: 0.9]
[fair_c: 1]
[poisson_max_delta_step: 0.7]
[tweedie_variance_power: 1.5]
[lambdarank_truncation_level: 30]
[lambdarank_norm: 1]
[label_gain: ]
[lambdarank_position_bias_regularization: 0]
[eval_at: ]
[multi_error_top_k: 1]
[auc_mu_weights: ]
[num_machines: 1]
[local_listen_port: 12400]
[time_out: 120]
[machine_list_filename: ]
[machines: ]
[gpu_platform_id: -1]
[gpu_device_id: -1]
[gpu_device_id_list: ]
[gpu_use_dp: 0]
[num_gpu: 1]

end of parameters

pandas_categorical:null
