tree
version=v4
num_class=1
num_tree_per_iteration=1
label_index=0
max_feature_idx=140
objective=regression
feature_names=no2_lag1 no2_lag2 no2_lag3 no2_roll3_mean no2_roll3_std no2_roll7_mean no2_roll7_std no2_age_d1 no2_obsfrac_d1 o3_lag1 o3_lag2 o3_lag3 o3_roll3_mean o3_roll3_std o3_roll7_mean o3_roll7_std o3_age_d1 o3_obsfrac_d1 so2_lag1 so2_lag2 so2_lag3 so2_roll3_mean so2_roll3_std so2_roll7_mean so2_roll7_std so2_age_d1 so2_obsfrac_d1 co_lag1 co_lag2 co_lag3 co_roll3_mean co_roll3_std co_roll7_mean co_roll7_std co_age_d1 co_obsfrac_d1 aer_ai_lag1 aer_ai_lag2 aer_ai_lag3 aer_ai_roll3_mean aer_ai_roll3_std aer_ai_roll7_mean aer_ai_roll7_std aer_ai_age_d1 aer_ai_obsfrac_d1 aod_lag1 aod_lag2 aod_lag3 aod_roll3_mean aod_roll3_std aod_roll7_mean aod_roll7_std aod_age_d1 aod_obsfrac_d1 provisional_inputs ndvi ndbi built_pct t2m_mean td_mean rh_mean u10_mean v10_mean ws_mean blh_mean vent_mean sp_mean t2m_max blh_max ws_max t2m_min rh_min blh_min vent_min precip_sum t850_mean wind_dir_sin wind_dir_cos wind_steadiness inversion inversion_night sp_change_24h vent_roll3_mean ws_roll3_mean blh_roll3_mean precip_roll3_sum t2m_mean_lag1 rh_mean_lag1 ws_mean_lag1 blh_mean_lag1 vent_mean_lag1 sp_mean_lag1 precip_prior3 met_available cams_aod550 cams_dust_aod550 cams_pm25 cams_pm10 cams_run_age_days cams_aod550_lag1 cams_aod550_roll3_mean cams_aod550_roll7_mean cams_pm25_lag1 cams_pm25_roll3_mean cams_pm25_roll7_mean cams_dust_aod550_lag1 doy_sin doy_cos dow_sin dow_cos is_sunday cams_aod_x_rh aod_x_rh_lag1 g_pm25_lag1 g_pm25_lag2 g_pm25_lag3 g_pm25_roll3_mean g_pm25_roll3_std g_pm25_roll7_mean g_pm25_roll7_std g_pm10_lag1 g_pm10_lag2 g_pm10_lag3 g_pm10_roll3_mean g_pm10_roll3_std g_pm10_roll7_mean g_pm10_roll7_std g_aqi_pm25_lag1 g_aqi_pm25_lag2 g_aqi_pm25_lag3 g_aqi_pm25_roll3_mean g_aqi_pm25_roll3_std g_aqi_pm25_roll7_mean g_aqi_pm25_roll7_std g_pm25_city_lag1 district_Karachi_Central district_Karachi_East district_Karachi_South district_Karachi_West district_Korangi district_Malir
feature_infos=[6.16716:421.13900000000001] [6.16716:421.13900000000001] [6.16716:402.82499999999999] [9.922066666666657:332.34966666666668] [0:209.53239034154933] [12.264440000000002:269.34357142857141] [0.22678096192666725:151.91351797258108] [0:7] [0:1] [239.13200000000001:328.96800000000002] [239.13200000000001:329.44299999999998] [239.13200000000001:329.44299999999998] [241.67799999999997:312.78966666666673] [0:19.426050919662956] [247.57428571428571:309.35457142857143] [0:18.964030319326348] [0:7] [0:1] [-565.16200000000003:6318.6400000000003] [-565.16200000000003:6318.6400000000003] [-565.16200000000003:6318.6400000000003] [-396.97633333333334:2095.967333333333] [0:3786.4510975786202] [-225.84508571428566:967.9165999999999] [0:2407.8659096063921] [0:8] [0:1] [23.335000000000001:60.520699999999998] [23.335000000000001:60.520699999999998] [23.335000000000001:60.520699999999998] [26.287533333333325:55.90440000000001] [0:16.051032665948117] [27.371242857142857:50.810428571428574] [0.42018979725114697:9.7426992280422429] none [0:1] [-1.9225699999999999:4.4188400000000003] [-1.9225699999999999:4.4188400000000003] [-1.9225699999999999:4.4188400000000003] [-1.1030006666666659:3.7664733333333333] [0.0044474836711851529:2.0607525236515736] [-0.80851722857142883:2.5315080000000001] [0.055441109210374595:1.687945477888374] none [0:1] [0.057414399999999997:3.7689699999999999] [0.057414399999999997:3.7689699999999999] [0.057414399999999997:3.7689699999999999] [0.10959346666666696:3.7444600000000001] [0:1.6739942599902622] [0.13861395714285715:2.4742571428571432] [0:1.549896642238981] [0:28] [0:1] [0:1] [0.061768999999999998:0.33184000000000002] [-0.047316999999999998:0.12418] [1.0116000000000001:95.875] [12.8247:35.288899999999998] [-0.86607999999999996:28.367000000000001] [19.2943:91.386700000000005] [-9.34605:9.4053799999999992] [-5.6801199999999996:5.3699599999999998] [1.46366:10.0838] [153.57400000000001:1295.55] [298.00200000000001:10927.1] [978.61800000000005:1018.21] [17.520700000000001:43.142099999999999] [311.06400000000002:3910.3200000000002] [2.4791500000000002:12.813700000000001] [7.2098399999999998:30.887599999999999] [5.7917300000000003:89.013300000000001] [13.3787:878.577] [6.3425099999999999:7312.0500000000002] [0:61.107100000000003] [6.4343000000000004:32.695999999999998] [-0.9999999728089275:0.99960530694659644] [-0.99999999095472636:0.99999998519882738] [0.078507224266697359:0.99869356504900808] [-1.9556000000000004:11.9696] [-6.3577000000000012:9.4028999999999989] [-4.9660000000000082:5.0220000000000482] [382.49833333333407:9602.1966666666685] [1.9527500000000024:9.1239299999999997] [189.38133333333315:1029.6479999999999] [0:95.164700000000011] [12.8247:35.288899999999998] [19.2943:91.386700000000005] [1.46366:10.3512] [168.11199999999999:1295.55] [298.00200000000001:11000.9] [978.61800000000005:1018.21] [0:95.164700000000011] none [0.0053885299999999999:1.5115400000000001] [0.00019470499999999999:1.1050599999999999] [0.032711900000000002:89.803899999999999] [0.047777899999999998:314.88799999999998] none [0.0053885299999999999:1.5115400000000001] [0.0058219400000000922:1.2851999999999999] [0.0079824142857142857:1.1598922857142857] [0.032711900000000002:89.803899999999999] [0.14862596666667616:80.753600000000006] [0.25806012857142857:63.327028571428571] [0.00019470499999999999:1.1050599999999999] [-0.9999994220246925:0.99998555065071859] [-0.99997919295908233:0.9999907524084426] [-0.97492791218182362:0.97492791218182362] [-0.90096886790241903:1] [0:1] [0.00284945053086:1.2958976574400001] [0.037721522683999996:2.8026115895699997] [0.80000000000000004:194.83000000000001] [0.80000000000000004:194.83000000000001] [0.80000000000000004:194.83000000000001] [3.7125000000000021:157.33499999999995] [0.004949747467812772:91.099287307859882] [7.7297857142857138:130.08916666666667] [0.63567418279062415:74.867086499453606] [8.1523000000000003:164.78999999999999] [8.1523000000000003:164.78999999999999] [8.1523000000000003:164.78999999999999] [9.2729999999999997:141.67666666666668] [0.25667976157071642:63.842637902371578] [12.172142857142857:113.27714285714286] [3.3524587707416855:57.758574072381322] [4:270] [4:270] [4:270] [20.333333333333332:232.5] [0:95.552777737401925] [39.714285714285715:208] [1.0690449676494678:78.036316331991657] [3.5:194.83000000000001] [0:1] [0:1] [0:1] [0:1] [0:1] [0:1]
tree_sizes=1374 1408 1410 1405 1413 1422 1420 1417 1411 1419 1429 1428 1412 1432 1437 1422 1431 1415 1412 1405 1426 1416 1413 1428 1406 1411 1414 1397 1436 1412 1410 1425 1418 1431 1419 1404 1419 1435 1430 1431 1345 1412 1355 1419 1327 1420 1404 1235 1413 1326 1169 1404 1410 1332 1421 1331 1327 1414 1415 1333 1416 1440 1328 1242 1449 1418 1441 1174 1428 1409 1336 1461 1344 1259 1330 1280 1444 1425 1401 1173 1171 1085 1326 1272 992 1338 1323 1432 1081 1229 1437 1274 923 1444 1485 1180 1271 1148 1428 1236 1026 1176 1172 1129 1081 1165 1420 1355 1183 1180 1186 1418 1256 1244 990 1181 1256 1374 1001 1170 1083 1187 1089 1271 1003 1011 1081 1076 905 1332 1005 1269 1240 922 1271 832 1001 753 1081 1190 1101 753 832 862 1262 1249 1101 905 1029 1096 1096 1094 1013 1111 1163 1304 1009 928 996 1094 1263 1204 1077 1023 1207 1095 751 1168 1422 1182 1079 835 920 1095 1260 833 1156 1095 1018 915 1359 1180 1124 1174 858 1136 1281 1110 1043 995

Tree=0
num_leaves=15
num_cat=0
split_feature=134 63 107 14 134 127 81 107 71 67 73 118 127 73
split_gain=2.66847e+06 232081 154348 83363.1 73569.8 58616.8 40529.4 35043.8 27713.3 22628.9 15895.6 14475.1 12894.4 11721.4
threshold=50.003087500000014 3.0343800000000001 0.19969739736768838 266.62378571428576 77.70020833333335 85.500000000000014 -1.9215000000000371 0.64414586362404946 43.984650000000009 25.698100000000004 284.34500000000008 65.434785714285724 70.500000000000014 399.11150000000004
decision_type=10 2 2 2 10 8 2 2 2 2 2 10 10 2
left_child=2 4 5 9 11 12 -6 -4 -5 -3 -9 -2 -1 -7
right_child=1 3 7 8 6 13 -8 10 -10 -11 -12 -13 -14 -15
leaf_value=43.033164936683697 44.520850705648655 44.552374480184419 43.737522063853419 44.382798733877557 46.436770814604678 43.671800927028166 45.469401872101592 44.599108543352997 43.720940364959027 45.089040599822852 43.851008874977744 45.106396605589218 43.23208830441105 43.418537148569158
leaf_weight=383 82 112 347 267 46 198 424 74 72 222 39 80 1432 1012
leaf_count=170 36 42 160 122 17 85 149 39 37 68 25 37 419 310
internal_value=43.8088 44.9654 43.3754 44.5758 45.3783 43.2976 45.5695 43.8873 44.2424 44.9119 44.3436 44.8163 43.1897 43.4598
internal_weight=4790 1305 3485 673 632 3025 470 460 339 334 113 162 1815 1210
internal_count=1716 508 1208 269 239 984 166 224 159 110 64 73 589 395
is_linear=0
shrinkage=1


Tree=1
num_leaves=15
num_cat=0
split_feature=127 107 65 113 113 107 61 61 113 72 27 73 127 30
split_gain=2.61771e+06 244567 171516 101476 54621.5 54504.7 54079.3 44814.4 36020.1 26950.8 14591.3 13381.4 11649.3 8418.51
threshold=145.50000000000003 0.21652257995689161 1493.1900000000003 98.920500000000018 26.738500000000005 0.92519182738459482 3.0605700000000007 2.0395600000000003 67.59950000000002 96.424600000000012 40.004900000000013 242.52050000000003 68.500000000000014 39.133233333333351
decision_type=10 2 2 10 8 2 2 2 10 2 2 2 10 2
left_child=1 4 3 7 12 9 8 -2 -4 -3 -5 -6 -1 -8
right_child=2 5 6 10 11 -7 13 -9 -10 -11 -12 -13 -14 -15
leaf_value=-0.78034321038030796 1.3771136537138464 0.42995814202826443 0.47803458104295249 1.612519372659571 -0.099486580467449029 1.2257376694029027 0.4975500597533058 0.5120835995875872 1.1005302618221391 -0.049971431838185996 2.2152409669408253 -0.39248843038127518 -0.5733226207090506 -0.097552242539951511
leaf_weight=309 405 162 117 67 158 43 33 64 315 297 158 1312 1388 57
leaf_count=136 141 71 38 39 66 22 11 29 126 149 55 402 423 25
internal_value=0.00192908 -0.397899 1.20766 1.51695 -0.495397 0.216947 0.794335 1.26042 0.933438 0.119975 2.04371 -0.361087 -0.611457 0.123689
internal_weight=4885 3669 1216 694 3167 502 522 469 432 459 225 1470 1697 90
internal_count=1733 1269 464 264 1027 242 200 170 164 220 94 468 559 36
is_linear=0
shrinkage=0.03


Tree=2
num_leaves=15
num_cat=0
split_feature=59 113 96 113 64 72 63 36 118 58 12 113 72 113
split_gain=2.44071e+06 347583 120906 93489.6 69827.5 46358.1 46075.3 26446.8 25382.9 17923.7 14038.8 11450.3 4040.09 2618.81
threshold=17.168200000000002 67.59950000000002 40.25565000000001 27.986000000000004 338.24050000000005 175.90800000000004 3.3122000000000003 0.51230550000000008 48.020642857142867 21.965650000000004 273.72616666666676 23.210000000000004 284.54050000000007 19.114000000000004
decision_type=2 8 2 8 2 2 2 2 8 2 2 10 2 10
left_child=1 6 4 11 -3 10 9 -4 -8 -1 -5 13 -7 -2
right_child=3 2 7 5 -6 12 8 -9 -10 -11 -12 -13 -14 -15
leaf_value=1.1050856305484114 -0.72718918019869205 1.5270544656784302 1.6306991667314008 0.54921497528913399 0.89094307879585277 -0.25024457512539566 -0.21813989998659358 2.2775609843027391 0.37019557116691104 0.54612597111832317 -0.029373524026384625 -0.50474460528492926 -0.38325445948911191 -0.61255485237600082
leaf_weight=86 336 278 142 42 367 278 91 121 234 138 308 959 893 573
leaf_count=37 147 94 62 27 160 107 39 40 86 50 122 275 264 196
internal_value=0.00512002 1.03153 1.39161 -0.436326 1.16706 -0.261439 0.434516 1.93582 0.205289 0.764698 0.0414155 -0.578507 -0.35192 -0.655684
internal_weight=4846 1457 908 3389 645 1521 549 263 325 224 350 1868 1171 909
internal_count=1706 568 356 1138 254 520 212 102 125 87 149 618 371 343
is_linear=0
shrinkage=0.03


Tree=3
num_leaves=15
num_cat=0
split_feature=134 96 130 63 59 36 127 105 11 26 63 73 63 127
split_gain=2.2675e+06 166925 160592 80029 55421.3 45314.1 37567.7 35127.4 31438.4 17604.2 17403 13696.6 11308.6 7567.3
threshold=54.845433333333339 39.216350000000006 101.16666666666667 3.0343800000000001 17.533000000000005 0.52598850000000008 81.500000000000014 0.014838800000000001 269.38150000000002 0.97141050000000007 3.2809500000000003 438.04450000000003 2.5987400000000007 90.500000000000014
decision_type=10 2 8 2 2 2 10 2 2 2 2 2 2 10
left_child=2 3 6 7 10 9 -1 -2 -5 -3 -4 -6 -7 -8
right_child=1 5 4 8 11 12 13 -9 -10 -11 -12 -13 -14 -15
leaf_value=-0.59973204162792393 1.4631862030294207 0.99863377648905705 0.61303776194499082 0.81828642353461334 -0.0057623821217470221 2.4460660657442532 -0.44095267854532522 0.87832472704206188 0.29475812767982479 1.5926850228118896 0.13929707888920198 -0.33802990984313941 1.7843358215663743 -0.30376819488825346
leaf_weight=1380 215 75 116 259 192 64 862 174 174 149 175 266 68 646
leaf_count=501 72 28 51 89 84 23 261 74 84 61 70 128 27 159
internal_value=-0.0144128 1.12894 -0.384948 0.891982 0.00649677 1.67205 -0.486437 1.20451 0.609079 1.39912 0.329605 -0.199061 2.12118 -0.382428
internal_weight=4815 1178 3637 822 749 356 2888 389 433 224 291 458 132 1508
internal_count=1712 458 1254 319 333 139 921 146 173 89 121 212 50 420
is_linear=0
shrinkage=0.03


Tree=4
num_leaves=15
num_cat=0
split_feature=134 134 113 65 61 107 61 27 113 72 12 107 127 72
split_gain=2.20032e+06 184428 124364 71315.6 67263.2 58338.7 36507.2 32502.3 22770.8 13664.7 13475.1 8876.78 5407.54 4693.47
threshold=50.003087500000014 90.872649732620332 31.400000000000002 957.91800000000012 2.6858850000000003 0.47369649395226454 2.4492500000000006 40.004900000000013 24.628500000000006 178.99000000000004 263.62416666666678 0.71952396275653763 68.500000000000014 242.03550000000004
decision_type=10 10 8 2 2 2 2 2 10 2 2 2 10 2
left_child=2 3 8 11 7 9 -5 -3 12 -4 -7 -2 -1 -10
right_child=1 4 5 6 -6 10 -8 -9 13 -11 -12 -13 -14 -15
leaf_value=-0.7107738680372051 0.81079827871689425 1.3429098679987013 -0.05786343216233783 0.69921161109314867 0.35333731389600176 0.97283531558990466 0.049048877406985533 1.8735896087802688 -0.26808559358023831 -0.30365742469292772 0.22996025184163679 1.2862635307856967 -0.55874996296491486 -0.43625484221257177
leaf_weight=305 51 220 296 506 42 24 92 231 185 655 194 209 867 942
leaf_count=140 25 79 104 193 15 13 44 95 81 211 91 73 295 264
internal_value=0.0222051 1.04882 -0.377911 0.781546 1.51145 -0.125828 0.59944 1.61827 -0.50598 -0.227298 0.315827 1.19647 -0.598887 -0.408914
internal_weight=4819 1351 3468 858 493 1169 598 451 2299 951 218 260 1172 1127
internal_count=1723 524 1199 335 189 419 237 174 780 315 104 98 435 345
is_linear=0
shrinkage=0.03


Tree=5
num_leaves=15
num_cat=0
split_feature=113 63 72 113 14 11 113 61 113 115 61 86 79 113
split_gain=2.11224e+06 166957 151763 71476.1 70641.8 51035.7 44602.9 41012.8 27865.8 23732 22559.8 11727.4 10535.7 10136.7
threshold=51.779500000000006 2.9604600000000008 178.99000000000004 107.72000000000001 259.84250000000003 269.38150000000002 27.986000000000004 1.2267850000000002 87.523500000000013 38.092500000000008 2.4492500000000006 23.496900000000004 3.7099000000000024 19.271500000000003
decision_type=10 2 2 10 2 2 8 2 10 8 2 2 2 10
left_child=2 3 4 7 -1 8 13 -2 -3 -6 -7 -8 -5 -4
right_child=1 5 6 12 9 10 11 -9 -10 -11 -12 -13 -14 -15
leaf_value=1.5262884034617195 1.3820345072195563 0.70339656945051643 -0.67476536305506429 1.063761361803327 -0.17556035573374143 0.63300933932008863 0.13264420053693984 0.6658800482699746 1.1963540511062178 0.21776064242665158 0.072639819571347991 -0.32195886663293255 2.0970218256170097 -0.50103604077093256
leaf_weight=28 354 220 398 12.999999999999998 296 166 53 94 206 257 106 1112 131 1430
leaf_count=17 114 62 172 5 127 80 23 44 83 117 46 349 56 434
internal_value=0.0150239 1.05514 -0.360584 1.42595 0.0829952 0.739041 -0.446692 1.23359 0.944026 0.00728848 0.415707 -0.301179 2.01174 -0.539211
internal_weight=4864 1290 3574 592 581 698 2993 448 426 553 272 1165 144 1828
internal_count=1729 490 1239 219 261 271 978 158 145 244 126 372 61 606
is_linear=0
shrinkage=0.03


Tree=6
num_leaves=15
num_cat=0
split_feature=134 96 116 65 134 75 14 76 116 78 78 40 11 116
split_gain=1.77016e+06 204207 119831 90026.3 57664 52594.1 32717.2 30832.4 26223.4 21346.1 18206.5 10133.6 5660.03 5616.94
threshold=50.003087500000014 38.085750000000012 33.053333333333349 1258.9950000000001 87.211975490196082 14.702000000000002 260.51578571428576 0.39100740392820887 25.722666666666687 0.93579460744080123 0.56551202946476731 0.16872277893869347 260.48600000000005 21.34233333333334
decision_type=10 2 8 2 10 2 2 2 10 2 2 2 2 10
left_child=2 3 8 6 11 12 -2 -5 13 -7 -6 -3 -4 -1
right_child=1 4 5 7 10 9 -8 -9 -10 -11 -12 -13 -14 -15
leaf_value=-0.61772455598326281 1.3324178928626973 1.4871448544820149 1.2145989957536969 0.11782644178894902 2.2321434333801267 0.047880571428708295 0.75969503720331999 0.62186869939076184 -0.35402640349360009 -0.26099170694531809 1.6192447494684263 0.91403339442839981 0.52878176943461097 -0.49471249826550484
leaf_weight=611 196 44 12.999999999999998 172 89 339 176 301 1144 494 128 103 71 839
leaf_count=265 67 17 5 75 38 136 83 108 342 179 54 40 35 264
internal_value=-0.0169201 0.97266 -0.357859 0.715307 1.56648 -0.0629911 1.06422 0.439222 -0.462032 -0.135382 1.87972 1.09449 0.647996 -0.546939
internal_weight=4720 1209 3511 845 364 917 372 473 2594 833 217 147 84 1450
internal_count=1708 482 1226 333 149 355 150 183 871 315 92 57 40 529
is_linear=0
shrinkage=0.03


Tree=7
num_leaves=15
num_cat=0
split_feature=134 127 5 61 61 111 113 61 63 115 113 72 61 72
split_gain=1.77113e+06 168998 107221 92063.8 52041.4 43863.7 39022.2 31612.3 23618.2 11814.4 8735.95 7809.99 7332.09 6596.65
threshold=50.003087500000014 170.50000000000003 77.214092857142887 3.0071950000000007 2.2731550000000005 0.15243324482300005 27.281000000000002 1.4470750000000001 3.8110950000000003 41.046500000000002 19.961000000000002 297.17500000000007 3.4534700000000007 151.38050000000001
decision_type=10 8 2 2 2 2 8 2 2 8 10 2 2 2
left_child=2 4 6 5 8 -3 10 9 -2 -4 -1 -8 -9 -6
right_child=1 3 7 -5 13 -7 11 12 -10 -11 -12 -13 -14 -15
leaf_value=-0.62269117529336071 0.88672729506844217 1.1916566143641396 0.064784547695683106 0.11105439274651664 0.23590532262995836 1.7351543356463512 -0.18139215756438928 0.050893905505179783 0.45702668275826785 0.62420302037894726 -0.46921964268237354 -0.34255872015375421 -0.23066934926616414 -0.20996842038631436
leaf_weight=466 316 377 53 55 63 222 405 155 187 95 1319 841 178 55
leaf_count=200 123 165 21 19 27 85 165 74 64 45 396 244 76 30
internal_value=-0.00589075 0.951387 -0.353595 1.28796 0.595428 1.39565 -0.419609 0.0623952 0.728207 0.42567 -0.509613 -0.290363 -0.0998424 0.0280396
internal_weight=4787 1275 3512 654 621 599 3031 481 503 148 1785 1246 333 118
internal_count=1734 513 1221 269 244 250 1005 216 187 66 596 409 150 57
is_linear=0
shrinkage=0.03


Tree=8
num_leaves=15
num_cat=0
split_feature=130 107 63 96 130 73 116 77 45 77 73 95 96 130
split_gain=1.69281e+06 180479 119267 61503.3 60436.6 38547.2 37367.6 27564.1 20431.8 20422.7 13021.7 11064.2 9795.07 7656.19
threshold=151.50000000000003 0.21652257995689161 3.1160800000000006 33.519900000000007 172.41666666666671 119.61850000000003 27.606666666666673 0.17356586241951968 0.37040950000000006 0.30702689860304938 399.11150000000004 0.051494600000000008 46.788350000000008 75.500000000000014
decision_type=10 2 2 2 10 2 8 2 2 2 2 2 2 10
left_child=1 6 4 7 11 -3 13 -4 -6 -7 -8 -2 -5 -1
right_child=2 5 3 12 8 9 10 -9 -10 -11 -12 -13 -14 -15
leaf_value=-0.56472567748878721 1.0818514764995897 0.72682218037515878 -0.10986563030381996 0.9194915987602964 1.392128431378878 -0.10363369587870204 -0.08229757247574028 0.56493323304685561 1.9218247912698541 0.2954138716651365 -0.31811075469456607 0.59015628705679313 1.3705061180280604 -0.43302050790974678
leaf_weight=658 235 99 71 166 194 254 260 229 120 210 1132 55 68 1090
leaf_count=277 73 53 31 54 74 137 93 92 51 89 354 22 30 321
internal_value=0.00921749 -0.301808 1.02066 0.691864 1.30972 0.192532 -0.390477 0.405386 1.60003 0.0772102 -0.274158 0.990958 1.05584 -0.482895
internal_weight=4841 3703 1138 534 604 563 3140 300 314 464 1392 290 234 1748
internal_count=1751 1324 427 207 220 279 1045 123 125 226 447 95 84 598
is_linear=0
shrinkage=0.03


Tree=9
num_leaves=15
num_cat=0
split_feature=59 127 127 64 132 73 73 116 127 57 130 134 107 64
split_gain=1.58409e+06 200979 71083.2 56276.5 39649.4 24216.1 23475.6 21342.4 10400.4 7982.96 7911.41 6328.51 3562.15 3123.13
threshold=16.949650000000002 167.50000000000003 88.500000000000014 436.36400000000009 115.33928571428574 119.61850000000003 292.27650000000011 89.610000000000014 76.500000000000014 72.678000000000011 110.16666666666667 32.904700000000005 0.097680735332368748 448.48550000000006
decision_type=2 8 10 2 8 2 2 10 8 2 8 10 2 2
left_child=1 4 8 7 11 -6 10 -3 -2 -5 -4 -1 -10 -8
right_child=2 3 6 9 5 -7 13 -9 12 -11 -12 -13 -14 -15
leaf_value=-0.52219663481278855 -0.53941921874506937 1.156156389933366 -0.098548344776946656 0.89651551861118617 0.81495398532990182 0.41153931475160777 -0.15520381479533879 1.5660633521528804 -0.41337433654837202 0.46978754608971729 0.20969862368060094 0.0593673994404929 -0.17432166148860367 -0.27653135425218789
leaf_weight=32 844 246 146 184 201 413 265 254 1205 55 152 34 61 731
leaf_count=18 335 79 49 98 75 148 98 104 377 15 72 13 49 198
internal_value=0.00117518 0.842915 -0.349858 1.18526 0.469672 0.544717 -0.174603 1.36711 -0.457202 0.800694 0.0588438 -0.226144 -0.402005 -0.244441
internal_weight=4823 1419 3404 739 680 614 1294 500 2110 239 298 66 1266 996
internal_count=1728 550 1178 296 254 223 417 183 761 113 121 31 426 296
is_linear=0
shrinkage=0.03


Tree=10
num_leaves=15
num_cat=0
split_feature=134 134 107 61 61 113 73 61 14 132 19 72 72 113
split_gain=1.4919e+06 133433 125675 56985.2 62484.4 32411.6 25720 24854.1 15997.4 13696.6 11445.3 9074.11 8933.36 7043.08
threshold=52.340115384615395 77.70020833333335 0.21652257995689161 2.0828800000000007 -0.44684649999999998 27.986000000000004 77.326700000000017 1.7019500000000003 263.94321428571442 163.00000000000003 -302.56399999999991 103.21450000000002 124.30600000000003 23.210000000000004
decision_type=10 10 2 2 2 8 2 2 2 10 2 2 2 10
left_child=2 6 5 4 -3 13 -2 12 -5 -8 -9 -7 -4 -1
right_child=1 3 7 8 -6 11 9 10 -10 -11 -12 -13 -14 -15
leaf_value=-0.52035128077478965 1.004767155793997 1.0284073989557907 0.50639243184790317 0.97961124458312987 1.6508841496118052 6.6888440739024612e-07 0.28099139017918529 2.2054983673095703 0.12607138232588769 0.64695719742103364 -0.072525313786142603 -0.28706606919221966 0.094967486713081598 -0.4016246181740632
leaf_weight=934 77 457 146 29 220 109 271 0.999999999999999 59 141 273 1088 71 924
leaf_count=367 34 162 67 12 89 41 116 1 25 58 132 350 33 262
internal_value=0.00305485 0.892029 -0.311482 1.13945 1.23283 -0.383066 0.503419 0.133779 0.415232 0.407507 -0.0562107 -0.260945 0.372846 -0.461557
internal_weight=4800 1254 3546 765 677 3055 489 491 88 412 274 1197 217 1858
internal_count=1749 496 1253 288 251 1020 208 233 37 174 133 391 100 629
is_linear=0
shrinkage=0.03


Tree=11
num_leaves=15
num_cat=0
split_feature=113 113 72 72 96 113 77 64 132 64 107 31 10 113
split_gain=1.32778e+06 146808 90063.1 53843.9 52852.5 39794.9 28448.1 26483.4 16674.2 16390.3 9574.37 9259.82 8002.88 6886.64
threshold=53.363500000000009 82.596500000000006 111.19700000000002 50.934100000000008 32.788050000000005 27.986000000000004 0.17356586241951968 494.94500000000005 126.07142857142858 410.09700000000004 0.45847758937963173 1.3221377951148028 264.83150000000006 19.961000000000002
decision_type=8 10 2 2 2 10 2 2 8 2 2 2 2 10
left_child=2 3 8 12 7 13 -5 -3 -1 -6 -7 -10 -2 -4
right_child=1 4 5 6 9 10 -8 -9 11 -11 -12 -13 -14 -15
leaf_value=-0.016630618636585347 1.1974371282789442 1.0722649593748241 -0.5467545616990247 -0.064953325757854855 1.5603202067155104 -0.25470074921225611 0.47904253441730482 0.44316230561516501 1.0967725020015939 1.0871762441461736 0.0070701399044671527 0.34047623958567941 0.76138436119602282 -0.40981592210744994
leaf_weight=156 80 165 445 113 233 1156 365 98 15.999999999999998 109 141 120 90 1449
leaf_count=61 31 68 202 87 89 338 154 40 8 50 60 51 42 449
internal_value=-0.0071235 0.829977 -0.308421 0.514956 1.16598 -0.354566 0.350568 0.840424 0.19533 1.41314 -0.226257 0.43683 0.972406 -0.442263
internal_weight=4736 1253 3483 648 605 3191 478 263 292 342 1297 136 170 1894
internal_count=1730 561 1169 314 247 1049 241 108 120 139 398 59 73 651
is_linear=0
shrinkage=0.03


Tree=12
num_leaves=15
num_cat=0
split_feature=134 63 113 134 76 59 113 78 63 113 10 83 72 113
split_gain=1.31927e+06 156341 91693.4 50322.1 43063.1 41916.7 34632.1 29801.6 19391.3 15916.4 14559 10479.2 9996.39 4849.62
threshold=50.003087500000014 2.9604600000000008 31.495000000000001 77.70020833333335 0.49316380564554568 17.317650000000004 87.523500000000013 0.56551202946476731 3.4746750000000004 24.511000000000003 272.24800000000005 2.6570233333333344 178.99000000000004 16.937500000000004
decision_type=10 2 8 10 2 2 8 2 2 10 2 2 2 10
left_child=2 3 9 11 8 10 -6 -5 -3 13 -4 -2 -7 -1
right_child=1 4 5 7 6 12 -8 -9 -10 -11 -12 -13 -14 -15
leaf_value=-0.62272137633103597 0.3472904747830331 0.51947729490531813 0.63900546494575394 1.6672014481345601 0.50649011943121058 -0.00025793240191414947 1.0808614515442596 1.143979930885666 -0.015421880644052588 -0.32711164041228757 0.12402820930343408 0.9022051841623181 -0.22698688743147277 -0.45428491514842273
leaf_weight=194 49 107 72 186 260 239 151 238 140 1227 155 90 653 962
leaf_count=99 23 49 37 67 87 87 70 84 64 360 59 41 215 350
internal_value=-0.00170336 0.847031 -0.29778 1.21392 0.53174 -0.0736719 0.719631 1.3769 0.217444 -0.402939 0.289468 0.710487 -0.166309 -0.483068
internal_weight=4723 1221 3502 563 658 1119 411 424 247 2383 227 139 892 1156
internal_count=1692 485 1207 215 270 398 157 151 113 809 96 64 302 449
is_linear=0
shrinkage=0.03


Tree=13
num_leaves=15
num_cat=0
split_feature=134 107 63 96 134 113 61 76 105 132 21 113 113 73
split_gain=1.34341e+06 160842 107814 50076.6 40571.9 32364.7 30409.6 28670.5 21203.8 13286 11495.1 7681.87 7427.65 6737.75
threshold=62.146250000000009 0.21652257995689161 2.9961550000000003 38.085750000000012 107.89655555555557 27.986000000000004 2.7174400000000003 -0.94110921783356949 0.012856450000000002 170.46428571428575 -90.915358333333316 89.301000000000002 23.341500000000003 292.27650000000011
decision_type=10 2 2 2 10 10 2 2 2 8 2 10 8 2
left_child=1 5 4 8 7 12 9 -2 -4 -3 -8 -5 -1 -7
right_child=2 6 3 11 -6 13 10 -9 -10 -11 -12 -13 -14 -15
leaf_value=-0.47864246798928539 0.47417843951990024 0.25058904102444651 0.83108187328852134 0.87908956438122376 1.7614078374436641 -0.024776893256104566 2.1627247009277344 1.2256786754677094 0.32376847951817689 0.69238080173492433 -0.1229271518787695 1.3020176898083056 -0.35860008445756875 -0.24304657511466615
leaf_weight=906 55 351 103 98 121 145 0.999999999999999 331 268 74 222 82 1001 1057
leaf_count=352 29 154 41 28 45 58 1 121 107 45 110 35 318 288
internal_value=0.0165798 -0.249378 0.960352 0.667813 1.27633 -0.338976 0.180357 1.12011 0.466476 0.328965 -0.103055 1.0779 -0.415854 -0.216761
internal_weight=4815 3757 1058 551 507 3109 648 386 371 425 223 180 1907 1202
internal_count=1732 1326 406 211 195 1016 310 150 148 199 111 63 670 346
is_linear=0
shrinkage=0.03


Tree=14
num_leaves=15
num_cat=0
split_feature=107 127 82 76 127 127 62 10 72 127 72 127 84 65
split_gain=1.08406e+06 169670 53849.2 37325.2 36916.1 35194.5 20779.1 17061.5 10308.7 9931.53 5624.99 3201.73 2690 2259.06
threshold=0.31595530242620651 159.50000000000003 743.02016666666589 -0.95121371726337711 89.500000000000014 188.50000000000003 -1.8983649999999999 253.72300000000004 105.08000000000003 79.500000000000014 98.486700000000027 67.500000000000014 328.14216666666653 2486.7850000000003
decision_type=2 8 2 2 10 10 2 2 2 8 2 10 2 2
left_child=4 3 7 10 9 -4 -5 -3 -6 11 -2 -1 -11 -10
right_child=1 2 5 6 8 -7 -8 -9 13 12 -12 -13 -14 -15
leaf_value=-0.54612735394069112 0.16728734366347392 1.9860104357745196 0.68843241130108734 0.19247342240610602 0.045850558266788723 1.201000065376884 0.63707021243455919 1.2076815285644531 -0.15282519170620176 0.23711714708805082 -0.15240314482967807 -0.42319485007378521 -0.32666295522985039 -0.25058576910507757
leaf_weight=265 71 36 642 178 159 151 204 124 342 6.9999999999999991 158 881 1021 595
leaf_count=113 35 13 252 61 56 68 82 42 120 7 76 300 344 147
internal_value=-0.00876506 0.640598 0.890635 0.249784 -0.319449 0.787427 0.430953 1.39407 -0.17724 -0.391027 -0.0529757 -0.452076 -0.322594 -0.215108
internal_weight=4834 1564 953 611 3270 793 382 160 1096 2174 229 1146 1028 937
internal_count=1716 629 375 254 1087 320 143 55 323 764 111 413 351 267
is_linear=0
shrinkage=0.03


Tree=15
num_leaves=15
num_cat=0
split_feature=113 107 78 113 14 113 14 95 73 30 113 73 19 57
split_gain=1.10733e+06 94710.9 84430.7 49838.4 37447.8 33203.1 29495.7 29259.3 22338.6 17619.3 10011.1 9042.99 6864.13 2549.8
threshold=53.363500000000009 0.47369649395226454 0.56551202946476731 87.523500000000013 259.84250000000003 30.523500000000002 260.51578571428576 0.035410100000000007 112.98850000000002 38.252183333333342 24.362500000000004 399.11150000000004 -302.56399999999991 24.877000000000006
decision_type=10 2 2 10 2 10 2 2 2 2 8 2 2 2
left_child=1 5 4 8 9 10 -3 -5 -4 -2 -1 -7 -8 -6
right_child=2 6 3 7 13 11 12 -9 -10 -11 -12 -13 -14 -15
leaf_value=-0.44415936097447956 1.2352046604449933 1.236175829052925 0.73834468266118325 1.0404017159418626 0.58675210368633268 -0.026546747257207567 1.5707422199249268 0.34165230782352274 0.34440633635537043 1.9738387969111051 -0.31776903750595836 -0.230067786716111 0.12594408114830552 0.95833510618389783
leaf_weight=1142 64 23 202 329 35 284 1.9999999999999989 66 369 70 1149 639 290 52
leaf_count=424 22 18 72 137 22 103 2 27 144 24 385 191 137 21
internal_value=-0.0044478 -0.271073 0.787798 0.665508 1.31691 -0.319728 0.224798 0.924814 0.48482 1.63284 -0.380939 -0.167546 0.141177 0.817248
internal_weight=4716 3529 1187 966 221 3214 315 395 571 134 2291 923 292 87
internal_count=1729 1260 469 380 89 1103 157 164 216 46 809 294 139 43
is_linear=0
shrinkage=0.03


Tree=16
num_leaves=15
num_cat=0
split_feature=134 63 72 61 134 27 134 132 116 11 61 116 62 68
split_gain=1.03347e+06 107139 70127.4 50549.4 43572.1 32969.5 23661.3 21606.8 16695.7 9480.72 7630.16 6886.57 5883.07 4041.09
threshold=50.003087500000014 3.1160800000000006 220.23200000000003 2.4492500000000006 77.70020833333335 40.248250000000006 62.146250000000009 133.21428571428575 25.722666666666687 256.62600000000003 1.7351150000000002 28.295833333333341 -0.55492249999999987 1204.1800000000001
decision_type=10 2 2 2 10 2 10 8 10 2 2 10 2 2
left_child=2 4 7 6 10 -6 -3 11 -4 -9 -2 -1 -10 -5
right_child=1 3 8 13 5 -7 -8 9 12 -11 -12 -13 -14 -15
leaf_value=-0.29167204708347516 0.75224991347422276 0.1671070581943758 -0.40820485138789392 -0.153683161403283 0.94178832123979761 1.4657206158858078 0.70679005101857317 0.98759590775626038 0.066171815069354309 0.17946438100727069 0.34023651356924145 -0.054445020495836133 -0.27083880016019102 0.20597856752689064
leaf_weight=146 132 92 1378 100 268 194 370 12.999999999999998 48 215 62 442 1279 38
leaf_count=82 57 41 494 47 94 70 142 6 20 104 23 158 356 14
internal_value=0.00212933 0.740594 -0.261428 0.449708 1.00556 1.16449 0.59992 -0.017627 -0.334939 0.229667 0.623011 -0.113749 -0.258606 -0.0538549
internal_weight=4777 1256 3521 600 656 462 462 816 2705 228 194 588 1327 138
internal_count=1708 488 1220 244 244 164 183 350 870 110 80 240 376 61
is_linear=0
shrinkage=0.03


Tree=17
num_leaves=15
num_cat=0
split_feature=107 127 96 73 95 127 77 82 10 96 107 127 127 127
split_gain=936196 143933 60814 37511.1 37070.4 31582.7 21372.9 20725 12023.8 9480.99 6998.53 6870.07 1953.88 1471.51
threshold=0.31595530242620651 167.50000000000003 40.25565000000001 108.44700000000002 0.03650380000000001 88.500000000000014 0.13566924615559603 550.15916666666806 264.60450000000009 22.334550000000004 -0.074115882986646633 70.500000000000014 79.500000000000014 58.500000000000007
decision_type=2 8 2 2 2 8 2 2 2 2 2 10 10 10
left_child=5 3 4 8 -3 11 -5 -4 -2 -7 -11 13 -13 -1
right_child=1 2 7 6 -6 9 -8 -9 -10 10 -12 12 -14 -15
leaf_value=-0.61836573047637944 1.022866604077614 0.81861136389198441 1.9233581903457642 -0.067646588413371248 0.13723460043831304 -0.28523358002189292 0.31919426295791531 1.1482320087353388 0.51156792080514835 -0.15635504767635808 0.054914316333182472 -0.37063967568062717 -0.30344614769857037 -0.44496389979370365
leaf_weight=59 58 425 39 193 87 411 382 215 158 609 183 751 923 362
leaf_count=34 21 171 12 93 38 156 162 91 66 178 74 242 266 150
internal_value=-0.00492953 0.601148 0.894089 0.316691 0.70333 -0.291158 0.189453 1.27434 0.652956 -0.168429 -0.107528 -0.361516 -0.333796 -0.47068
internal_weight=4855 1557 766 791 512 3298 575 254 216 1203 792 2095 1674 421
internal_count=1754 654 312 342 209 1100 255 103 87 408 252 692 508 184
is_linear=0
shrinkage=0.03


Tree=18
num_leaves=15
num_cat=0
split_feature=127 127 107 69 132 95 113 108 11 69 107 36 113 113
split_gain=894138 73591.6 68001.4 46003.9 25667.2 23883.3 21147.2 18186.9 17661 11312.4 9757.57 7338.18 7028.98 5584.19
threshold=140.50000000000003 167.50000000000003 0.21652257995689161 3.9903050000000007 170.46428571428575 0.051494600000000008 27.281000000000002 -0.60785761079279388 265.67150000000009 4.2072100000000008 0.71952396275653763 0.078113500000000016 34.010500000000008 17.676500000000004
decision_type=10 10 2 2 8 2 8 2 2 2 2 2 8 10
left_child=2 9 6 7 12 -5 13 -3 -6 10 -2 -11 -4 -1
right_child=1 3 4 5 8 -7 -8 -9 -10 11 -12 -13 -14 -15
leaf_value=-0.50342921571564558 0.35329061303998144 1.6111679351678054 -0.2188043141529509 0.80985792950375202 1.2928699182607235 0.08866827981522743 -0.20547778938093386 1.0313777413439393 0.066368223685967287 -0.02739566259724753 0.96661779933140202 0.39642242292943203 0.093338388822972768 -0.34383134213793987
leaf_weight=235 42 88 81 431 25 46 1317 133 18 41 57 344 311 1434
leaf_count=104 14 34 60 181 21 20 427 47 17 24 23 143 120 456
internal_value=0.00120228 0.712181 -0.244586 0.909347 0.105638 0.740647 -0.295625 1.26848 0.792696 0.426543 0.712583 0.351327 0.0284392 -0.366593
internal_weight=4603 1182 3421 698 435 477 2986 221 43 484 99 385 392 1669
internal_count=1691 486 1205 282 218 201 987 81 38 204 37 167 180 560
is_linear=0
shrinkage=0.03


Tree=19
num_leaves=15
num_cat=0
split_feature=134 72 78 127 116 62 81 132 73 9 41 118 127 127
split_gain=854125 103636 91925.9 31812.8 29820.5 29622 22706 22575.8 15560.8 14304.7 10986.5 9902.52 3544.1 3045.74
threshold=63.059250000000006 121.22200000000002 0.56551202946476731 81.500000000000014 81.020500000000013 -0.63711549999999983 1.7524999999999979 126.07142857142858 144.85650000000001 264.10950000000008 0.27887588571428562 88.052500000000023 67.500000000000014 84.500000000000014
decision_type=10 2 2 8 10 2 2 8 2 2 2 8 10 10
left_child=1 7 4 12 -2 6 -4 13 -7 -5 -6 -9 -3 -1
right_child=2 3 5 9 10 8 -8 11 -10 -11 -12 -13 -14 -15
leaf_value=-0.2385731457960994 0.83770801871794243 -0.48517032044608632 0.77327256474040795 0.31714255237579342 0.97036502191755492 0.51026117365934509 0.1268020137353377 0.2970034142255244 -0.024906689885912874 -0.20793212329211921 1.7274430475497464 0.79865274295141531 -0.35987356182951497 0.031431958286796957
leaf_weight=45 80 264 566 47 26 122 54 220 81 1920 108 42 1078 205
leaf_count=26 35 121 212 19 11 49 20 95 30 645 39 33 343 70
internal_value=-0.00352029 -0.210781 0.759631 -0.272233 1.31326 0.614251 0.717267 0.186128 0.297631 -0.19523 1.58885 0.380163 -0.384867 -0.0179139
internal_weight=4858 3821 1037 3309 214 823 620 512 203 1967 134 262 1342 250
internal_count=1748 1352 396 1128 85 311 232 224 79 664 50 128 464 96
is_linear=0
shrinkage=0.03


Tree=20
num_leaves=15
num_cat=0
split_feature=134 78 61 113 113 134 105 107 75 113 72 96 108 78
split_gain=817220 116678 60533.2 41434.2 32716.3 29683.7 20332.9 19407.1 13716.8 8526.72 6492.37 5798.4 2506.06 2412.55
threshold=48.499808333333341 0.56551202946476731 2.2731550000000005 31.400000000000002 93.988000000000014 82.417638888888902 0.012856450000000002 0.48877522411129348 14.894000000000002 23.210000000000004 135.66550000000004 20.118100000000002 -0.60785761079279388 0.73382819854351877
decision_type=10 2 2 8 8 10 2 2 2 10 2 2 2 2
left_child=3 5 4 9 -3 12 -4 11 -7 13 -9 -5 -2 -1
right_child=1 2 6 7 -6 8 -8 10 -10 -11 -12 -13 -14 -15
leaf_value=-0.033578145146369927 0.93102043045268346 0.48547091484216465 1.1439587103979927 -0.306696854856779 0.9065713439632106 1.1867763076218047 -0.036688386161462951 0.41072376063466076 1.7872805389057507 -0.27469735784235594 -0.010343048649174826 -0.10565203006043393 0.56099041151046747 -0.39644414094454677
leaf_weight=17 33 690 12.999999999999998 158 221 100 210 81 65 1499 55 701 49 940
leaf_count=8 15 231 5 75 116 39 85 40 24 444 33 222 23 372
internal_value=-0.00682976 0.609651 0.480173 -0.253635 0.588511 1.19975 0.0369249 -0.0901962 1.4327 -0.319784 0.241585 -0.142948 0.719364 -0.390043
internal_weight=4832 1381 1134 3451 911 247 223 995 165 2456 136 859 82 957
internal_count=1732 538 437 1194 347 101 90 370 63 824 73 297 38 380
is_linear=0
shrinkage=0.03


Tree=21
num_leaves=15
num_cat=0
split_feature=134 96 65 72 127 105 113 132 113 115 114 116 61 113
split_gain=774176 77875.8 51990.9 47038.6 33211.4 22784.7 16202.5 13966.8 13197.9 5302.1 5022.96 4756.97 4716.63 3690.96
threshold=50.003087500000014 33.30230000000001 821.79600000000016 193.67050000000003 188.50000000000003 0.012856450000000002 26.313500000000005 133.21428571428575 66.251500000000007 90.070000000000007 95.100500000000011 32.210250000000009 0.92115000000000002 18.854000000000003
decision_type=10 2 2 2 10 2 8 8 8 10 10 8 2 10
left_child=3 2 9 7 8 -4 13 11 -3 -2 -6 -1 -9 -5
right_child=1 4 5 6 10 -7 -8 12 -10 -11 -12 -13 -14 -15
leaf_value=-0.18782270651976268 0.80730185621434991 0.38114147044783053 0.62892327109909063 -0.44128613715242981 1.6180955536213326 0.16275034082964862 -0.20970368215682655 0.40680669681013443 0.84178981744436387 1.2654117458446605 1.149331645991351 0.0033952137832738913 0.096720161464939947 -0.32589742452282322
leaf_weight=224 98 68 124 334 46 390 1409 72 398 36 73 244 114 1140
leaf_count=91 42 27 42 151 18 177 437 37 134 16 40 99 56 354
internal_value=-0.00496306 0.642049 0.414488 -0.23063 0.892974 0.276221 -0.282721 -0.00091538 0.775537 0.93886 1.34253 -0.0883268 0.218303 -0.352327
internal_weight=4770 1233 648 3537 585 514 2883 654 466 134 119 468 186 1474
internal_count=1721 496 277 1225 219 219 942 283 161 58 58 190 93 505
is_linear=0
shrinkage=0.03


Tree=22
num_leaves=15
num_cat=0
split_feature=134 134 73 62 95 73 113 132 132 96 42 72 113 96
split_gain=679834 88685.7 38594.7 30488.8 42381.1 22260.8 12713.6 11043.3 10397.7 9277.31 8456.87 5480.34 4167.08 1949.22
threshold=48.499808333333341 77.70020833333335 409.5365000000001 -1.6623749999999997 0.034874550000000011 106.53300000000002 27.721000000000004 107.50000000000001 173.35714285714286 30.040900000000004 0.23930616846445382 47.758800000000008 19.114000000000004 23.794000000000004
decision_type=10 10 2 2 2 2 10 8 10 2 2 2 8 2
left_child=2 5 7 9 -5 10 12 -1 -7 -3 -2 -9 -4 -8
right_child=1 3 6 4 -6 8 13 11 -10 -11 -12 -13 -14 -15
leaf_value=-0.11625254779510467 0.80515856399924257 0.30280612870418661 -0.42067794082185311 1.1241830811515854 0.47926085520427647 0.1265746674512091 -0.23129434958117573 0.53098733992730418 0.56243448653974037 0.66897918840099024 0.35225502879854653 0.10056860644355112 -0.3030703992171328 -0.14330803929992894
leaf_weight=306 85 98 347 330 130 372 474 30 56 184 70 195 1406 450
leaf_count=124 34 26 158 134 53 156 144 19 32 69 33 86 476 141
internal_value=0.00338187 0.574791 -0.232732 0.792242 0.943364 0.297147 -0.27906 0.000906997 0.184788 0.543258 0.60421 0.160067 -0.326579 -0.188648
internal_weight=4533 1325 3208 742 460 583 2677 531 428 282 155 225 1753 924
internal_count=1685 537 1148 282 187 255 919 229 188 95 67 105 634 285
is_linear=0
shrinkage=0.03


Tree=23
num_leaves=15
num_cat=0
split_feature=134 132 113 73 27 69 59 96 69 69 113 38 65 62
split_gain=662272 77761.6 37856.7 30905.3 30138.7 23384.7 14401.5 14131.8 11082.6 8933.63 8621.71 7126.13 4901.39 3529.72
threshold=48.499808333333341 169.07142857142858 31.495000000000001 134.07850000000005 40.248250000000006 5.5721100000000012 17.081800000000005 32.788050000000005 4.1774050000000011 4.6230950000000002 24.511000000000003 1.0703600000000002 2215.7050000000004 -1.4873099999999997
decision_type=10 8 8 2 2 2 2 2 2 2 10 2 2 2
left_child=2 3 10 7 8 -6 11 -2 -3 -5 -1 -4 -8 -12
right_child=1 4 6 9 5 -7 12 -9 -10 -11 13 -13 -14 -15
leaf_value=-0.34842237257152892 0.3294334441131016 0.86249313905599301 0.33917186449380482 0.45170030642967474 1.2485634065473699 0.58822262859344487 -0.029956017555937908 0.73326833933293822 0.53185557053327559 0.035921859179524812 0.19915014418433696 -0.13916912603378295 -0.17355987652518917 -0.23989014803877148
leaf_weight=1201 158 138 101 56 172 71 347 159 299 254 15.999999999999998 38 559 1170
leaf_count=444 62 54 53 19 73 32 142 48 124 110 9 11 175 360
internal_value=-0.006826 0.567605 -0.225688 0.325826 0.789729 1.05884 -0.0750031 0.533666 0.638005 0.112251 -0.291595 0.208321 -0.118656 -0.233802
internal_weight=4739 1307 3432 627 680 243 1045 317 437 310 2387 139 906 1186
internal_count=1716 522 1194 239 283 105 381 110 178 129 813 64 317 369
is_linear=0
shrinkage=0.03


Tree=24
num_leaves=15
num_cat=0
split_feature=134 78 127 96 116 59 14 127 15 68 127 96 32 127
split_gain=647078 80204.9 47188.8 43784.8 26261.1 22285.7 21276.5 14894.6 9347.17 7976.32 7731.08 6040.41 3481.51 2564.44
threshold=54.845433333333339 0.56551202946476731 92.500000000000014 34.769250000000007 88.95183333333334 17.168200000000002 262.07664285714293 188.50000000000003 2.3381668573318253 836.43050000000005 79.500000000000014 22.569450000000003 38.327735714285723 68.500000000000014
decision_type=10 2 8 2 10 2 2 10 2 2 10 2 2 10
left_child=2 4 10 6 9 8 -3 -5 -4 -2 13 -7 -6 -1
right_child=1 3 5 7 12 11 -8 -9 -10 -11 -12 -13 -14 -15
leaf_value=-0.41598715781810264 1.1534624255905548 0.50292204995477308 0.65316043845585403 0.63383211591482158 1.118341583592551 -0.21491615849200874 0.15688457262713615 1.110904874733516 0.12441676811914186 0.63788225787462194 -0.23159525241105375 -0.058028851993928099 1.6421713703155518 -0.31117833963552
leaf_weight=301 44 310 34 299 27 360 332 76 221 85 1301 572 64 820
leaf_count=146 15 96 16 101 12 145 154 37 95 35 382 200 30 287
internal_value=-0.00285118 0.588998 -0.205818 0.475785 1.10782 -0.0508006 0.324501 0.733224 0.197204 0.821282 -0.281737 -0.118798 1.50063 -0.339669
internal_weight=4846 1237 3609 1017 220 1187 642 375 255 129 2422 932 91 1121
internal_count=1751 480 1271 388 92 456 250 138 111 50 815 345 42 433
is_linear=0
shrinkage=0.03


Tree=25
num_leaves=15
num_cat=0
split_feature=130 107 63 76 78 111 134 72 130 130 77 136 113 72
split_gain=646194 84042.6 53431.3 26730.5 20799.3 17630.2 17058.2 15201.8 15009.8 10083.6 7430.06 6103.29 4626.54 4608.94
threshold=154.16666666666671 0.19969739736768838 3.6446850000000004 0.44568507432126442 0.45012427727886845 0.11225824085650001 107.89655555555557 77.129500000000021 82.833333333333357 168.16666666666671 0.62061502502666543 1.0000000180025095e-35 17.852 297.17500000000007
decision_type=10 2 2 2 2 2 8 2 8 10 2 2 8 2
left_child=1 8 4 -4 9 -5 -6 11 12 -2 -9 -3 -1 -10
right_child=2 7 3 5 6 -7 -8 10 13 -11 -12 -13 -14 -15
leaf_value=-0.43196378183512035 0.73191649793176083 0.54213176411595843 -0.12084449104413592 0.2453594018697739 0.65498372729761256 0.68074299089699841 1.0772059201338351 -0.026212205945243754 -0.1052313020795758 1.3928670623733337 0.25349120632257011 0.19196706677957906 -0.28793701413798151 -0.21440188144091013
leaf_weight=242 33 86 72 139 377 216 116 371 512 82 110 96 1329 1109
leaf_count=110 15 65 33 42 148 84 43 177 190 28 50 20 406 302
internal_value=-0.00170688 -0.180426 0.663486 0.404789 0.844202 0.511445 0.756316 0.126771 -0.244254 1.21117 0.0381402 0.359504 -0.310386 -0.180008
internal_weight=4890 3855 1035 427 608 355 493 663 3192 115 481 182 1571 1621
internal_count=1713 1320 393 159 234 126 191 312 1008 43 227 85 516 492
is_linear=0
shrinkage=0.03


Tree=26
num_leaves=15
num_cat=0
split_feature=134 96 72 105 113 113 113 63 6 90 1 133 96 96
split_gain=514061 58765.5 48736.7 38017.1 19323.7 17767.4 17741.1 16291.2 13201.8 10748.6 6927.42 6625.12 5923.15 4274.2
threshold=54.845433333333339 39.437650000000012 106.71300000000001 0.013457500000000002 27.986000000000004 91.193500000000014 104.05500000000002 2.6548750000000001 77.145470170983103 339.25000000000006 89.684200000000018 14.29868262478648 22.850950000000005 23.669600000000003
decision_type=10 2 2 2 8 8 10 2 2 2 2 10 2 2
left_child=2 3 8 6 -4 11 -2 -5 12 -7 -10 -3 -1 -6
right_child=1 5 4 7 13 9 -8 -9 10 -11 -12 -13 -14 -15
leaf_value=-0.2206944072379006 0.5539271331746527 0.93703048659385513 -0.28848876111171667 0.59712491016480529 -0.19412336477776335 0.20851425981521607 1.1011758669965408 0.17599966108724735 0.80685825349833507 1.2028933566323641 0.13669657158851625 0.47686102161237176 0.12678225525477785 -0.086893977625953384
leaf_weight=53 281 46 1806 102 642 10.999999999999998 67 428 36 144 23 83 242 704
leaf_count=24 91 17 616 46 221 2 29 166 17 70 13 24 99 253
internal_value=-0.00561536 0.540958 -0.186871 0.418776 -0.224354 0.915886 0.66215 0.258024 0.146558 1.13413 0.552291 0.646921 0.0638094 -0.138147
internal_weight=4668 1162 3506 878 3152 284 348 530 354 155 59 129 295 1346
internal_count=1688 445 1243 332 1090 113 120 212 153 72 30 41 123 474
is_linear=0
shrinkage=0.03


Tree=27
num_leaves=15
num_cat=0
split_feature=134 107 78 96 105 116 63 113 58 106 96 58 60 113
split_gain=537014 69888.6 51081.7 27888.4 21681.9 21087.9 17673 14393 12071.5 7567.75 4859.66 4762.97 4745.68 4741.03
threshold=62.146250000000009 0.31595530242620651 0.56551202946476731 47.832150000000006 0.014665600000000003 85.945250000000001 3.2692750000000008 28.106000000000005 21.325500000000002 -0.2102246306142678 23.669600000000003 21.011750000000003 65.447800000000015 17.852
decision_type=10 2 2 2 2 10 2 8 2 2 2 2 2 10
left_child=1 7 5 4 -4 -2 8 13 -3 -5 -9 -7 -8 -1
right_child=2 6 3 9 -6 11 12 10 -10 -11 -12 -13 -14 -15
leaf_value=-0.40177562747264312 0.69151292561948974 0.74375627803802491 0.6471807813874606 1.2762913062572481 0.31149590020946094 1.130514655936848 0.10281361417022682 -0.20848914605947499 0.22806859204782681 0.68112527360567221 -0.091034476946512843 1.6127648125581964 -0.14043626305460927 -0.25656487038566211
leaf_weight=235 88 53 289 47 440 65 168 581 175 40 703 42 125 1621
leaf_count=111 34 20 101 20 182 29 75 195 83 19 227 15 77 509
internal_value=0.000716234 -0.168328 0.612417 0.507037 0.445281 1.04854 0.153231 -0.221714 0.350681 1.01354 -0.144305 1.33302 -0.00107642 -0.275159
internal_weight=4672 3661 1011 816 729 195 521 3140 228 87 1284 107 293 1856
internal_count=1697 1297 400 322 283 78 255 1042 103 39 422 44 152 620
is_linear=0
shrinkage=0.03


Tree=28
num_leaves=15
num_cat=0
split_feature=134 63 127 96 127 105 61 63 79 97 86 127 96 69
split_gain=496917 76174.8 38154 29787.9 28607.2 13977.6 13401.6 12398.6 9856.63 6867.85 6349.12 5982.8 3781.81 1975.8
threshold=48.499808333333341 3.0343800000000001 187.50000000000003 38.085750000000012 92.500000000000014 0.012491900000000002 1.9166500000000002 3.5372900000000005 3.7099000000000024 63.107850000000006 23.707600000000003 79.500000000000014 21.711200000000002 4.2644850000000014
decision_type=10 2 8 2 8 2 2 2 2 2 2 10 2 2
left_child=4 2 6 5 11 -3 -2 10 -4 -5 -6 13 -9 -1
right_child=1 3 8 9 7 -7 -8 12 -10 -11 -12 -13 -14 -15
leaf_value=0.1548831404050191 0.64746881914223331 0.44014667583620826 0.37906781655550004 0.75634863888900894 0.40871261054939689 0.084069627704382088 0.15038148511083502 -0.20782923644760051 1.2219437151936923 0.34479118209218573 0.04314972708491125 -0.20546252457449474 -0.067782728402986145 -0.30218693957528675
leaf_weight=7.9999999999999991 422 128 14.999999999999998 112 53 433 56 282 135 58 207 1342 453 1156
leaf_count=4 147 47 6 36 31 183 27 110 68 33 90 390 142 430
internal_value=-0.00594862 0.480733 0.722909 0.271973 -0.19495 0.165958 0.589674 -0.0587755 1.14074 0.61879 0.11896 -0.248972 -0.121728 -0.298913
internal_weight=4860 1359 628 731 3501 561 478 995 150 170 260 2506 735 1164
internal_count=1744 547 248 299 1197 230 174 373 74 69 121 824 252 434
is_linear=0
shrinkage=0.03


Tree=29
num_leaves=15
num_cat=0
split_feature=59 65 113 96 113 105 11 113 27 61 113 92 65 113
split_gain=486523 65525.3 34862.9 29986.7 24455 17586.8 14655.2 12884.4 9551.39 7843.73 7520.13 7507.99 3115.21 1530.28
threshold=15.863900000000003 1413.5450000000003 33.691500000000005 31.543400000000002 102.02500000000002 0.010105750000000002 248.05700000000004 89.301000000000002 40.004900000000013 2.7362600000000006 22.798500000000004 0.016022651500003555 2334.0000000000005 13.319000000000001
decision_type=2 2 10 2 10 2 2 8 2 2 8 2 2 10
left_child=1 4 10 11 6 -4 -1 -5 -6 -7 13 -3 -12 -2
right_child=2 3 5 7 8 9 -8 -9 -10 -11 12 -13 -14 -15
leaf_value=1.2944421615600588 -0.44479064454259098 0.1833556632135627 0.67506858667731284 0.38223577910330558 0.64051559037428629 0.1024608832889521 0.57661462706567457 0.81098467248419059 1.2267868414246117 -0.10215088234607773 -0.13398140632875505 -0.14005649152363045 -0.22522120627192563 -0.29705135110671127
leaf_weight=27 73 270 31 215 38 238 446 91 103 572 464 84 1289 779
leaf_count=9 34 105 12 72 25 111 171 47 38 180 187 36 384 303
internal_value=0.00246299 0.503161 -0.182738 0.294949 0.726124 -0.0147697 0.620241 0.511976 1.07443 -0.0419745 -0.236938 0.106427 -0.201163 -0.31022
internal_weight=4720 1274 3446 660 614 841 473 306 141 810 2605 354 1753 852
internal_count=1714 503 1211 260 243 303 180 119 63 291 908 141 571 337
is_linear=0
shrinkage=0.03


Tree=30
num_leaves=15
num_cat=0
split_feature=113 77 78 96 132 113 113 130 77 38 42 65 113 14
split_gain=468941 55199.1 44572.8 22343.3 18744.2 17426.2 16728.9 15503.7 8404.08 7038.92 6104.86 5299.51 4717.38 4115.89
threshold=63.621000000000009 0.2239751656974556 0.56551202946476731 39.817450000000001 175.92857142857147 117.57000000000001 30.865500000000001 171.16666666666671 0.51530988526122801 0.050345700000000007 0.31091656043326993 1523.5650000000003 23.210000000000004 270.84935714285717
decision_type=10 2 2 2 8 10 10 8 2 2 2 2 8 2
left_child=1 6 7 5 9 -4 12 10 -5 -3 -2 -8 -1 -6
right_child=2 4 3 8 13 -7 11 -9 -10 -11 -12 -13 -14 -15
leaf_value=-0.30005663241023844 0.46341537088394158 -0.21135369651445318 0.31922397746921988 0.45448313828309378 0.92406933882236475 0.77476589056036693 0.090179215858463474 1.2867468233332915 0.86393662183138775 0.13240623536104984 0.95120744727639595 -0.12350500675309706 -0.21072769773967645 0.33309095557630064
leaf_weight=892 49 62 572 71 29 87 118 84 146 361 50 867 1364 19
leaf_count=350 21 29 217 25 19 33 59 41 50 126 17 250 454 13
internal_value=0.00184929 -0.157033 0.558387 0.468444 0.146192 0.380451 -0.201131 0.984032 0.732681 0.0816339 0.716853 -0.0978377 -0.246166 0.701773
internal_weight=4771 3712 1059 876 471 659 3241 183 217 423 99 985 2256 48
internal_count=1704 1300 404 325 187 250 1113 79 75 155 38 309 804 32
is_linear=0
shrinkage=0.03


Tree=31
num_leaves=15
num_cat=0
split_feature=134 127 96 127 61 105 61 105 127 96 12 96 46 0
split_gain=427529 50727.7 35013.4 32259.6 21995.6 21954.8 14300.8 11805.1 7549.57 6632.81 5962.57 3700.75 2514.79 1956.12
threshold=54.845433333333339 169.50000000000003 32.469800000000014 96.500000000000014 2.2204800000000007 0.015208750000000002 2.4492500000000006 0.029168500000000003 79.500000000000014 37.773900000000005 253.63816666666671 21.628600000000002 0.16422800000000001 102.36050000000002
decision_type=10 8 2 8 2 2 2 2 10 2 2 2 2 2
left_child=3 4 5 8 10 -3 9 -4 -1 -5 -2 -8 -10 -6
right_child=1 2 7 6 13 -7 11 -9 12 -11 -12 -13 -14 -15
leaf_value=-0.2676404862052908 0.70104157270703993 0.71814345470227692 0.97242969189125306 0.097234313343448203 -0.40685468057485724 0.16351732331991195 -0.18651599708625249 0.60918752220086758 0.079380765290679153 0.48520729332781853 0.32131612457237341 -0.040823473011708342 -0.17257000487223367 -0.083612001701312916
leaf_weight=1215 41 113 262 260 25 149 230 127 36 46 411 492 1441 50
leaf_count=440 13 46 115 125 14 57 91 53 14 21 144 159 424 23
internal_value=0.000147491 0.497976 0.675046 -0.157589 0.278372 0.404559 -0.0146018 0.855713 -0.212165 0.156957 0.357238 -0.0874332 -0.166377 -0.195335
internal_weight=4898 1178 651 3720 527 262 1028 389 2692 306 452 722 1477 75
internal_count=1739 465 271 1274 194 103 396 168 878 146 157 250 438 37
is_linear=0
shrinkage=0.03


Tree=32
num_leaves=15
num_cat=0
split_feature=134 72 63 113 81 94 76 27 61 35 12 105 113 65
split_gain=389102 52398.7 38501.8 18734.2 18239 15286.1 15324 14705.9 10603.3 7989.39 7478.92 6157.62 4642.71 2883.13
threshold=63.059250000000006 103.21450000000002 3.0104850000000005 31.400000000000002 -1.9215000000000371 0.20834250000000001 -0.99011432350530448 42.531050000000008 1.2267850000000002 0.73026700000000011 260.55500000000012 0.013457500000000002 24.511000000000003 2094.7850000000003
decision_type=10 2 2 10 2 2 2 2 2 2 2 2 8 2
left_child=1 8 4 12 -2 11 -7 -6 9 -1 -5 -4 -3 -10
right_child=2 3 5 10 7 6 -8 -9 13 -11 -12 -13 -14 -15
leaf_value=0.077180611957522002 1.1655959849357604 -0.27122683542839909 0.4305044536590576 0.33527028511762619 0.52288381199357659 -0.084597228484494344 0.53501457641565275 0.91224967434024806 0.095434433352145451 0.48938822508469604 -0.084509127039223808 0.0006754630153415767 -0.18718804537962058 -0.14369362384788059
leaf_weight=67 68 1126 38 39 320 41 275 124 196 116 858 130 1278 58
leaf_count=33 23 418 11 16 119 17 111 56 91 50 285 50 432 21
internal_value=-0.00171683 -0.142133 0.524879 -0.183002 0.706255 0.331942 0.454599 0.633438 0.166284 0.339727 -0.0659015 0.0998885 -0.226648 0.0404693
internal_weight=4734 3738 996 3301 512 484 316 444 437 183 897 168 2404 254
internal_count=1733 1346 387 1151 198 189 128 175 195 83 301 61 850 112
is_linear=0
shrinkage=0.03


Tree=33
num_leaves=15
num_cat=0
split_feature=59 113 96 63 72 30 105 96 61 96 132 113 113 132
split_gain=359332 65847.8 26245.1 19349.2 16225.5 14368.4 10085.2 10002.5 9929.16 6076.59 4409.2 3142.74 2673.96 2506.52
threshold=17.168200000000002 82.596500000000006 31.445450000000005 3.6877450000000005 220.23200000000003 37.120700000000014 0.013960300000000002 22.252550000000003 1.0279700000000001 20.190250000000002 173.78571428571431 27.986000000000004 42.687500000000007 87.585714285714303
decision_type=2 8 2 2 2 2 2 2 2 2 8 8 10 10
left_child=1 3 6 8 10 -4 -3 -5 -1 -6 13 -11 -12 -2
right_child=4 2 5 7 9 -7 -8 -9 -10 11 12 -13 -14 -15
leaf_value=0.46220867495406925 -0.16047820147744765 0.58943965641975404 0.40327814483642577 -0.21333569649187845 -0.27019279884152725 0.85577275824011656 0.18777740405107798 0.14156854659414719 0.14063896177384191 -0.21186343886555151 0.029191083302623343 -0.12941560004519115 0.55575091190899117 -0.022508795975919725
leaf_weight=256 163 99 82 95 993 322 132 279 132 980 18 736 15.999999999999998 429
leaf_count=94 76 36 31 37 369 130 51 102 69 295 18 224 13 175
internal_value=-0.00999686 0.393757 0.619204 0.205314 -0.179194 0.76516 0.36173 0.0510826 0.353459 -0.210994 -0.0414542 -0.176599 0.285868 -0.0607086
internal_weight=4732 1397 635 762 3335 404 231 374 388 2709 626 1716 34 592
internal_count=1720 550 248 302 1170 161 87 139 163 888 282 519 31 251
is_linear=0
shrinkage=0.03


Tree=34
num_leaves=15
num_cat=0
split_feature=130 72 78 84 77 132 62 113 61 73 132 53 113 96
split_gain=362775 44416.3 40623.6 20375.6 19758.1 17472.5 12888.1 10460.1 7473.5 7118.05 7022.8 5856.47 3160.59 2823.1
threshold=153.58333333333334 178.99000000000004 0.54334529560967382 305.62066666666664 0.23401271973572371 170.46428571428575 -1.7301349999999998 27.986000000000004 1.8263850000000004 117.70200000000001 129.41428571428574 0.65656700000000012 19.605 19.454400000000003
decision_type=10 2 2 2 2 8 2 10 2 2 10 2 8 2
left_child=1 5 3 -2 9 10 -6 12 -7 -4 -1 -5 -3 -9
right_child=2 7 4 11 6 8 -8 13 -10 -11 -12 -13 -14 -15
leaf_value=-0.050011438709813311 1.4068684979993469 -0.30814880237653491 0.2875971286869049 0.34379347252201387 0.36291955054990233 0.85950121829088999 0.63236976887314478 -0.23004060001455978 0.068454156244502351 -0.1259190806007385 0.14256998078266256 0.79197041738842888 -0.21363517520732278 -0.097789147848905397
leaf_weight=423 48 417 74 36 437 33 258 172 15.999999999999998 74 284 126 1455 939
leaf_count=180 16 185 29 11 156 24 105 69 16 32 118 48 478 272
internal_value=-0.000969317 -0.13951 0.490624 0.863712 0.396767 0.0658089 0.463715 -0.191551 0.607795 0.0813614 0.0274359 0.695114 -0.234844 -0.118455
internal_weight=4792 3739 1053 210 843 756 695 2983 49 148 707 162 1872 1111
internal_count=1739 1342 397 75 322 338 261 1004 40 61 298 59 663 341
is_linear=0
shrinkage=0.03


Tree=35
num_leaves=15
num_cat=0
split_feature=127 72 78 127 89 134 127 62 119 11 42 91 96 127
split_gain=350312 55713.6 41807.1 15398 14252.9 13350.5 13008.5 12667.8 12167.6 6569.33 6152.63 4979.57 4050.29 3977.16
threshold=159.50000000000003 121.22200000000002 0.68786967031098301 194.50000000000003 265.66750000000008 107.89655555555557 90.500000000000014 -0.63711549999999983 19.393366533290045 276.40650000000005 0.314016981549262 1010.4600000000002 19.212050000000001 70.500000000000014
decision_type=10 2 2 10 2 10 10 2 8 2 2 2 2 8
left_child=1 8 4 7 -2 -6 13 -4 11 -10 -5 -1 -8 -3
right_child=2 6 3 10 5 -7 12 -9 9 -11 -12 -13 -14 -15
leaf_value=0.027812628574545528 1.3478905817185129 -0.28867067102729288 0.39885832908261121 0.87771915491422026 0.58471865349835739 1.0816778265535831 -0.24627989488298241 0.0496868778073098 0.58915952030181884 0.16612475638620314 0.43112031197547906 0.28826657570953718 -0.062050842583524057 -0.188474040381994
leaf_weight=360 41 454 428 71 172 71 120 120 74 61 51 80 972 1747
leaf_count=137 15 195 160 25 60 24 50 51 42 35 21 30 285 603
internal_value=0.00732043 -0.119693 0.521888 0.391573 0.826858 0.733771 -0.167268 0.322633 0.152579 0.40066 0.696073 0.075721 -0.0825053 -0.209265
internal_weight=4822 3868 954 670 284 243 3293 548 575 135 122 440 1092 2201
internal_count=1733 1377 356 257 99 84 1133 211 244 77 46 167 335 798
is_linear=0
shrinkage=0.03


Tree=36
num_leaves=15
num_cat=0
split_feature=127 78 130 61 63 27 70 130 96 96 118 100 69 48
split_gain=302114 44520.8 37751.6 19061.3 18272.8 16720.3 12343.7 8250 7355.18 5796.39 4560.99 2936.64 2429.33 971.908
threshold=156.50000000000003 0.56551202946476731 101.16666666666667 3.0605700000000007 3.5130250000000003 38.319950000000013 17.339950000000005 175.83333333333334 22.934350000000006 16.434700000000003 27.470928571428573 0.22847583333333341 2.9925000000000006 0.27047533333333323
decision_type=10 2 8 2 2 2 2 8 2 2 8 2 2 2
left_child=2 7 9 5 6 -3 -4 11 -6 13 -11 -2 -9 -1
right_child=1 3 4 -5 8 -7 -8 12 -10 10 -12 -13 -14 -15
leaf_value=-0.42163937261525319 0.99388121383666983 0.2752697194254296 0.53768372834611822 -0.097857079814462095 -0.18290709931799212 0.55926040811352151 0.11187067102978471 0.77956526150422933 0.024522882147079303 -0.19824823967894836 -0.11292658981358489 0.55595580087602137 1.3069107130570845 -0.27311302735852566
leaf_weight=50 24 350 80 67 255 408 255 15.999999999999998 385 1442 935 47 54 303
leaf_count=29 12 133 37 28 115 157 120 6 127 463 282 22 28 128
internal_value=-0.0013031 0.470921 -0.12452 0.385839 0.0356925 0.42867 0.214864 0.962497 -0.0582767 -0.181732 -0.16475 0.715777 1.19909 -0.295291
internal_weight=4671 966 3705 825 975 758 335 141 640 2730 2377 71 70 353
internal_count=1687 386 1301 318 399 290 157 68 242 902 745 34 34 157
is_linear=0
shrinkage=0.03


Tree=37
num_leaves=15
num_cat=0
split_feature=59 65 96 96 130 65 40 97 137 67 62 96 114 106
split_gain=350262 56887.2 21856.7 19628.8 15256.9 10977.3 9759.87 6720.93 6502.67 5637.21 3869.57 3479.98 2537.07 1533.91
threshold=17.081800000000005 1225.9450000000004 38.085750000000012 47.506200000000007 162.16666666666671 1446.1700000000003 0.37913215891142132 62.034600000000005 1.0000000180025095e-35 24.323750000000004 -1.0591649999999997 20.587250000000001 29.841500000000003 -0.99275805973510278
decision_type=2 2 2 2 8 2 2 2 2 2 2 2 8 2
left_child=1 3 6 4 -1 10 -3 -4 12 -5 -2 -10 -7 -12
right_child=5 2 7 9 -6 8 -8 -9 11 -11 13 -13 -14 -15
leaf_value=0.28950938424630601 0.39351736816763877 0.19395142797541823 0.61775678059592176 0.70340625727517259 0.63311160206541695 -0.17014323834415424 -0.10670123869907563 0.23438472272100902 -0.29168371570846174 1.2517736945249598 0.43114029251677649 -0.18431490161438441 -0.10316238794780554 -0.019658433759941356
leaf_weight=164 23 466 133 34 423 1183 122 62 485 48 5.9999999999999991 640 906 229
leaf_count=67 11 180 46 15 163 329 55 28 239 17 6 245 224 111
internal_value=0.00612917 0.397231 0.223214 0.600259 0.537774 -0.157497 0.131491 0.497697 -0.172607 1.03565 0.0306601 -0.230823 -0.141158 -0.00635787
internal_weight=4924 1452 783 669 587 3472 588 195 3214 82 258 1125 2089 235
internal_count=1736 571 309 262 230 1165 235 74 1037 32 128 484 553 117
is_linear=0
shrinkage=0.03


Tree=38
num_leaves=15
num_cat=0
split_feature=130 65 77 113 76 96 115 113 106 105 13 65 95 96
split_gain=296966 33976.4 29803.6 16307.4 16648.7 14881.6 10407.2 9834.06 9028.65 8600.69 6319.82 5530.27 4381.12 4011.89
threshold=154.16666666666671 1289.8350000000003 0.2239751656974556 120.46000000000002 -0.92797526097811522 31.445450000000005 107.84000000000002 27.986000000000004 0.30983042691905771 0.014371900000000002 2.5374228242644032 1493.1900000000003 0.020318500000000003 19.535100000000003
decision_type=10 2 2 8 2 2 8 8 2 2 2 2 2 2
left_child=2 3 7 4 -2 9 13 -1 -7 -3 -5 -9 -8 -4
right_child=1 5 6 10 -6 8 12 11 -10 -11 -12 -13 -14 -15
leaf_value=-0.20280051263903442 0.07281865074019879 0.34430960939973593 -0.21205189652028289 1.3493305782318115 0.59631608095723521 0.52375187326063877 0.29132657303810117 0.052223965291865161 0.063747093107700353 -0.035671832418697744 0.77330978555679319 -0.12103976268524638 0.91488280307545367 0.084945254420288857
leaf_weight=1849 63 79 45 29 429 182 29 191 49 162 59 1230 15.999999999999998 373
leaf_count=599 31 33 19 13 144 76 20 97 22 58 24 415 14 153
internal_value=0.000186182 0.445142 -0.125292 0.598905 0.529573 0.255322 0.0998081 -0.157186 0.426883 0.0897821 0.976197 -0.0977285 0.52817 0.0525349
internal_weight=4785 1052 3733 580 492 472 463 3270 231 241 88 1421 45 418
internal_count=1718 401 1317 212 175 189 206 1111 98 91 37 512 34 172
is_linear=0
shrinkage=0.03


Tree=39
num_leaves=15
num_cat=0
split_feature=59 63 72 113 26 10 113 113 94 79 103 72 113 53
split_gain=294844 43350.7 24057.8 18243.2 12848.2 12226.2 11216.8 8781.11 8081.77 5019.48 4504.98 3504.87 2507.73 2088.06
threshold=15.742700000000001 3.1160800000000006 98.486700000000027 107.72000000000001 0.93243350000000003 267.20250000000004 63.621000000000009 25.906500000000005 0.34671300000000005 3.7575000000000007 23.813116666666676 242.03550000000004 17.676500000000004 0.24915750000000003
decision_type=2 2 2 8 2 2 8 8 2 2 2 2 10 2
left_child=1 3 5 4 -1 -2 10 12 -8 -5 -3 -9 -4 -7
right_child=2 6 7 9 -6 13 8 11 -10 -11 -12 -13 -14 -15
leaf_value=0.85088101498547353 0.62503595038822712 -0.29937675552532589 -0.3032633243587588 -0.034400872707366949 0.41965899894073833 -0.11428166571632027 0.26052360368175048 -0.046548652537821818 0.63102143805367605 0.926797838971815 0.10287695543341137 -0.14051713667224885 -0.19603100335944035 0.11694465682621706
leaf_weight=75 41 28 237 4.9999999999999991 385 47 364 494 62 130 184 1303 1265 131
leaf_count=25 21 17 106 4 132 25 136 194 33 62 74 400 426 61
internal_value=0.000553462 0.399566 -0.139367 0.583662 0.491667 0.164558 0.227228 -0.159587 0.315804 0.891185 0.0485789 -0.114727 -0.213144 0.0555764
internal_weight=4751 1233 3518 595 460 219 638 3299 426 135 212 1797 1502 178
internal_count=1716 483 1233 223 157 107 260 1126 169 66 91 594 532 86
is_linear=0
shrinkage=0.03


Tree=40
num_leaves=14
num_cat=0
split_feature=134 78 106 84 72 106 116 72 113 72 115 113 113
split_gain=256411 44493.7 22739.5 21851.4 15043.8 13232.9 7935.53 5404.05 5097.32 5057.24 2748.29 1581.68 1411.55
threshold=47.832363636363645 0.56551202946476731 0.27694220057652758 309.72150000000016 247.84850000000003 0.21022171450811275 81.738666666666674 47.758800000000008 23.210000000000004 151.38050000000001 28.990000000000006 30.865500000000001 17.676500000000004
decision_type=10 2 2 2 2 2 10 2 8 2 8 10 10
left_child=4 3 5 -2 7 -3 -5 -1 12 -4 -9 -10 -6
right_child=1 2 9 6 8 -7 -8 10 11 -11 -12 -13 -14
leaf_value=0.27939022540073005 1.2117697148557569 0.32460601464094119 0.14708121817584693 0.37099126427353557 -0.29952467599281896 0.88195461379609463 0.76831426718094764 -0.1219676617636342 -0.16506667041283038 -0.10549916375403808 -0.0018584808686700387 -0.10367605445181068 -0.21123247637636658
leaf_weight=48 60 706 173 105 233 40 84 270 1262 120 467 550 624
leaf_count=26 23 260 89 46 108 12 31 116 379 57 197 148 226
internal_value=-0.0065171 0.354573 0.267775 0.714223 -0.141233 0.355635 0.550709 -0.0257416 -0.175177 0.0436181 -0.0459702 -0.146502 -0.235562
internal_weight=4742 1288 1039 249 3454 746 189 785 2669 293 737 1812 857
internal_count=1718 518 418 100 1200 272 77 339 861 146 313 527 334
is_linear=0
shrinkage=0.03


Tree=41
num_leaves=15
num_cat=0
split_feature=130 73 63 45 41 61 118 23 128 92 108 67 73 60
split_gain=260555 28343.7 27812.1 16742.6 14547.1 14259.7 10010.2 7834.41 6221.82 4135.87 4005.2 3907.78 2915.83 2659.27
threshold=154.16666666666671 292.27650000000011 3.1160800000000006 0.21455850000000001 0.35770807142857136 2.4492500000000006 64.437957142857158 92.532025000000075 90.500000000000014 0.0039354330000035539 0.6078576107927941 26.390950000000004 77.326700000000017 45.633300000000013
decision_type=10 2 2 2 2 2 8 2 10 2 2 2 2 2
left_child=1 6 3 11 -5 7 10 -4 -3 -7 -1 -2 -8 -10
right_child=2 8 5 4 -6 9 12 -9 13 -11 -12 -13 -14 -15
leaf_value=-0.041263381000746176 0.42965600179135799 -0.17925329405786478 0.47520520157159352 0.44608048348699775 0.78604840131051801 0.10483066957337515 0.49946046198539013 0.20206284938236274 0.12915348187332251 -0.26494139199703926 0.14710736608666342 0.072469577657642642 0.17778695672413086 -0.098305619731254942
leaf_weight=323 47 2223 182 213 256 62 52 201 48 47 147 66 52 871
leaf_count=136 21 780 72 75 92 26 32 84 18 15 59 22 34 251
internal_value=0.00227142 -0.116694 0.413615 0.553968 0.632933 0.246794 0.0770429 0.332766 -0.152101 -0.0555441 0.0178334 0.223526 0.341877 -0.0862945
internal_weight=4790 3716 1074 582 469 492 574 383 3142 109 470 113 104 919
internal_count=1717 1310 407 210 167 197 261 156 1049 41 195 43 66 269
is_linear=0
shrinkage=0.03


Tree=42
num_leaves=14
num_cat=0
split_feature=134 96 107 105 78 130 96 96 2 130 131 60 56
split_gain=220459 27030.4 24754.3 20162.8 16765 13675.9 8879.43 7090.06 5766.77 5483.03 4816.5 2518.58 1687.58
threshold=62.146250000000009 48.48940000000001 0.31595530242620651 0.014371900000000002 0.50471186377737542 179.50000000000003 37.773900000000005 20.190250000000002 43.198900000000009 94.833333333333357 0.70710678118659798 50.239750000000008 0.067469000000000015
decision_type=10 2 2 2 2 10 2 2 2 8 8 2 2
left_child=2 3 7 5 -5 -2 10 12 -3 -9 -4 -10 -1
right_child=1 8 6 4 -6 -7 -8 9 11 -11 -12 -13 -14
leaf_value=-0.16656884596948662 0.40043604784419107 0.13779558105468748 1.0741187195777893 0.69263904398777443 0.16534100910756713 0.82454063720087856 0.45963723814852381 -0.13570800130166802 1.2695033375566653 -0.023472443584827384 0.028885437435622129 0.82746682343175337 -0.24016929975888765
leaf_weight=619 280 8.9999999999999982 2.9999999999999991 60 506 92 48 1623 21 517 515 61 537
leaf_count=165 85 4 3 23 180 55 29 472 10 169 234 30 262
internal_value=-0.00559976 0.38438 -0.10958 0.335775 0.222367 0.50726 0.0735972 -0.14105 0.876261 -0.108618 0.0370026 0.954639 -0.200939
internal_weight=4891 1029 3862 938 566 372 566 3296 91 2140 518 82 1156
internal_count=1721 387 1334 343 203 140 266 1068 44 641 237 40 427
is_linear=0
shrinkage=0.03


Tree=43
num_leaves=15
num_cat=0
split_feature=134 96 132 90 105 73 76 134 12 127 102 96 96 94
split_gain=223441 27836 25533.1 16061.5 10886.4 9564.97 9485.57 7638.97 6338.24 6127.55 5953.77 2887.12 2474.48 1726.22
threshold=63.059250000000006 40.731750000000012 108.64285714285715 552.26250000000016 0.015208750000000002 284.34500000000008 0.85887032775463223 90.872649732620332 260.55500000000012 79.500000000000014 25.599800000000005 16.798250000000007 22.569450000000003 0.33891900000000003
decision_type=10 2 8 2 2 2 2 10 2 10 2 2 2 2
left_child=2 3 9 10 -5 8 7 -3 -4 13 -2 -7 -11 -1
right_child=1 6 5 4 -6 11 -8 -9 -10 12 -12 -13 -14 -15
leaf_value=-0.28248111621196331 1.0043698672294616 0.49225710388819377 0.55001769316897675 0.37318850661582187 0.12509481803404587 -0.31725907646908474 0.28012886192924091 0.85582172266414036 0.11919956917488682 -0.1471894911115891 0.48451830210879049 -0.028049386252554719 -0.078773459959394179 -0.182307587039679
leaf_weight=189 29 89 33 288 358 33 56 147 335 911 73 364 1006 969
leaf_count=110 11 34 16 98 146 28 21 56 155 242 31 162 309 343
internal_value=-0.000134106 0.389718 -0.105794 0.292063 0.236111 0.0492478 0.638014 0.721383 0.159227 -0.144369 0.640665 -0.0528338 -0.111348 -0.198889
internal_weight=4880 1040 3840 748 646 765 292 236 368 3075 102 397 1917 1158
internal_count=1762 397 1365 286 244 361 111 90 171 1004 42 190 551 453
is_linear=0
shrinkage=0.03


Tree=44
num_leaves=14
num_cat=0
split_feature=107 72 113 64 113 69 111 79 45 114 12 60 113
split_gain=178027 27366.2 23466.1 14670.9 14261.9 10339.8 8545.03 8433.54 7255.98 7004.23 3710.42 3325.67 3195.56
threshold=0.70747208174348741 49.083450000000006 99.988000000000014 399.20400000000001 31.400000000000002 4.1774050000000011 0.099615513530000019 3.4821500000000012 0.39826200000000006 62.391000000000005 255.96099999999998 59.993050000000004 19.384500000000003
decision_type=2 2 8 2 10 2 2 2 2 8 2 2 8
left_child=1 9 5 7 12 10 -7 -4 -5 -1 -2 -6 -3
right_child=2 4 3 8 11 6 -8 -9 -10 -11 -12 -13 -14
leaf_value=0.12328584852095309 0.58690502259019139 -0.23770657533805595 0.11931121600929059 0.16737442401622205 0.063027794055056888 0.019349774872993723 0.27342696920233206 0.81240024142660139 0.60241794755762179 0.60067195046164767 0.32320184672927976 -0.058051029909258853 -0.14340440401028168
leaf_weight=57 76 388 18 93 267 203 288 156 55 54 146 857 2025
leaf_count=21 21 177 6 33 91 70 127 78 28 19 53 300 672
internal_value=-0.00443094 -0.102968 0.342638 0.555082 -0.117559 0.246049 0.16864 0.74181 0.332024 0.358844 0.415719 -0.0292563 -0.158661
internal_weight=4683 3648 1035 322 3537 713 491 174 148 111 222 1124 2413
internal_count=1696 1280 416 145 1240 271 197 84 61 40 74 391 849
is_linear=0
shrinkage=0.03


Tree=45
num_leaves=15
num_cat=0
split_feature=59 113 78 27 116 63 127 62 46 72 62 116 39 63
split_gain=191155 36516.7 24231.3 16283.4 11006.5 9672.15 8644.55 5336.28 4399.85 3436.13 2828.64 2064.42 1743.49 924.406
threshold=17.168200000000002 67.59950000000002 0.45012427727886845 39.915450000000007 81.020500000000013 3.3408400000000005 88.500000000000014 -2.6584899999999991 0.28328350000000008 178.99000000000004 -0.97524199999999983 22.520666666666674 0.47879913333333324 3.4037600000000006
decision_type=2 8 2 2 10 2 10 2 2 2 2 10 2 2
left_child=1 5 4 -4 -3 8 11 -7 -1 10 -8 -2 -11 -13
right_child=6 2 3 -5 -6 7 9 -9 -10 12 -12 13 -14 -15
leaf_value=0.3565670752431217 -0.20229151212843829 0.4035957334564953 0.23707315242956467 0.506163630593919 1.0429002801622662 0.14199151255543696 0.22240200794444365 -0.1327658305947845 0.092996392794908608 -0.17399108110368253 -0.018120237466644182 -0.03075246798992157 -0.071793489077414438 -0.14490216254154606
leaf_weight=113 732 40 536 328 69 96 50 184 116 191 320 68 709 1251
leaf_count=45 319 12 207 129 31 38 20 79 44 86 120 33 177 380
internal_value=0.00280067 0.286003 0.39363 0.339698 0.814122 0.0798897 -0.123626 -0.0383826 0.224053 -0.0620431 0.0148865 -0.161708 -0.0936545 -0.139047
internal_weight=4803 1482 973 864 109 509 3321 280 229 1270 370 2051 900 1319
internal_count=1720 585 379 336 43 206 1135 117 89 403 140 732 263 413
is_linear=0
shrinkage=0.03


Tree=46
num_leaves=15
num_cat=0
split_feature=59 134 17 27 76 35 128 77 97 78 9 71 29 2
split_gain=169458 36325.5 17440 16690.7 8902.22 8556.26 5899.04 2896.04 2404.07 2125.5 2053.65 1860.84 1564.43 607.571
threshold=17.168200000000002 67.990031250000015 0.16959450000000001 39.833200000000012 -0.95925624934520159 0.69584800000000013 88.500000000000014 0.32936005867473772 32.776650000000011 0.88110294665796174 283.12850000000009 47.217400000000005 34.17145 47.135450000000013
decision_type=2 8 2 2 2 2 10 2 2 2 2 2 2 2
left_child=1 4 -3 -4 12 -6 8 11 13 -10 -9 -8 -1 -2
right_child=6 2 3 -5 5 -7 7 10 9 -11 -12 -13 -14 -15
leaf_value=-0.29328152093887327 -0.30265453309482998 0.89823308926820755 0.24131711462113878 0.50796563453422916 0.0053045646581640089 0.26479878495434711 -0.01485283027408279 0.2999429180603474 0.0022785504446567401 -0.14634253812679868 -0.025565515815065457 -0.10036373696509335 -0.066440791058621995 -0.17015785094866384
leaf_weight=44 107 55 525 357 222 235 320 31 91 1764 38 809 72 51
leaf_count=18 51 18 182 137 86 103 106 16 50 616 15 254 34 23
internal_value=0.00585049 0.267849 0.382827 0.349703 0.0794853 0.139036 -0.1174 -0.0646074 -0.14877 -0.139053 0.12283 -0.0761641 -0.154281 -0.261245
internal_weight=4721 1510 937 882 573 457 3211 1198 2013 1855 69 1129 116 158
internal_count=1709 578 337 319 241 189 1131 391 740 666 31 360 52 74
is_linear=0
shrinkage=0.03


Tree=47
num_leaves=13
num_cat=0
split_feature=134 65 113 75 94 61 113 61 40 106 6 113
split_gain=163876 22958.6 17730.3 12755.5 11637.6 8302.03 8122.69 6540.2 6349.11 5944.06 3575.39 2332.87
threshold=49.842227272727278 1214.3350000000003 102.02500000000002 10.222000000000001 0.29336150000000005 3.3923200000000002 27.986000000000004 1.7019500000000003 0.1160105578704019 0.022575936829235418 39.080160760958812 17.852
decision_type=10 2 8 2 2 2 8 2 2 2 2 10
left_child=3 2 7 -1 5 -3 11 -2 -4 -6 -8 -5
right_child=1 4 8 6 9 -7 10 -9 -10 -11 -12 -13
leaf_value=0.48893477207422253 0.3700447086136916 0.13719548126448702 0.31913925553531181 -0.243021088549705 0.48985273029081156 -0.22522164185723259 -0.081244440981221841 0.056804454809507805 0.75621579185305843 0.15047133944699398 0.046590710142779247 -0.14228206201823057
leaf_weight=31 347 378 40 240 121 66 1279 73 150 77 232 1594
leaf_count=14 130 149 13 115 52 31 414 33 65 35 124 522
internal_value=0.00122513 0.294233 0.42596 -0.107492 0.168599 0.0829309 -0.113164 0.315872 0.666368 0.359306 -0.0615967 -0.155592
internal_weight=4628 1252 610 3376 642 444 3345 420 190 198 1511 1834
internal_count=1697 508 241 1189 267 180 1175 163 78 87 538 637
is_linear=0
shrinkage=0.03


Tree=48
num_leaves=15
num_cat=0
split_feature=59 65 65 27 113 96 116 55 113 113 13 96 60 113
split_gain=173191 25995 14749.6 14499.6 23740 10252.5 8077.37 6878.55 6582.9 6437.95 5134.11 2885.62 2714.49 2336.93
threshold=15.863900000000003 1214.3350000000003 1245.3600000000004 39.915450000000007 66.657500000000013 31.445450000000005 78.966833333333355 0.21844000000000002 25.906500000000005 95.586500000000015 1.2402010290503547 16.703550000000003 69.451900000000009 16.937500000000004
decision_type=2 2 2 2 8 2 10 2 10 10 2 2 2 8
left_child=1 3 9 7 -5 10 -7 -1 13 12 -3 -10 -2 -4
right_child=2 5 8 4 -6 6 -8 -9 11 -11 -12 -13 -14 -15
leaf_value=0.46881756313077866 0.26774955093488095 -0.24713186123115674 -0.26331107300803774 0.016427248240745766 0.77235318516973239 0.16334916960659124 0.46440350143973891 0.1901226328863817 -0.20922111174254349 0.56534805995020376 0.1076716559811562 -0.068087509789611617 -0.0015001308392537268 -0.15000684636345138
leaf_weight=154 47 41 188 46 200 179 147 169 141 28 292 1645 113 1363
leaf_count=77 24 13 87 22 80 66 66 38 48 10 121 496 74 485
internal_value=0.00278312 0.309455 -0.104108 0.457915 0.631652 0.180766 0.300115 0.324045 -0.118684 0.153842 0.063369 -0.0793422 0.0787451 -0.163903
internal_weight=4753 1228 3525 569 246 659 326 323 3337 188 333 1786 160 1551
internal_count=1707 483 1224 217 102 266 132 115 1116 108 134 544 98 572
is_linear=0
shrinkage=0.03


Tree=49
num_leaves=14
num_cat=0
split_feature=134 96 77 134 61 129 96 63 63 71 116 79 96
split_gain=149697 21764.4 20698.7 12651.9 12156.9 7527.36 6438.59 5764.71 5445.17 4628.55 3925.84 3111.7 2928.19
threshold=63.059250000000006 48.48940000000001 0.30702689860304938 111.19122222222224 2.1520300000000003 181.50000000000003 23.794000000000004 3.4879150000000005 3.2005500000000002 35.635750000000009 34.231000000000016 9.4715000000000007 16.971000000000004
decision_type=10 2 2 10 2 8 2 2 2 2 8 2 2
left_child=2 3 6 4 -2 8 12 -5 -4 -3 -8 -7 -1
right_child=1 9 5 7 -6 11 10 -9 -10 -11 -12 -13 -14
leaf_value=-0.21388785876443722 0.27271873234876537 0.98655104712222474 0.24855049516778241 0.69686635238423067 -0.085539974379478037 0.24115995330837639 -0.090149091157241401 0.28451948835528812 -0.020024543810339652 0.50228276793658733 0.028649117252357848 0.67228844163894641 -0.12692538429514633
leaf_weight=446 731 46 94 84 96 43 1061 51 238 35 327 24 1642
leaf_count=205 261 22 44 37 47 26 295 18 103 19 135 10 541
internal_value=-0.00293079 0.31592 -0.0888132 0.27556 0.231075 0.115619 -0.112307 0.54435 0.0565268 0.786013 -0.0621587 0.403254 -0.145596
internal_weight=4918 1043 3875 962 827 399 3476 135 332 81 1388 67 2088
internal_count=1763 404 1359 363 308 183 1176 55 147 41 430 36 746
is_linear=0
shrinkage=0.03


Tree=50
num_leaves=12
num_cat=0
split_feature=113 73 84 113 12 37 77 48 113 0 111
split_gain=157456 22733.3 14234.1 10566.4 8713.03 7901.61 7655.45 5033.48 4675.66 2339.74 2020.74
threshold=63.621000000000009 292.27650000000011 256.45416666666671 109.86500000000002 256.93250000000012 0.81674350000000018 0.52447813894419359 0.25889900000000027 24.965000000000003 68.196450000000013 0.24080426840850003
decision_type=10 2 2 10 2 2 2 2 8 2 2
left_child=1 4 -2 6 -1 -5 -4 -6 10 -10 -3
right_child=2 8 3 5 7 -7 -8 -9 9 -11 -12
leaf_value=0.65118648869058349 0.823304686349981 -0.25629360518954236 0.12364651996219646 0.66928088357713489 0.23238277745246885 0.10725086572170257 0.32536983001295217 0.01145064964980015 -0.10887648197353773 -0.024230455391486619 -0.15074597821452398
leaf_weight=22 50 195 244 107 115 29 566 465 1542 364 1077
leaf_count=10 17 109 96 59 63 11 190 187 497 125 352
internal_value=-0.00209903 -0.0905339 0.333278 0.306533 0.0784008 0.551116 0.264835 0.0555859 -0.12255 -0.0927339 -0.167118
internal_weight=4776 3780 996 946 602 136 810 580 3178 1906 1272
internal_count=1716 1343 373 356 260 70 286 250 1083 622 461
is_linear=0
shrinkage=0.03


Tree=51
num_leaves=15
num_cat=0
split_feature=134 78 73 61 127 95 61 6 127 89 65 21 65 68
split_gain=140297 29057 22747.4 13866.8 14562.9 7848.65 7842.78 7202.42 5597.47 3749.44 3680.52 2599.52 2073.88 1926.92
threshold=67.990031250000015 0.56551202946476731 292.27650000000011 3.0071950000000007 188.50000000000003 0.018484800000000003 1.4470750000000001 30.001216253539898 83.500000000000014 267.89800000000008 682.94850000000008 -71.33008333333332 2061.9150000000004 1194.4250000000002
decision_type=10 2 2 2 8 2 2 2 10 2 2 2 2 2
left_child=2 5 6 4 -3 9 7 -1 -4 -2 -7 -10 -8 -5
right_child=1 3 8 13 -6 10 12 -9 11 -11 -12 -13 -14 -15
leaf_value=-0.011232197252298712 1.1506734952926636 0.22321126925790008 -0.15070313780471267 -0.30697559128128565 0.56637152240198596 0.68378972644190639 0.020457604563582366 0.28915799522009966 0.12187629683779888 0.71342184528437524 0.23834374223104335 -0.078261405272595577 -0.16003143927092486 0.033299599914550781
leaf_weight=108 31 594 1619 38 137 30 253 213 60 65 40 1439 73 24
leaf_count=43 9 187 599 23 68 13 116 113 20 28 20 448 25 8
internal_value=0.00409053 0.327836 -0.0784364 0.251679 0.288214 0.68794 0.0833432 0.188362 -0.112023 0.865056 0.436233 -0.0701726 -0.0203153 -0.176771
internal_weight=4724 959 3765 793 731 166 647 321 3118 96 70 1499 326 62
internal_count=1720 356 1364 286 255 70 297 156 1067 37 33 468 141 31
is_linear=0
shrinkage=0.03


Tree=52
num_leaves=15
num_cat=0
split_feature=118 65 72 96 113 68 119 89 36 96 128 110 2 30
split_gain=123522 20115.3 19599.5 14435.9 9875.87 7980.38 6054.97 5461.18 5097.98 4815.72 3615.48 3345.04 3076.6 1310.62
threshold=69.498014285714305 1214.3350000000003 102.11800000000001 37.230900000000005 102.02500000000002 944.97450000000015 27.209523229954083 258.38650000000007 0.32428000000000007 17.082750000000004 90.500000000000014 1.0000000180025095e-35 83.78070000000001 37.554233333333336
decision_type=10 2 2 2 8 2 8 2 2 2 8 2 2 2
left_child=2 4 6 8 5 -2 11 -6 -3 -4 -11 -1 -5 -8
right_child=1 3 9 12 7 -7 13 -9 -10 10 -12 -13 -14 -15
leaf_value=0.099132748484223668 0.49822003605947474 -0.092588065589236643 -0.1877891166356867 0.16348490051428477 0.34950019196246529 0.19689003128405796 0.26547044541285586 0.74988271050326594 0.1491307744299854 -0.1133846602149443 -0.042350070386904151 -0.17796177418665451 0.49283097544149918 0.60362913762168435
leaf_weight=364 155 128 513 35 46 165 25 112 200 1789 1011 43 109 21
leaf_count=145 49 45 214 17 15 52 22 52 74 570 369 16 44 17
internal_value=-0.000866991 0.30464 -0.0779945 0.165182 0.441708 0.343953 0.106912 0.636266 0.0547976 -0.103303 -0.0877614 0.0694856 0.414482 0.42947
internal_weight=4716 950 3766 472 478 320 453 158 328 3313 2800 407 144 46
internal_count=1701 348 1353 180 168 101 200 67 119 1153 939 161 61 39
is_linear=0
shrinkage=0.03


Tree=53
num_leaves=14
num_cat=0
split_feature=113 118 92 96 127 96 133 118 1 80 80 56 114
split_gain=119993 15356.6 12510.4 16568.2 10144.7 8307.83 7398.5 6935.48 5948.54 3079.27 2983.92 2846.63 2311.5
threshold=62.838500000000003 67.477232142857147 0.0039354330000035539 47.506200000000007 188.50000000000003 22.659750000000006 13.212089265965245 34.563035714285725 70.949750000000009 3.3498499999999996 1.484499999999999 0.067469000000000015 72.861000000000004
decision_type=10 10 2 2 10 2 10 8 2 2 2 2 8
left_child=1 5 3 4 -2 11 -5 -7 -3 -4 -10 -1 -11
right_child=2 8 9 6 -6 7 -8 -9 10 12 -12 -13 -14
leaf_value=-0.099657254664126685 0.23557382871210572 0.48991808155179017 0.31238727640069047 1.1387024335180012 0.50609213655280338 -0.078069840438174692 0.52839177542348059 0.057441654982236329 0.42373665175437919 0.070072599058970814 0.020282423987984657 -0.17380882916052776 -0.2295861944913864
leaf_weight=1072 605 47 22 27 158 1242 61 467 19 47 95 833 44
leaf_count=287 220 20 11 13 75 359 23 205 8 22 39 405 20
internal_value=-1.34972e-07 -0.0762985 0.298549 0.337887 0.292185 -0.0890871 0.72637 -0.0410264 0.20953 0.00190363 0.0906508 -0.132157 -0.0757054
internal_weight=4739 3775 964 851 763 3614 88 1709 161 113 114 1905 91
internal_count=1707 1323 384 331 295 1256 36 564 67 53 47 692 42
is_linear=0
shrinkage=0.03


Tree=54
num_leaves=15
num_cat=0
split_feature=59 127 78 76 65 96 37 105 137 60 96 64 118 76
split_gain=96962.1 24621 17550.9 8025.83 6956.98 6458.01 6384.68 4501.92 4108.74 3410.82 2104.01 2063.3 1624.86 1183.08
threshold=16.949650000000002 188.50000000000003 0.37470294759032874 -0.95925624934520159 1393.1950000000004 33.040300000000009 0.83010350000000011 0.016211700000000002 1.0000000180025095e-35 69.187850000000012 20.885650000000002 479.71650000000005 67.477232142857147 -0.83451906942723431
decision_type=2 8 2 2 2 2 2 2 2 2 2 2 8 2
left_child=1 2 -1 -4 9 7 -7 -3 11 13 -10 -6 -11 -2
right_child=4 5 3 -5 8 6 -8 -9 10 12 -12 -13 -14 -15
leaf_value=0.59692761160198016 0.15321958487828574 0.50033444163683916 -0.063861253676184421 0.16164209977271488 -0.0074115514620860046 0.80466282899982955 0.25290332386228775 0.079559254284203046 -0.19162971777777643 -0.04479996700338619 -0.11010796568440955 -0.090642953655675762 0.20428257736137934 0.42934912972016764
leaf_weight=75 44 56 170 848 320 82 26 39 542 148 614 1659 27 21
leaf_count=25 22 28 75 305 90 60 12 21 276 74 227 447 24 11
internal_value=-0.0068971 0.213577 0.156929 0.123956 -0.0915982 0.516303 0.675398 0.330255 -0.103516 0.0638518 -0.148465 -0.0771967 -0.0054107 0.24763
internal_weight=4671 1296 1093 1018 3375 203 108 95 3135 240 1156 1979 175 65
internal_count=1697 526 405 380 1171 121 72 49 1040 131 503 537 98 33
is_linear=0
shrinkage=0.03


Tree=55
num_leaves=14
num_cat=0
split_feature=11 72 78 125 96 84 118 28 95 96 4 137 81
split_gain=112068 20227.9 19461.8 11526.2 11697.9 8892.5 4405.55 4245.8 4166.07 3973.49 2333.79 2209.19 1763.53
threshold=270.52750000000003 106.71300000000001 0.56551202946476731 39.928571428571438 37.230900000000005 302.65566666666678 51.014309523809537 44.460300000000011 0.010982250000000001 20.812900000000003 20.321333779556415 1.0000000180025095e-35 1.079000000000008
decision_type=2 2 2 10 2 2 8 2 2 2 2 2 2
left_child=2 6 5 4 -4 -1 12 -8 -7 11 -11 -3 -2
right_child=1 9 3 -5 -6 8 7 -9 -10 10 -12 -13 -14
leaf_value=0.9434973937443325 -0.054002515062978186 -0.10455488272624641 0.16864976395072179 -0.215967131746503 0.4186787094077285 0.15373383166338944 0.22100018118241349 -0.13246597836613655 0.528753740855332 -0.086556629394997642 -0.0016266249580943434 -0.18104572365721125 0.1256744924287001
leaf_weight=41 154 808 548 51 244 36 258 34 115 1525 360 595 71
leaf_count=14 57 207 192 26 87 13 122 20 42 450 163 292 21
internal_value=0.00386332 -0.0714369 0.280496 0.217932 0.246113 0.552624 0.102853 0.179521 0.440964 -0.0988658 -0.0703476 -0.137102 0.00298749
internal_weight=4840 3805 1035 843 792 192 517 292 151 3288 1885 1403 225
internal_count=1706 1332 374 305 279 69 220 142 55 1112 613 499 78
is_linear=0
shrinkage=0.03


Tree=56
num_leaves=14
num_cat=0
split_feature=113 63 72 96 45 55 12 77 87 96 1 114 67
split_gain=109538 19434.4 13684.1 11749 8820.1 8824.97 7127.24 6019.38 4795.41 4723.2 4209.83 3528.69 1398.85
threshold=63.621000000000009 2.9961550000000003 106.71300000000001 49.171900000000001 0.38122850000000003 0.21688500000000002 260.55500000000012 0.23401271973572371 56.343650000000004 18.240650000000006 79.161150000000006 29.426000000000005 27.949450000000002
decision_type=10 2 2 2 2 2 2 2 2 2 2 8 2
left_child=2 4 6 7 5 -2 -1 -3 -6 12 -8 -11 -4
right_child=1 3 9 -5 8 -7 10 -9 -10 11 -12 -13 -14
leaf_value=0.51479448283463713 0.44933912308742663 -0.08293846709262101 -0.33002226696014397 0.6412495360851288 0.67299176999951194 0.1324461707727165 0.17323713444586722 0.16081107671483816 0.38105763320989755 -0.10696339583110993 -0.024631638772265856 -0.036505198629717274 -0.1546215302926302
leaf_weight=31 162 116 44 39 120 156 154 416 97 1470 257 1135 599
leaf_count=15 79 44 25 20 41 43 81 163 32 463 92 375 258
internal_value=0.00549356 0.267234 -0.0730081 0.145113 0.397054 0.294794 0.0834542 0.107601 0.544856 -0.0943201 0.0497422 -0.0762917 -0.167123
internal_weight=4796 1106 3690 571 535 318 442 532 217 3248 411 2605 643
internal_count=1731 422 1309 227 195 122 188 207 73 1121 173 838 283
is_linear=0
shrinkage=0.03


Tree=57
num_leaves=15
num_cat=0
split_feature=11 78 77 73 111 84 130 53 72 118 90 76 97 118
split_gain=105448 18222.5 11541.3 9976.83 9842.77 8000.82 5043.7 4934.29 4066.67 3247.04 2184.7 1331.85 1303.11 1279.73
threshold=273.88400000000007 0.56551202946476731 0.23401271973572371 284.34500000000008 0.15243324482300005 284.26749999999998 196.16666666666671 0.71099500000000015 36.321000000000005 27.913642857142857 1344.3300000000002 -0.28180546746910201 24.358400000000007 49.413428571428575
decision_type=2 2 2 2 2 2 8 2 2 10 2 2 2 10
left_child=1 5 6 8 -4 -1 -3 -7 11 12 -10 -2 -5 -11
right_child=3 2 4 9 -6 7 -8 -9 10 13 -12 -13 -14 -15
leaf_value=0.94370534503075376 0.14952000039976998 -0.06299792604270528 0.189460000753948 -0.30103268317381537 0.44290730525453881 0.1156300296027486 0.33006717035089217 0.49104036362697745 0.1119013804925368 -0.067439126193865231 -0.024978979491138122 0.43832983473631049 -0.11737241668489777 0.036326669814854357
leaf_weight=30 36 182 607 35 179 40 34 162 148 1176 354 25 1640 117
leaf_count=12 18 80 211 17 66 15 18 70 70 335 147 14 583 54
internal_value=0.0115791 0.250191 0.194359 -0.0718565 0.247672 0.489448 9.55322e-05 0.417652 0.043861 -0.0938153 0.0155125 0.273094 -0.121389 -0.0580265
internal_weight=4765 1234 1002 3531 786 232 216 202 563 2968 502 61 1675 1293
internal_count=1710 472 375 1238 277 97 98 85 249 989 217 32 600 389
is_linear=0
shrinkage=0.03


Tree=58
num_leaves=15
num_cat=0
split_feature=127 63 72 30 96 96 57 76 106 113 65 115 134 111
split_gain=86655.4 14677.5 13685.8 9473.17 8628.58 6998.86 5585.08 4992.02 3782.69 3397.79 3299.03 3026.23 2782.21 1662.08
threshold=156.50000000000003 3.0486050000000007 124.30600000000003 37.019183333333331 43.78090000000001 39.216350000000006 24.538000000000004 -0.99011432350530448 -0.14250824554987665 24.628500000000006 1157.7550000000003 50.178000000000004 83.609545112781973 0.21774755398600001
decision_type=10 2 2 2 2 2 2 2 2 8 2 8 10 2
left_child=2 3 5 12 7 10 -5 -3 -6 13 -1 -7 -2 -4
right_child=1 4 9 6 8 11 -8 -9 -10 -11 -12 -13 -14 -15
leaf_value=0.13617712310765601 0.38082295821607109 -0.17405711767151949 -0.23006916993558407 0.18356734506487846 0.6627912429264613 0.13135366290349226 0.50974326762786271 0.12023184799824575 0.20582134946654823 -0.066747156344616795 -0.032007860392988731 0.50357810454763641 0.11433050432886396 -0.11756057887168914
leaf_weight=162 47 59 134 59 34 38 272 386 33 2084 294 42 139 1046
leaf_count=77 25 25 82 33 20 13 91 153 14 687 114 22 47 344
internal_value=-0.000625722 0.243453 -0.0667671 0.356117 0.12921 0.0736205 0.45234 0.0809043 0.444097 -0.0898374 0.0279027 0.330613 0.183362 -0.130524
internal_weight=4829 1029 3800 517 512 536 331 445 67 3264 456 80 186 1180
internal_count=1747 408 1339 196 212 226 124 178 34 1113 191 35 72 426
is_linear=0
shrinkage=0.03


Tree=59
num_leaves=14
num_cat=0
split_feature=77 96 63 73 30 4 130 133 136 96 42 56 14
split_gain=79114 17078.4 14302.9 8863.63 7905.19 7392.73 5498.8 5138.46 4455.87 4054.46 3171.5 2991.62 1647.7
threshold=0.23401271973572371 40.731750000000012 3.2005500000000002 108.44700000000002 36.045366666666673 65.468382170519391 180.83333333333334 13.113061338054372 1.0000000180025095e-35 17.082750000000004 0.16675474226559764 0.065235500000000016 277.86378571428577
decision_type=2 2 2 2 2 2 8 10 2 2 2 2 2
left_child=3 2 5 6 -3 -2 10 -6 -4 12 -1 -11 -5
right_child=1 4 8 9 7 -7 -8 -9 -10 11 -12 -13 -14
leaf_value=0.38571167041944415 0.19749112942019564 0.09844914129330562 0.11101941133241731 -0.30556197776645422 0.69298264368487084 0.48962997230485084 0.52730421282236384 0.38029528451399369 -0.05886620611953735 -0.042968662378237564 0.0067995629131524958 -0.10555727051397681 -0.1422412271465574
leaf_weight=22 370 64 312 63 70 99 25 164 249 1469 147 1295 489
leaf_count=7 137 20 181 30 20 42 19 63 41 338 74 543 186
internal_value=-0.00103395 0.196107 0.13799 -0.0756573 0.395838 0.260075 0.120993 0.476398 0.0356397 -0.0871961 0.0581218 -0.0723216 -0.161405
internal_weight=4838 1328 1030 3510 298 469 194 234 561 3316 169 2764 552
internal_count=1701 504 401 1197 103 179 100 83 222 1097 81 881 216
is_linear=0
shrinkage=0.03


Tree=60
num_leaves=15
num_cat=0
split_feature=134 96 77 90 132 58 96 96 38 118 126 115 119 127
split_gain=83869.1 17577.1 12773.6 11317.6 8190.9 7910.24 7277.45 5233.26 4637.79 4269.44 4159.28 3021.59 2542.81 2239.01
threshold=67.990031250000015 40.731750000000012 0.30702689860304938 510.93550000000005 173.78571428571431 22.605800000000006 22.001550000000005 24.385400000000004 0.44465250000000006 97.121785714285735 31.758966363378665 32.420500000000011 20.516074334301042 70.500000000000014
decision_type=10 2 2 2 8 2 2 2 2 8 8 8 10 10
left_child=2 3 7 -2 10 9 -5 13 -6 -3 -4 -9 -7 -1
right_child=1 5 4 6 8 12 -8 11 -10 -11 -12 -13 -14 -15
leaf_value=-0.16985845316966255 0.54755128005101139 0.25549049179305966 -0.27424755919320237 -0.10837522721905068 0.21600341745426779 0.8562327781677247 0.17460914097054739 -0.062209145018211467 0.79227797702550873 0.55636540458279271 0.066588547954116672 0.043004217828886117 0.49941170464243206 -0.091918468503365089
leaf_weight=414 64 148 34 96 37 44 529 719 19 61 407 372 41 1703
leaf_count=212 27 37 18 38 20 14 184 226 16 41 158 144 18 557
internal_value=0.00756123 0.253762 -0.0578101 0.170466 0.0835867 0.44772 0.131034 -0.0797362 0.422047 0.345551 0.0397431 -0.0263251 0.691962 -0.107235
internal_weight=4688 983 3705 689 497 294 625 3208 56 209 441 1091 85 2117
internal_count=1710 359 1351 249 212 110 222 1139 36 78 176 370 32 769
is_linear=0
shrinkage=0.03


Tree=61
num_leaves=15
num_cat=0
split_feature=116 65 96 87 65 108 11 79 96 107 96 73 136 72
split_gain=76255.3 17531.5 12457.7 11280.2 10055.7 7485.09 6371.26 5797.25 4828.96 4591.22 4001.63 2794.34 2238.85 2174.47
threshold=62.917916666666677 1258.9950000000001 38.085750000000012 55.764300000000006 1481.5650000000003 0.6078576107927941 257.02500000000003 9.0686500000000034 17.559850000000004 0.74298546529340237 22.569450000000003 37.840800000000009 1.0000000180025095e-35 323.29550000000006
decision_type=10 2 2 2 2 2 2 2 2 2 2 2 2 2
left_child=4 3 8 5 9 -2 -5 -4 -3 11 12 -1 -6 -12
right_child=1 2 7 6 10 -7 -8 -9 -10 -11 13 -13 -14 -15
leaf_value=0.47337212210435131 0.41976597873642019 -0.362558223928724 0.17798435727187564 0.38021636196058622 -0.13975840744640625 0.85634303693337877 0.053622078642864855 0.56480667409589214 0.047235492089599887 0.36085387523018791 -7.9233980753097027e-05 0.024957391824761199 -0.074061387838386908 -0.074146803756208413
leaf_weight=11.999999999999998 218 27 83 97 1033 43 120 61 341 45 601 336 860 877
leaf_count=8 84 10 34 36 526 21 52 27 127 30 214 157 122 256
internal_value=-0.00271608 0.231427 0.109112 0.361934 -0.0643458 0.494698 0.200699 0.344632 0.0162599 0.0791111 -0.0810898 0.0417406 -0.109968 -0.0440511
internal_weight=4754 990 512 478 3764 261 217 144 368 393 3371 348 1893 1478
internal_count=1704 391 198 193 1313 105 88 61 137 195 1118 165 648 470
is_linear=0
shrinkage=0.03


Tree=62
num_leaves=14
num_cat=0
split_feature=14 72 78 119 13 77 82 38 78 72 96 132 55
split_gain=76931.2 15823.1 14316.8 8934.5 9201.27 6732.12 5954.04 4516.75 5176.68 3101.85 1758.71 1689.09 1599.59
threshold=269.43857142857149 106.71300000000001 0.45012427727886845 28.426238269002944 1.9896461752824386 0.23401271973572371 585.41483333333406 -0.11224749999999999 0.86935540612590112 358.20200000000006 20.885650000000002 73.928571428571445 0.21199000000000004
decision_type=2 2 2 8 2 2 2 2 2 2 2 8 2
left_child=2 7 6 5 -5 -4 -1 -2 -9 10 -3 -11 -8
right_child=1 9 3 4 -6 -7 12 8 -10 11 -12 -13 -14
leaf_value=0.96586989740224971 -0.25800711674988269 -0.092476098108877025 -0.12117536581584384 0.74450338540357708 0.23674061100249702 0.19052228952208014 0.54928434711032448 0.18959427685627511 0.0059808301299570064 -0.16114979813225092 -0.01743271832568145 -0.089324260185406595 0.28638759027208599
leaf_weight=25 31 419 69 50 91 592 53 313 247 358 852 1712 41
leaf_count=9 15 197 30 22 46 186 28 143 89 154 325 484 7
internal_value=0.00396309 -0.0538575 0.250609 0.204546 0.420794 0.157847 0.556735 0.089121 0.108768 -0.0791695 -0.0422273 -0.10182 0.43887
internal_weight=4853 3932 921 802 141 661 119 591 560 3341 1271 2070 94
internal_count=1735 1407 328 284 68 216 44 247 232 1160 522 638 35
is_linear=0
shrinkage=0.03


Tree=63
num_leaves=13
num_cat=0
split_feature=77 127 72 89 120 107 114 114 56 57 96 65
split_gain=68045.7 17310.4 12220.1 11765.9 10186 5963.78 5482.23 4674.61 3660.07 3258.78 2142.01 2097.44
threshold=0.30702689860304938 183.50000000000003 70.585200000000015 247.83450000000002 12.2155 0.95178258287705175 97.753000000000014 82.89200000000001 0.065235500000000016 69.136500000000026 20.086500000000004 2467.6750000000006
decision_type=2 10 2 2 10 2 8 10 2 2 2 2
left_child=2 3 5 -2 -5 7 -3 -1 11 -8 -10 -4
right_child=1 6 8 4 -6 -7 9 -9 10 -11 -12 -13
leaf_value=0.14467278019024665 0.80211679267883296 0.64883482796412251 0.0038195380475706678 0.15466054871294482 -0.23426446752548216 0.47021091121289782 0.43428627750277521 -0.20981486241306577 -0.16131289485239328 0.11093609374364218 -0.087566810383816238 -0.069747582151651541
leaf_weight=165 23 77 500 919 64 40 81 41 517 44 1146 1151
leaf_count=75 8 28 159 331 33 13 52 15 261 12 460 257
internal_value=0.00200824 0.196471 -0.0640137 0.145294 0.129123 0.139604 0.449353 0.0734322 -0.0791668 0.322275 -0.110578 -0.0474774
internal_weight=4768 1208 3560 1006 983 246 202 206 3314 125 1663 1651
internal_count=1704 464 1240 372 364 103 92 90 1137 64 721 416
is_linear=0
shrinkage=0.03


Tree=64
num_leaves=15
num_cat=0
split_feature=132 127 105 77 63 77 131 77 32 136 94 125 117 92
split_gain=60753.8 11374.3 10197.5 8394.9 6038.62 5962.79 6549.79 3790.93 3727.65 3661.84 3129.71 2267.48 1967.03 1458.8
threshold=151.85714285714289 181.50000000000003 0.014665600000000003 0.56341939648597106 3.5372900000000005 0.2239751656974556 0.70710678118659798 0.60422875244188978 38.530757142857148 1.0000000180025095e-35 0.18089350000000001 71.414978571428591 4.3665108471296739 0.00065143550000352503
decision_type=8 10 2 2 2 2 8 2 2 2 2 8 8 2
left_child=4 5 7 -4 8 10 -7 -3 12 -6 -2 -10 -1 -11
right_child=1 2 3 -5 9 6 -8 -9 11 13 -12 -13 -14 -15
leaf_value=-0.075094198710508472 -0.20652458499607285 0.69530920335520863 -0.0083910720538585733 0.40523647140498675 -0.11500775084722858 1.2517168001174925 0.15922318595621321 0.3570188669806621 -0.041804391417010076 0.038451216383485601 0.055111815992138671 0.2725637864376369 0.053287374814161265 -0.059724001721431642
leaf_weight=220 56 68 93 83 1588 3.9999999999999991 674 60 28 150 147 75 208 1415
leaf_count=69 26 28 32 38 781 4 236 36 15 24 102 42 100 196
internal_value=-0.00704931 0.179708 0.337733 0.187842 -0.0671551 0.124855 0.167507 0.540756 0.0263924 -0.0829139 -0.0177076 0.187495 -0.0127174 -0.0502938
internal_weight=4869 1185 304 176 3684 881 678 128 531 3153 203 103 428 1565
internal_count=1729 502 134 70 1227 368 240 64 226 1001 128 57 169 220
is_linear=0
shrinkage=0.03


Tree=65
num_leaves=15
num_cat=0
split_feature=127 63 63 30 96 103 14 36 96 23 103 107 118 9
split_gain=68632.5 12952.3 12452.8 9123.47 7141.11 7015.52 5563.51 4149.68 3679.91 2914.38 2756.85 2738.38 2271.85 1542.97
threshold=160.50000000000003 3.3872000000000004 2.9961550000000003 38.252183333333342 38.085750000000012 29.971916666666683 260.51578571428576 0.21030200000000002 19.454400000000003 80.855457142857134 36.614166666666677 0.84658398682345093 27.913642857142857 274.54700000000008
decision_type=10 2 2 2 2 2 2 2 2 2 2 2 10 2
left_child=1 6 3 9 7 -5 -1 -4 13 -2 -8 -6 -10 -3
right_child=2 8 4 5 11 -7 10 -9 12 -11 -12 -13 -14 -15
leaf_value=0.39707895542780558 0.31930820368999435 -0.28290254085746247 -0.17302013073184272 0.21516943689493032 0.53288149034626342 0.56062744139061593 0.07088821559057816 0.094805797543783904 -0.089044272957658932 0.094750648220054426 -0.1702142871147061 0.21865425815122821 -0.029981555842421792 -0.12056379852180189
leaf_weight=44 92 56 65 77 33 182 468 246 1171 121 46 107 1176 838
leaf_count=22 38 32 23 30 19 64 220 93 394 42 17 38 367 329
internal_value=0.000118149 -0.0562678 0.232011 0.339624 0.118879 0.459158 0.0771289 0.0384446 -0.0792522 0.192796 0.0490165 0.295997 -0.0594767 -0.131041
internal_weight=4722 3799 923 472 451 259 558 311 3241 213 514 140 2347 894
internal_count=1728 1381 347 174 173 94 259 116 1122 80 237 57 761 361
is_linear=0
shrinkage=0.03


Tree=66
num_leaves=15
num_cat=0
split_feature=59 111 63 55 92 132 134 118 134 63 9 86 39 10
split_gain=58078.4 14244.5 11307.4 10290.6 7690.71 5096.4 5082.03 4311.79 3332.66 2543.98 3008.2 2048.54 1345.69 1080.2
threshold=16.163350000000005 0.15243324482300005 3.6220100000000004 0.21844000000000002 0.0060295275000035531 168.61904761904765 66.741666666666688 28.948478571428577 53.230075000000006 3.5372900000000005 259.86650000000003 23.932850000000006 -0.58275949999999976 277.60825000000006
decision_type=2 2 2 2 2 8 8 8 8 2 2 2 2 2
left_child=1 2 3 -1 6 -4 -3 12 -6 10 -9 -11 -2 -14
right_child=7 4 5 -5 8 -7 -8 9 -10 11 -12 -13 13 -15
leaf_value=0.33881189564871339 -0.23310413039316893 0.067407000972378645 -0.08714784672084977 0.078727607802494423 0.37296256113701287 0.10992105496051637 0.48871222575813533 0.51365198707580562 -0.002278698576533276 -0.23901100860536098 0.02950267325228528 -0.038949237179102585 -0.19917536942775432 -0.084680504403544243
leaf_weight=264 60 30 254 285 30 219 199 10.999999999999998 68 47 315 1180 77 1829
leaf_count=133 22 15 93 71 16 88 79 6 30 25 154 362 41 601
internal_value=-0.000246747 0.167042 0.111695 0.20419 0.339145 0.00412855 0.434065 -0.0644066 0.115168 -0.0270154 0.047369 -0.0468034 -0.0939127 -0.0894095
internal_weight=4868 1349 1022 549 327 473 229 3519 98 1553 326 1227 1966 1906
internal_count=1736 525 385 204 140 181 94 1211 46 547 160 387 664 642
is_linear=0
shrinkage=0.03


Tree=67
num_leaves=12
num_cat=0
split_feature=61 113 60 45 92 107 131 96 92 96 92
split_gain=53964.1 14238.8 10150.4 8595.9 8453.51 7996.63 3711.24 2810.25 2718.42 1846.13 1341.12
threshold=1.8263850000000004 67.59950000000002 49.196600000000011 0.42933000000000004 1.862649999888978e-06 0.96177147954086928 37.139367365977527 24.420650000000006 0.24144091623999914 13.399650000000001 2.1540560000000002
decision_type=2 8 2 2 2 2 8 2 2 2 2
left_child=1 6 3 -3 -4 7 8 9 -1 -2 -9
right_child=5 2 4 -5 -6 -7 -8 10 -10 -11 -12
leaf_value=0.076911321141662881 -0.21131687229084517 0.051334554034880346 0.42709635096556176 0.44512249138707016 0.129716738087232 0.28960344792667186 0.31490787987275554 -0.020833678253016241 -0.064371651042750805 -0.082625548841994384 -0.13431038716001417
leaf_weight=355 105 276 307 60 121 56 43 1052 186 2068 102
leaf_count=128 51 100 125 26 61 17 25 327 72 722 39
internal_value=0.00112613 0.161567 0.246735 0.122775 0.343529 -0.0628316 0.0499126 -0.06885 0.0283025 -0.0889397 -0.0309739
internal_weight=4731 1348 764 336 428 3383 584 3327 541 2173 1154
internal_count=1693 537 312 126 186 1156 225 1139 200 773 366
is_linear=0
shrinkage=0.03


Tree=68
num_leaves=15
num_cat=0
split_feature=59 63 113 53 118 46 115 64 137 81 11 37 38 97
split_gain=54922.1 15996.9 7807.48 6651.02 6336.44 5323.56 5264.65 2816.68 2738.56 2654.18 1656.74 1593.68 1446.75 1222.91
threshold=17.168200000000002 3.1160800000000006 120.46000000000002 0.22800250000000002 97.121785714285735 0.28565750000000006 89.065500000000014 464.14550000000003 1.0000000180025095e-35 0.87399999999996691 273.72550000000007 0.28429200000000004 -0.53674399999999989 64.451750000000018
decision_type=2 2 8 2 8 2 8 2 2 2 2 2 2 2
left_child=1 2 5 11 -5 -1 -4 9 12 -2 -11 -3 -9 -10
right_child=7 3 6 4 -6 -7 -8 8 13 10 -12 -13 -14 -15
leaf_value=0.32505405014778072 -0.043712217289032212 0.0464687247633934 0.27200885522365564 0.048387540183026628 0.28788168609514836 0.13969738822278724 0.69592333449815447 -0.16626385908617691 -0.14490669162656508 0.3662851081689199 0.060736854176521297 -0.26409958627726882 -0.049710756693590576 -0.070476233998090027
leaf_weight=240 510 19 53 541 121 338 56 101 612 17 149 63 1663 299
leaf_count=97 236 10 17 189 73 111 33 42 264 10 59 28 426 119
internal_value=0.00191315 0.157431 0.261716 0.0609095 0.0925349 0.217096 0.494174 -0.0645249 -0.0783473 -0.00978919 0.0940519 -0.19241 -0.0564763 -0.120585
internal_weight=4782 1431 687 744 662 578 109 3351 2675 676 166 82 1764 911
internal_count=1714 558 258 300 262 208 50 1156 851 305 69 38 468 383
is_linear=0
shrinkage=0.03


Tree=69
num_leaves=15
num_cat=0
split_feature=14 59 78 42 77 102 4 5 2 0 61 67 128 12
split_gain=53216.7 9875.47 9806.23 6525.96 6161.07 5434.66 5337.43 4684.08 5100.5 3136.73 3131.87 2067.63 1587.73 1341.46
threshold=269.43857142857149 16.816600000000005 0.56551202946476731 0.24147374258025389 0.23401271973572371 29.602500000000003 22.648899736496574 131.84284285714287 120.50100000000002 129.29350000000002 1.7019500000000003 30.066500000000001 90.500000000000014 287.87600000000003
decision_type=2 2 2 2 2 2 2 2 2 2 2 2 8 2
left_child=2 5 7 6 -5 9 -4 -1 -9 -2 -7 13 -13 -3
right_child=1 11 3 4 -6 10 -8 8 -10 -11 -12 12 -14 -15
leaf_value=0.68893850926730948 -0.087442013600468632 -0.13690470902099194 0.093582791797492806 -0.20268239862214435 0.14022617972575263 0.24156286879793365 0.37530083727836611 0.051123932617051261 0.45844061371375777 0.14803843006449685 0.025198130039374034 -0.062988546437307502 -0.012053136864117815 -0.049530251536846155
leaf_weight=45 179 441 91 54 333 187 185 41 86 70 89 1748 805 249
leaf_count=20 78 207 31 26 122 88 69 14 32 41 36 524 299 99
internal_value=0.00814702 -0.039885 0.224687 0.171847 0.0919717 0.0807145 0.2831 0.426178 0.328395 -0.0209033 0.172147 -0.0594282 -0.04694 -0.105496
internal_weight=4603 3768 835 663 387 525 276 172 127 249 276 3243 2553 690
internal_count=1686 1372 314 248 148 243 100 66 46 119 124 1129 823 306
is_linear=0
shrinkage=0.03


Tree=70
num_leaves=14
num_cat=0
split_feature=127 78 89 127 60 65 80 21 39 127 57 92 80
split_gain=43860.3 11981.3 7365.87 6261.36 6304.4 4751.44 4170.65 3752.62 2852.09 2462.3 2142.47 1436.68 818.419
threshold=156.50000000000003 0.56551202946476731 267.89800000000008 188.50000000000003 61.704150000000006 1512.8850000000002 1.3599999999999997 -40.369099999999982 0.66558283333333346 66.500000000000014 72.678000000000011 0.00047517164500299761 5.2342000000000022
decision_type=8 2 2 10 2 2 2 2 2 10 2 2 2
left_child=5 2 -2 4 -3 7 -4 -1 -5 12 -9 -11 -7
right_child=1 3 6 8 -6 9 -8 10 -10 11 -12 -13 -14
leaf_value=0.34345270904813491 0.78601737112157488 0.13935112825012644 0.54897047649111064 0.40994646741043439 -0.051274730992039969 -0.12042510689524086 0.19481596378731517 -0.02541157290065655 0.12280318649025523 -0.0046051854409169457 0.14040473365281758 -0.06493600438334643 -0.25097229899904305
leaf_weight=34 33 572 41 87 214 131 112 267 50 413 94 2551 67
leaf_count=16 14 210 23 51 133 52 46 137 20 155 25 782 36
internal_value=0.000198086 0.164838 0.383966 0.120309 0.0874474 -0.0511643 0.292688 0.0468409 0.306821 -0.0634191 0.0180253 -0.056535 -0.165654
internal_weight=4666 1109 186 923 786 3557 153 395 137 3162 361 2964 198
internal_count=1700 497 83 414 343 1203 69 178 71 1025 162 937 88
is_linear=0
shrinkage=0.03


Tree=71
num_leaves=15
num_cat=0
split_feature=116 61 120 136 133 88 72 56 75 46 96 95 47 94
split_gain=50024.3 13426.9 12142.7 7441.19 5581.93 5834.28 4556.42 2596.24 2833.4 2067.24 1810.37 1788.05 1480.52 1214.28
threshold=62.917916666666677 2.1520300000000003 151.59500000000003 1.0000000180025095e-35 14.717980615790154 2.9149800000000003 74.418750000000003 0.065235500000000016 11.175500000000001 0.24662750000000003 18.905800000000003 0.034109050000000009 0.28672850000000005 0.20126750000000002
decision_type=8 2 8 2 8 2 2 2 2 2 2 2 2 2
left_child=6 2 11 -4 12 -6 9 10 -9 -1 -8 -2 -3 -11
right_child=1 4 3 -5 5 -7 7 8 -10 13 -12 -13 -14 -15
leaf_value=0.21155456200003622 -0.33509308286146683 -0.32509147601378585 0.32563936484338873 0.15044957233280332 0.31468434318568966 -0.082463655973302907 -0.091239199091356846 0.31138402712345126 -0.09037361250474546 -0.18419873080046281 -0.017016599098138394 -0.011678376698493958 0.0012281559916103586 0.055131651317168559
leaf_weight=74 32 56 514 384 53 86 379 14.999999999999998 1601 22 1338 29 15.999999999999998 111
leaf_count=31 16 21 299 53 24 56 121 10 682 7 316 15 15 46
internal_value=0.00553481 0.175513 0.223142 0.250979 -0.0409798 0.0701115 -0.0506771 -0.0591648 -0.0864523 0.0855998 -0.0334454 -0.184055 -0.253511 0.0144416
internal_weight=4710 1170 959 898 211 139 3540 3333 1616 207 1717 61 72 133
internal_count=1712 499 383 352 116 80 1213 1129 692 84 437 31 36 53
is_linear=0
shrinkage=0.03


Tree=72
num_leaves=14
num_cat=0
split_feature=107 78 96 59 116 78 114 94 92 136 132 74 78
split_gain=40093.1 11815 8613.39 9054.01 6291.67 5944.61 3171.15 2994.07 3302.72 2769.42 2084.73 1119.1 755.699
threshold=0.71952396275653763 0.45012427727886845 17.559850000000004 4.4357350000000011 76.588083333333358 0.86935540612590112 92.350500000000025 0.19472450000000002 0.053850455350003226 1.0000000180025095e-35 165.08333333333334 0.03980970000000001 0.75057458315277947
decision_type=2 2 2 2 8 2 8 2 2 2 10 2 2
left_child=5 4 -3 -4 -2 7 -6 12 -9 10 -7 -11 -1
right_child=1 2 3 -5 6 9 -8 8 -10 11 -12 -13 -14
leaf_value=-0.18116683106496928 0.11128140311305587 -0.31455444496242618 -0.1376430063863377 0.17806945592888374 0.35742068958282469 -0.089828490587720786 0.75191074156761173 0.15701066468939609 -0.023591704983700966 -0.00025639676458929811 0.1716832741498947 -0.051523218705731892 -0.011596162483096121
leaf_weight=47 36 37 90 824 35 1656 47 246 144 657 27 919 47
leaf_count=20 13 18 34 316 11 867 25 105 70 96 14 130 18
internal_value=0.00207676 0.164026 0.128595 0.146862 0.44607 -0.0442066 0.589902 0.0538128 0.0904293 -0.0587766 -0.0855319 -0.0301668 -0.0974276
internal_weight=4812 1069 951 914 118 3743 82 484 390 3259 1683 1576 94
internal_count=1737 417 368 350 49 1320 36 213 175 1107 881 226 38
is_linear=0
shrinkage=0.03


Tree=73
num_leaves=13
num_cat=0
split_feature=77 127 50 134 78 131 78 131 39 130 67 3
split_gain=43012.1 10929.9 8300.17 6309.82 5395.14 5080.64 4091.22 3324.4 2635.9 3888.59 2506.14 636.558
threshold=0.23401271973572371 183.50000000000003 0.24020077857142855 111.39390000000002 0.37470294759032874 2.2153607101585426 0.78105990370474221 20.538577973426005 0.59192383333333376 173.83333333333334 30.066500000000001 151.21156666666664
decision_type=2 8 2 10 2 8 2 8 2 10 2 2
left_child=3 2 5 6 -4 -2 7 -1 9 -3 -8 -10
right_child=1 8 4 -5 -6 -7 10 -9 11 -11 -12 -13
leaf_value=0.010286144784822756 0.94317098154340462 0.18435715864184826 0.38623010125527013 0.28522657951354974 0.071981740868264074 0.29274388403170987 -0.11229818148965504 0.30284995168058765 0.28258146529793737 0.50006308007862255 -0.048449420957278957 0.095718665329421443
leaf_weight=146 12.999999999999998 53 51 49 932 56 703 45 29 114 2606 40
leaf_count=64 4 22 18 19 335 30 321 28 20 75 812 12
internal_value=0.00441528 0.152847 0.111247 -0.0494803 0.0886646 0.427054 -0.0542472 0.0804488 0.337019 0.401581 -0.0620449 0.177213
internal_weight=4837 1288 1052 3549 983 69 3500 191 236 167 3309 69
internal_count=1760 516 387 1244 353 34 1225 92 129 97 1133 32
is_linear=0
shrinkage=0.03


Tree=74
num_leaves=14
num_cat=0
split_feature=14 78 84 0 61 96 96 11 59 96 78 49 102
split_gain=43771.7 10396.2 7960.39 7691.26 6203.32 5683.32 5263.58 5640.21 4449.95 2159.19 1910.63 1622.75 796.254
threshold=268.80385714285717 0.56551202946476731 280.19066666666646 232.31250000000003 1.2267850000000002 18.127700000000004 26.951750000000001 279.24500000000006 12.426250000000001 16.434700000000003 0.86935540612590112 0.099496687488049157 12.393300000000002
decision_type=2 2 2 2 2 2 2 2 2 2 2 2 2
left_child=1 2 -1 5 6 -3 11 -8 -4 12 -11 -2 -6
right_child=4 3 8 -5 9 -7 7 -9 -10 10 -12 -13 -14
leaf_value=0.79772544813156121 -0.098168996323308624 -0.226565801177706 0.15771034786105154 0.50182668358939031 -0.23471937919694641 0.1345091413861832 0.28795345042522691 -0.0053219233060551579 0.50940350689078273 0.026102063703111238 -0.05608257210007539 0.085700680290162562 -0.10688107767870274
leaf_weight=35 154 41 87 48 51 616 132 106 52 279 2842 59 325
leaf_count=13 67 18 27 19 26 206 64 47 23 128 898 30 142
internal_value=-0.000799235 0.190534 0.39772 0.138904 -0.0434367 0.111662 0.0611752 0.157847 0.291999 -0.0569428 -0.0487288 -0.0470615 -0.124805
internal_weight=4827 879 174 705 3948 657 451 238 139 3497 3121 213 376
internal_count=1708 306 63 243 1402 224 208 111 50 1194 1026 97 168
is_linear=0
shrinkage=0.03


Tree=75
num_leaves=13
num_cat=0
split_feature=14 125 63 10 87 46 71 136 51 71 128 17
split_gain=36589.2 9692.2 8400.67 7583.38 7607.85 7108.51 4867.47 2972.73 2117.69 2023.36 1689.81 1057.99
threshold=267.89907142857146 24.56757142857143 3.5372900000000005 263.54850000000005 67.120450000000019 0.30052450000000003 37.902100000000011 1.0000000180025095e-35 0.12458055747157891 39.192850000000007 186.50000000000003 0.94650650000000003
decision_type=2 10 2 2 2 2 2 2 2 2 10 2
left_child=1 3 6 4 -1 -5 8 10 -2 -8 -4 -9
right_child=2 -3 7 5 -6 -7 9 11 -10 -11 -12 -13
leaf_value=0.21836893057174403 0.24697622209167483 -0.24964569761586741 -0.084864815459410894 0.74068164219967159 -0.061853924456632368 0.26255448938238207 -0.45277615118026732 -0.047284309985881061 0.082441664532724626 0.0022173436287895878 0.16908847066760063 0.0020685423346205128
leaf_weight=502 124 42 1758 42 105 86 7.9999999999999991 861 165 388 23 715
leaf_count=190 55 21 893 16 38 30 5 125 79 185 16 102
internal_value=0.000849307 0.189254 -0.0354052 0.214643 0.169869 0.423989 0.0602739 -0.0549417 0.153656 -0.00808423 -0.0814905 -0.0249049
internal_weight=4819 777 4042 735 607 128 685 3357 289 396 1781 1576
internal_count=1755 295 1460 274 228 46 324 1136 134 190 909 227
is_linear=0
shrinkage=0.03


Tree=76
num_leaves=15
num_cat=0
split_feature=113 92 136 63 132 63 58 30 96 64 14 36 64 114
split_gain=29951.4 7853.16 8493.87 5744.9 5086.22 4782.84 3787 2856.57 2681.79 2449.36 1839.85 1747.82 1691.79 1248.84
threshold=67.59950000000002 0.0020609219849995566 1.0000000180025095e-35 2.9961550000000003 173.07142857142858 3.5372900000000005 21.563900000000004 40.274783333333353 19.454400000000003 227.62750000000003 278.20971428571437 0.41735800000000006 423.17900000000003 24.118000000000006
decision_type=10 2 2 2 10 2 2 2 2 2 2 2 2 10
left_child=5 2 3 -2 -4 6 11 12 10 -8 -7 -1 -3 -10
right_child=1 7 4 -5 -6 8 9 -9 13 -11 -12 -13 -14 -15
leaf_value=0.061233119793371718 0.38516686826175262 0.20990927040961482 0.1714710324696132 0.16523859625230738 -0.059682078078697458 -0.23677156257033347 0.55783869429997035 -0.27211381265593737 -0.072959549731413789 -0.0068648590293285015 -0.085574817595967065 0.2953246938160487 -0.062324165562137233 -0.023815165875273638
leaf_weight=54 216 30 209 216 144 79 5.9999999999999991 40 652 554 819 62 60 1627
leaf_count=29 120 11 30 137 18 42 6 19 231 246 308 23 26 472
internal_value=-0.00316982 0.151028 0.186763 0.275845 0.0772656 -0.0398188 0.0326014 -0.0645134 -0.0552347 0.000163768 -0.099128 0.187831 0.0296968 -0.0379021
internal_weight=4768 915 785 432 353 3853 676 130 3177 560 898 116 90 2279
internal_count=1718 361 305 257 48 1357 304 56 1053 252 350 52 37 703
is_linear=0
shrinkage=0.03


Tree=77
num_leaves=15
num_cat=0
split_feature=10 73 63 12 113 81 36 27 40 72 71 31 97 60
split_gain=31001.6 9189.32 7355.54 7059.26 6542.54 8249.62 5120.41 3279.31 3240.92 3058.68 2620.37 2318.26 1952.18 1899.53
threshold=266.72800000000007 94.169150000000016 3.0940600000000003 262.12983333333341 93.988000000000014 -1.4159999999999398 0.50026150000000003 37.509850000000007 0.093988394921861909 36.321000000000005 18.039900000000006 2.1896814867086447 25.768400000000003 72.780850000000015
decision_type=2 2 2 2 10 2 2 2 2 2 2 2 2 2
left_child=1 3 7 6 8 -6 -1 10 -3 -4 -2 -5 -11 -9
right_child=2 4 9 11 5 -7 -8 13 -10 12 -12 -13 -14 -15
leaf_value=0.067602490064398987 0.46289681755412704 -0.17953593136092363 0.28951726007461548 0.72927076485577746 -0.30243853715969171 0.30349777915236659 0.36349904063982624 0.23686498877341336 0.060222230082701049 -0.15674474695964946 -0.012280463090625363 0.3885423999113195 -0.045634905387270476 -0.013022381462369646
leaf_weight=115 9.9999999999999982 58 23 33 22 177 97 137 362 148 206 50 3291 34
leaf_count=42 8 14 11 12 9 78 39 63 116 69 99 18 1136 11
internal_value=0.00305646 0.160021 -0.0342481 0.297583 0.0940832 0.235318 0.204074 0.089635 0.0267578 -0.0481192 0.0117364 0.531117 -0.0504616 0.187375
internal_weight=4763 914 3849 295 619 199 212 387 420 3462 216 83 3439 171
internal_count=1725 328 1397 111 217 87 81 181 130 1216 107 30 1205 74
is_linear=0
shrinkage=0.03


Tree=78
num_leaves=15
num_cat=0
split_feature=96 63 27 115 96 53 13 30 96 30 118 96 95 61
split_gain=25700.2 15000.3 9025.67 6439.22 5241.17 4146.64 3642.91 3774.85 2978.53 2856.08 2844.77 2647.08 1733.8 905.34
threshold=39.216350000000006 3.1160800000000006 39.833200000000012 71.01100000000001 49.171900000000001 0.96105400000000007 2.4394638218287219 37.019183333333331 18.082500000000003 38.163916666666687 97.121785714285735 42.909950000000009 0.030317500000000004 -2.1494349999999995
decision_type=2 2 2 8 2 2 2 2 2 2 8 2 2 2
left_child=1 2 9 -4 6 12 7 -2 13 -1 -10 -8 -6 -3
right_child=4 8 3 -5 5 -7 11 -9 10 -11 -12 -13 -14 -15
leaf_value=0.0028804406904830381 0.072697707605989356 0.025813755449838934 0.10878198098314218 0.46789909799396995 0.50408945820808404 0.76591873721893011 0.21488553953277212 0.45259826485078725 -0.036426360502843161 0.21625067469931167 0.087353151893203945 -0.017840326839877713 0.17769921521151938 -0.11042932476058075
leaf_weight=311 37 47 86 95 24 25 83 66 2741 68 177 92 40 592
leaf_count=140 14 20 40 38 14 14 34 24 884 34 105 39 17 252
internal_value=0.00243661 -0.0190288 0.125154 0.298821 0.24264 0.442309 0.177351 0.318169 -0.0417579 0.0416395 -0.0288898 0.093115 0.306014 -0.100379
internal_weight=4484 4117 560 181 367 89 278 103 3557 379 2918 175 64 639
internal_count=1669 1513 252 78 156 45 111 38 1261 174 989 73 31 272
is_linear=0
shrinkage=0.03


Tree=79
num_leaves=12
num_cat=0
split_feature=113 87 116 81 94 1 63 94 97 0 41
split_gain=23007.8 14136.7 7013.28 6269.62 4594.54 3394.44 3477.99 2444.99 1708.7 1559.79 232.851
threshold=83.256000000000014 69.384800000000013 34.111000000000011 -2.1410000000000191 0.31503300000000006 150.22800000000004 3.5130250000000003 0.18790550000000003 24.358400000000007 27.375800000000002 0.039987499999999974
decision_type=10 2 8 2 2 2 2 2 2 2 2
left_child=2 3 8 -2 -5 6 -4 -7 10 -10 -1
right_child=1 -3 5 4 -6 7 -8 -9 9 -11 -12
leaf_value=-0.13792200971795962 0.60364454380671173 -0.27751913479754797 0.11986319352311117 0.13879643385627485 0.34907625201770237 -0.19135928340460123 0.011192202134399403 -0.0037372167633603444 -0.080545423189857954 -0.033542681311120738 -0.2523804745674133
leaf_weight=38 35 56 404 375 125 94 768 183 1010 1719 36
leaf_count=17 12 21 184 146 58 39 291 78 354 536 24
internal_value=-0.00278212 0.172444 -0.0271729 0.219978 0.191964 0.0264011 0.048725 -0.0678769 -0.0548684 -0.0509626 -0.196267
internal_weight=4843 591 4252 535 500 1449 1172 277 2803 2729 74
internal_count=1760 237 1523 216 204 592 475 117 931 890 41
is_linear=0
shrinkage=0.03


Tree=80
num_leaves=12
num_cat=0
split_feature=118 27 46 78 69 87 72 111 72 121 113
split_gain=30785.3 12410.9 7744.75 7553.66 5993.09 4698.79 4132.33 3591.94 2666.14 2491.52 1662.73
threshold=69.498014285714305 39.915450000000007 0.103119 0.35488862062273169 4.580890000000001 48.732600000000005 40.136250000000011 0.16807250797400003 319.01850000000007 15.460000000000003 15.227500000000001
decision_type=8 2 2 2 2 2 2 2 2 10 10
left_child=6 2 -2 -4 5 -3 -1 -6 9 -8 -10
right_child=1 4 3 -5 7 -7 8 -9 10 -11 -12
leaf_value=0.18870379339967452 1.9292581329345704 0.65686450566636756 0.4609199424192309 0.037485942892504995 0.088344799430449733 0.30347526183745849 -0.0030344078314046446 0.34294340956242131 -0.17240732530646086 -0.23010147358576455 -0.057898771084834523
leaf_weight=69 0.999999999999999 46 39 735 166 138 1299 71 120 44 2120
leaf_count=27 1 22 18 320 58 51 522 36 62 23 602
internal_value=0.00363798 0.135676 0.0642925 0.0593928 0.266612 0.394912 -0.0396279 0.16575 -0.0440773 -0.0106416 -0.0641087
internal_weight=4848 1196 775 774 421 184 3652 237 3583 1343 2240
internal_count=1742 506 339 338 167 73 1236 94 1209 545 664
is_linear=0
shrinkage=0.03


Tree=81
num_leaves=11
num_cat=0
split_feature=61 127 84 130 40 91 132 118 20 37
split_gain=23107.9 7896.07 7380.13 4235.27 4031.41 3132.62 2083.52 2227.02 1947.43 1204.61
threshold=1.9166500000000002 188.50000000000003 256.45416666666671 189.83333333333334 0.57981293704910775 1011.5650000000002 163.63333333333335 27.913642857142857 162.94100000000003 0.43852500000000005
decision_type=2 8 2 10 2 2 10 10 2 2
left_child=1 2 -1 6 -4 9 7 -2 -7 -3
right_child=3 5 4 -5 -6 8 -8 -9 -10 -11
leaf_value=0.59369133654236794 -0.064828471341042332 0.27920033903230318 0.088929190175462733 0.21547533914917391 -0.051427521201683889 0.32235063021476951 -0.20397213226475125 -0.014621896202081265 0.67159174082279205 0.093825570376613474
leaf_weight=23 1732 54 962 56 227 72 72 1471 19 78
leaf_count=7 631 35 353 19 84 32 28 462 17 35
internal_value=0.00239575 0.102998 0.0726809 -0.040961 0.0621095 0.266699 -0.0454112 -0.0417834 0.401809 0.171212
internal_weight=4766 1435 1212 3331 1189 223 3275 3203 91 132
internal_count=1703 563 444 1140 437 119 1121 1093 49 70
is_linear=0
shrinkage=0.03


Tree=82
num_leaves=14
num_cat=0
split_feature=14 119 121 27 61 128 17 48 113 42 11 136 1
split_gain=24140.8 8257.75 5505.39 8195.38 4657.07 4018.19 2754.5 2712.27 2421.18 2415.06 2241.62 1649.63 332.903
threshold=268.80385714285717 31.444212119287126 12.2155 39.915450000000007 4.1999600000000008 255.00000000000003 0.99852450000000015 0.35010833333333363 68.908000000000015 0.21875555371480099 277.65000000000003 1.0000000180025095e-35 70.07480000000001
decision_type=2 8 10 2 2 8 2 2 8 2 2 2 2
left_child=1 2 3 -1 6 7 9 -3 -8 -2 12 -12 -6
right_child=4 5 -4 -5 10 -7 8 -9 -10 -11 11 -13 -14
leaf_value=0.066129611093025273 0.29059447028338908 0.70830604028701782 -0.17547406802610915 0.2822928254298675 -0.15216274094870011 0.060987498417496677 0.018352016379017601 0.32545973870628758 0.13401258858161813 -0.043723441805622799 -0.075089250971814389 -0.022746738119285646 -0.27654342194164494
leaf_weight=488 19 35 54 233 61 23 811 37 203 714 1100 1070 33
leaf_count=156 10 24 27 74 41 21 323 16 112 276 504 145 13
internal_value=0.00389071 0.147052 0.114359 0.136284 -0.0271896 0.409752 0.009607 0.51876 0.0416191 -0.0346694 -0.0555764 -0.0493036 -0.198311
internal_weight=4881 870 775 721 4011 95 1747 72 1014 733 2264 2170 94
internal_count=1742 318 257 230 1424 61 721 40 435 286 703 649 54
is_linear=0
shrinkage=0.03


Tree=83
num_leaves=13
num_cat=0
split_feature=72 64 42 77 81 113 113 80 76 134 136 41
split_gain=22829.1 8389.71 6952.16 6605.79 5922.91 5916.38 4445.04 2563.03 2556.37 2139.84 1681.41 1304.69
threshold=77.129500000000021 227.62750000000003 0.23930616846445382 0.23401271973572371 1.1130000000000566 98.920500000000018 87.523500000000013 3.3081000000000018 0.69791846925875289 60.54023333333334 1.0000000180025095e-35 0.2643597857142857
decision_type=2 2 2 2 2 10 10 2 2 10 2 2
left_child=1 -1 8 7 6 -4 -5 10 -3 -9 -2 -6
right_child=3 2 5 4 11 -7 -8 9 -10 -11 -12 -13
leaf_value=0.52179216619900293 -0.057845937278940086 0.18477685564284174 -0.0019439810065191179 0.038342872575577773 -0.25833485332557132 0.25597045845508576 0.21763943894658772 -0.075576085380383393 0.40110596671429544 -0.26251996532801919 -0.0038764709565636177 -0.063144767795219894
leaf_weight=48 1005 212 401 433 41 99 174 1198 65 57 1075 120
leaf_count=21 458 85 142 169 16 53 71 494 26 25 148 45
internal_value=-0.00319639 0.140702 0.116515 -0.0321583 0.0471185 0.0495261 0.0900176 -0.0504242 0.236811 -0.0842714 -0.0299698 -0.114158
internal_weight=4928 825 777 4103 768 500 607 3335 277 1255 2080 161
internal_count=1753 327 306 1426 301 195 240 1125 111 519 606 61
is_linear=0
shrinkage=0.03


Tree=84
num_leaves=10
num_cat=0
split_feature=61 96 4 120 64 75 6 111 82
split_gain=19331.7 8318.24 6632.91 5871.5 5679.29 4024.67 2598.16 2163.81 1836.14
threshold=1.7019500000000003 49.171900000000001 62.706970233651241 81.097500000000011 309.34850000000006 15.238000000000001 93.291533614078588 0.070260241630000012 772.01916666666398
decision_type=2 2 2 8 2 2 2 2 2
left_child=1 2 3 -1 -4 -3 7 -2 -9
right_child=6 5 4 -5 -6 -7 -8 8 -10
leaf_value=-0.29938764934106304 -0.29533456833809613 0.19306044651960069 0.49125889844848558 0.055038460828294264 0.13848200714237549 0.58985683899390995 0.16822316628032258 0.19062956977659656 -0.041394454684400603
leaf_weight=43 29 56 51 962 203 40 53 30 3404
leaf_count=24 12 28 21 373 83 20 25 11 1147
internal_value=-0.0012287 0.0950017 0.0743078 0.0395885 0.210976 0.3628 -0.0383314 -0.0415412 -0.0393117
internal_weight=4871 1355 1259 1005 254 96 3516 3463 3434
internal_count=1744 549 501 397 104 48 1195 1170 1158
is_linear=0
shrinkage=0.03


Tree=85
num_leaves=14
num_cat=0
split_feature=113 72 91 94 86 102 61 106 119 6 62 82 111
split_gain=19154.9 7145.33 6925.16 8605.53 4219.87 4192.4 3556.64 3308.91 3052.35 2554.94 2537.89 2445.29 2207.34
threshold=82.596500000000006 40.136250000000011 1012.1050000000001 0.31003550000000007 18.008300000000002 23.032750000000004 3.1676600000000006 -0.52766804058324157 26.05769146476592 68.469991948935203 -2.3595799999999998 772.01916666666398 0.067454100886000026
decision_type=10 2 2 2 2 2 2 2 10 2 2 2 2
left_child=1 10 3 6 -4 -6 -2 -5 12 -10 -1 -12 -3
right_child=2 8 4 7 5 -7 -8 -9 9 -11 11 -13 -14
leaf_value=0.46977133344567334 0.059493451479490957 -0.21169292173331433 0.72629606494903554 0.57529248587290438 0.65531426075526633 0.19669001743708336 -0.21512627700805662 0.19331995367659971 0.0073491551413119409 0.26265392916566793 0.47074790981411935 0.072141196548391906 -0.036575233643643519
leaf_weight=22 280 65 19 35 20 139 49 51 102 53 14.999999999999998 108 3690
leaf_count=7 107 24 10 22 9 69 17 25 37 25 8 48 1304
internal_value=-0.00328133 -0.0265825 0.155826 0.0882873 0.3119 0.258133 0.0180556 0.353634 -0.0342694 0.0957902 0.179494 0.12418 -0.0396629
internal_weight=4648 4055 593 415 178 159 329 86 3910 155 145 123 3755
internal_count=1712 1453 259 171 88 78 124 47 1390 62 63 56 1328
is_linear=0
shrinkage=0.03


Tree=86
num_leaves=14
num_cat=0
split_feature=113 78 53 96 64 96 53 81 113 103 96 55 61
split_gain=22472.9 10024.7 5952.35 5575.21 4986.27 3984.85 3043.15 1958.79 1928.13 1713.77 1688.17 1643.42 95.8712
threshold=63.621000000000009 0.53075993927071485 0.089820750000000019 49.171900000000001 248.93550000000002 26.156050000000004 0.74759150000000008 3.2250000000000232 13.319000000000001 37.01965000000002 16.2514 0.20423000000000002 6.0257600000000009
decision_type=8 2 2 2 2 2 2 2 10 2 2 2 2
left_child=5 4 11 -4 -2 8 -6 9 12 -7 -10 -3 -1
right_child=1 2 3 -5 6 7 -8 -9 10 -11 -12 -13 -14
leaf_value=-0.17565819563107055 0.64424676719871721 -0.042552974272232792 0.084922720373056981 0.39774806533293289 0.022202064979076386 0.012744633583664955 0.34069025312380841 0.19850233563598318 -0.11036448871959828 -0.17463314910556957 -0.041183587456042239 -0.30626705198996773 -0.26548929460232079
leaf_weight=43 36 51 783 54 39 975 88 48 371 45 2193 36 25
leaf_count=24 13 42 337 22 17 309 42 18 159 25 714 7 12
internal_value=-0.000407528 0.119452 0.0809815 0.105559 0.335687 -0.0356438 0.243848 0.0132201 -0.0554702 0.00431208 -0.0512341 -0.15395 -0.212097
internal_weight=4787 1087 924 837 163 3700 127 1068 2632 1020 2564 87 68
internal_count=1741 480 408 359 72 1261 59 352 909 334 873 49 36
is_linear=0
shrinkage=0.03


Tree=87
num_leaves=15
num_cat=0
split_feature=59 96 127 78 19 39 133 62 96 118 114 58 9 89
split_gain=16054.6 7550.91 5727.3 3997.89 3022.07 2265.99 2144.23 1901.27 1826.73 1814.96 1787.91 1059.97 397.082 209.78
threshold=17.168200000000002 20.486300000000004 188.50000000000003 0.53075993927071485 166.17850000000001 -0.58275949999999976 19.782743775539878 -0.51265599999999989 26.082750000000001 16.58556904761905 75.927000000000007 31.027250000000006 273.76900000000006 580.04800000000012
decision_type=2 2 8 2 2 2 10 2 2 10 10 2 2 2
left_child=1 4 3 -3 10 12 -6 -4 11 -10 -1 -7 -2 -14
right_child=5 2 7 -5 6 8 -8 -9 9 -11 -12 -13 13 -15
leaf_value=-0.066763010096549988 -0.015854466566672692 0.21352574520504902 0.20337803661611772 0.054414373510495245 0.24116546146944162 -0.052103420899451754 -0.13454193043708801 0.43314862732554588 0.26718920565364151 -0.0031478938858843209 -0.2981128057596229 0.042552030186202114 -0.26088744726777069 -0.15727800324995
leaf_weight=59 11.999999999999998 167 154 933 31 2252 23 42 22 791 62 111 35 52
leaf_count=23 4 64 86 345 17 800 13 16 20 256 20 31 20 21
internal_value=-0.0017609 0.0805358 0.105515 0.0787451 -0.103986 -0.0387395 0.0815507 0.254579 -0.034299 0.00448307 -0.186802 -0.0476397 -0.179398 -0.201485
internal_weight=4746 1471 1296 1100 175 3275 54 196 3176 813 121 2363 99 87
internal_count=1736 584 511 409 73 1152 30 102 1107 276 43 831 45 41
is_linear=0
shrinkage=0.03


Tree=88
num_leaves=11
num_cat=0
split_feature=61 127 4 122 50 27 94 134 42 136
split_gain=16120.7 7171.67 4995.62 5032.08 3592.2 3418.24 2709.45 2629.01 2319.55 2142.83
threshold=1.9166500000000002 188.50000000000003 62.706970233651241 12.2155 0.25954732142857151 47.714200000000005 0.12022250000000002 111.39390000000002 0.43528713545521946 1.0000000180025095e-35
decision_type=2 10 2 10 2 2 2 10 2 2
left_child=1 2 3 -1 -4 8 -2 9 -3 -8
right_child=6 5 4 -5 -6 -7 7 -9 -10 -11
leaf_value=0.050300991636582845 -0.28464598153187676 0.27938350729562522 0.52891923847565281 -0.24669413509964944 0.14864317081894193 0.55618889973380348 -0.059284207133340601 0.16900175911501833 -0.048857043413015507 -0.012459240781081616
leaf_weight=1048 38 81 25 53 174 32 1801 56 25 1720
leaf_count=376 16 48 13 28 77 19 929 20 14 242
internal_value=-0.00208399 0.0828409 0.0608853 0.0357906 0.198837 0.287722 -0.0358804 -0.033158 0.202207 -0.0364212
internal_weight=5053 1438 1300 1101 199 138 3615 3577 106 3521
internal_count=1782 575 494 404 90 81 1207 1191 62 1171
is_linear=0
shrinkage=0.03


Tree=89
num_leaves=13
num_cat=0
split_feature=77 81 62 127 56 84 78 11 14 102 94 97
split_gain=19189.8 6471.63 6000.15 5055.87 6315.15 4171.89 4128.5 2206.59 4163.05 2181.65 1711.17 1306.6
threshold=0.23401271973572371 1.0949999999999707 -1.6120849999999998 170.50000000000003 0.047233500000000005 713.51450000000034 0.58132862733518365 263.59700000000004 262.71400000000006 29.954650000000004 0.15463550000000004 46.158300000000004
decision_type=2 2 2 8 2 2 2 2 2 2 2 2
left_child=6 3 10 5 -5 -2 11 -8 -9 -4 -3 -1
right_child=1 2 9 4 -6 -7 7 8 -10 -11 -12 -13
leaf_value=0.3176059070556394 0.046987469908723142 -0.29585238432884214 0.27192021932953692 0.14610153798370257 0.40800353583610721 0.33430756525039673 -0.24444807135297897 0.40552546925293764 -0.039838933719020489 0 -0.077878634794446441 0.081201018037114825
leaf_weight=30 511 41 60 367 107 49 46 18 3436 47 148 69
leaf_count=13 193 14 29 117 81 17 23 7 1178 19 57 29
internal_value=0.00121429 0.0985455 -0.0250661 0.133924 0.205964 0.0726844 -0.0347707 -0.0401915 -0.0374004 0.153566 -0.126488 0.155329
internal_weight=4929 1330 296 1034 474 560 3599 3500 3454 107 189 99
internal_count=1777 527 119 408 198 210 1250 1208 1185 48 71 42
is_linear=0
shrinkage=0.03


Tree=90
num_leaves=15
num_cat=0
split_feature=118 105 55 96 70 11 96 82 128 111 47 18 128 110
split_gain=11577.1 4976.88 7210.71 5956.84 7698.76 3198.4 2793.88 2640.51 2216.94 1430.05 1419.15 1418.89 862.877 731.055
threshold=65.434785714285724 0.012491900000000002 0.21844000000000002 37.773900000000005 18.931450000000002 254.11600000000001 19.535100000000003 1682.3319999999987 96.500000000000014 0.068823523189600014 0.37563550000000007 -171.66649999999996 59.500000000000007 1.0000000180025095e-35
decision_type=8 2 2 2 2 2 2 2 10 2 2 2 10 2
left_child=6 2 7 5 -5 -3 9 -2 12 -1 -4 -10 -8 -11
right_child=1 3 10 4 -6 -7 8 -9 11 13 -12 -13 -14 -15
leaf_value=-0.33329524458082099 0.37967412847973581 -0.22066812672649436 0.10244390252426072 0.075092995889839656 0.48323912996292112 0.0035851225849241018 -0.12942014305236971 0.089166098224489315 0.25394274178147314 -0.056795778540266288 -0.063985961578109055 0.019768019948962916 -0.028062995458230541 -0.12787558157443998
leaf_weight=18 128 64 153 251 49 479 78 37 23 730 65 801 1819 159
leaf_count=8 60 23 40 87 22 233 47 24 12 281 15 258 538 64
internal_value=-0.00273374 0.0769286 0.166465 0.0360969 0.143151 -0.0231977 -0.0296684 0.315478 -0.0144553 -0.0752383 0.052741 0.026608 -0.0322981 -0.0696414
internal_weight=4854 1226 383 843 300 543 3628 165 2721 907 218 824 1897 889
internal_count=1712 504 139 365 109 256 1208 84 855 353 55 270 585 345
is_linear=0
shrinkage=0.03


Tree=91
num_leaves=13
num_cat=0
split_feature=113 28 78 35 64 96 38 113 96 11 111 38
split_gain=16489.1 6177.77 5617.49 5162.71 5158.33 5017.47 2976.58 2865.16 2437.81 1678.3 1407.43 621.867
threshold=83.256000000000014 44.655200000000001 0.87778482210290798 0.059629250000000009 227.62750000000003 20.960150000000002 -0.44637049999999995 109.86500000000002 24.420650000000006 276.59750000000003 0.080443601382500007 0.14488750000000003
decision_type=10 2 2 2 2 2 2 10 2 2 2 2
left_child=2 3 4 -2 -1 -5 -6 -3 9 -4 -10 -9
right_child=1 7 8 5 6 -7 -8 11 10 -11 -12 -13
leaf_value=0.61163519649505604 -0.096027495803833005 -0.13786964937836624 -0.1428928373363669 -0.0628245456875587 -0.19588146185874936 0.26005808433962679 0.064795264525210255 -0.0092992149483073841 -0.14100736912226272 -0.04290272948016035 0.0090896950140969528 0.18785027402242022
leaf_weight=13.999999999999998 49 85 162 48 41 411 650 21 58 2118 1194 44
leaf_count=6 16 28 81 19 19 172 282 12 17 702 385 19
internal_value=0.00553791 0.14514 -0.0161705 0.195006 0.0610896 0.226223 0.0490631 -0.0238948 -0.0316056 -0.0500681 0.00202694 0.124935
internal_weight=4895 658 4237 508 705 459 691 150 3532 2280 1252 65
internal_count=1758 266 1492 207 307 191 301 59 1185 783 402 31
is_linear=0
shrinkage=0.03


Tree=92
num_leaves=9
num_cat=0
split_feature=77 121 96 138 42 134 130 73
split_gain=17003.4 7939.66 7330.57 5948.04 3671.87 2785.93 3491.44 2181.72
threshold=0.30702689860304938 42.966500000000003 47.506200000000007 1.0000000180025095e-35 0.28443011428675696 111.39390000000002 170.50000000000003 213.72600000000003
decision_type=2 10 2 2 2 10 10 2
left_child=5 2 3 -2 -4 6 7 -1
right_child=1 -3 4 -5 -6 -7 -8 -9
leaf_value=0.044245837422770579 0.073764651221053926 -0.31070272549187261 0.52476071265110602 0.41217748379464048 0.19220160301735523 0.15556484171135784 -0.26057000551385395 -0.035761746696259436
leaf_weight=340 1050 40 51 48 75 72 58 3062
leaf_count=158 367 21 20 48 28 25 26 1041
internal_value=0.00592404 0.100305 0.113981 0.088923 0.329905 -0.02787 -0.0317319 -0.0277542
internal_weight=4796 1264 1224 1098 126 3532 3460 3402
internal_count=1734 484 463 415 48 1250 1225 1199
is_linear=0
shrinkage=0.03


Tree=93
num_leaves=15
num_cat=0
split_feature=11 119 42 6 61 38 96 31 76 117 106 37 50 13
split_gain=14624.9 7266.47 7053.8 4660.39 4533.22 4247.45 3101.05 2763.65 2487.4 2858.85 1866.27 1619.73 1496.61 585.738
threshold=269.38150000000002 31.889203510521568 0.24147374258025389 30.304945647464876 -4.171479999999999 0.66627350000000007 26.082750000000001 4.6637290644429958 0.54685424848677811 8.9017764258437246 -0.99763297024448894 -0.96419449999999995 0.22995806428571433 0.6478151478913704
decision_type=2 8 2 2 2 2 2 2 2 10 2 2 2 2
left_child=1 2 4 -4 -1 7 11 -3 10 -10 -8 13 -13 -2
right_child=6 5 3 -5 -6 -7 8 -9 9 -11 -12 12 -14 -15
leaf_value=-0.052457525845231681 0.011125621128082276 0.36011305917799474 0.25857746423524003 -0.02755301461974689 0.24283019764903979 0.078379895537240174 0.35326104343854464 0.81977658494313543 -0.038815792497779639 0.23623493154076011 -0.0085948901814259307 -0.16944408489167689 -0.03753028485231958 -0.19786664478081029
leaf_weight=57 13.999999999999998 45 57 438 252 34 11.999999999999998 17 55 87 966 79 2499 81
leaf_count=15 3 28 23 153 91 27 7 13 19 45 334 35 900 38
internal_value=-0.00280733 0.105844 0.0761394 0.00584419 0.188356 0.351242 -0.02861 0.497209 0.0132856 0.130154 -0.00379557 -0.046164 -0.0416379 -0.167241
internal_weight=4693 900 804 495 309 96 3793 62 1120 142 978 2673 2578 95
internal_count=1731 350 282 176 106 68 1381 41 405 64 341 976 935 41
is_linear=0
shrinkage=0.03


Tree=94
num_leaves=15
num_cat=0
split_feature=118 138 45 19 61 95 40 92 104 115 63 80 63 61
split_gain=15014.7 6603.79 4850.49 5051.97 4643.53 4622.36 2489.08 2333.44 2168.93 1491.61 1467.36 1307.1 1473.21 510.794
threshold=65.434785714285724 1.0000000180025095e-35 0.23723800000000003 -302.56399999999991 1.4470750000000001 0.007783420000000001 0.26962326966370914 0.0013630383250034419 32.030385714285721 42.27450000000001 4.4348900000000002 3.3081000000000018 3.3872000000000004 4.1999600000000008
decision_type=8 2 2 2 2 2 2 2 2 10 2 2 2 2
left_child=7 2 3 -2 6 -4 -3 8 10 -10 -1 13 -13 -9
right_child=1 4 5 -5 -6 -7 -8 11 9 -11 -12 12 -14 -15
leaf_value=0.096530161616931287 1.0218796135783195 0.37083975548297166 -0.15879733950686903 -0.052902269719719876 -0.057761810168623917 0.13072349506969766 0.85823442962765684 0.0040647550159030486 0.032953378436700348 -0.17990292308260411 -0.0095213792436977009 0.023868317884923537 -0.074577600354586659 -0.031106898502580346
leaf_weight=298 2.9999999999999991 31 52 249 14.999999999999998 817 14.999999999999998 512 52 67 193 157 1039 1351
leaf_count=128 3 31 21 97 15 319 15 146 19 25 74 72 431 340
internal_value=0.00346654 0.0964091 0.0796564 -0.0361069 0.397975 0.113233 0.544715 -0.026493 0.0270466 -0.0873656 0.0549032 -0.0371758 -0.0616429 -0.0214422
internal_weight=4851 1182 1121 252 61 869 46 3669 610 119 491 3059 1196 1863
internal_count=1736 501 440 100 61 340 46 1235 246 44 202 989 503 486
is_linear=0
shrinkage=0.03


Tree=95
num_leaves=12
num_cat=0
split_feature=65 86 129 36 87 61 111 113 75 103 114
split_gain=11462.8 4051.49 3997.08 5532.32 3605.21 3268.59 2738.89 2742.77 2559.99 1703.31 952.221
threshold=1116.9850000000004 18.008300000000002 174.50000000000003 0.46079800000000004 50.532650000000011 4.1734500000000017 0.064214781573000021 92.021500000000017 22.001000000000001 29.562950000000018 35.521000000000008
decision_type=2 2 8 2 2 2 2 10 2 2 10
left_child=1 -1 4 -4 -3 6 -2 -8 9 -7 -10
right_child=5 2 3 -5 -6 8 7 -9 10 -11 -12
leaf_value=0.40341895143985745 -0.15502799674149217 0.14359974936975373 0.084770102797722319 0.39476135760876868 -0.025773128597026174 -0.089898532004922344 0.004631714453628798 0.12391676501269193 -0.034908310175496393 -0.28806134602664546 0.045576514044776563
leaf_weight=39 86 188 146 80 281 373 1642 193 1642 43 143
leaf_count=17 28 50 70 47 115 178 604 78 468 20 37
internal_value=0.000313609 0.109458 0.0924026 0.19577 0.0422752 -0.0191428 0.0094497 0.0172401 -0.0440922 -0.111031 -0.0284369
internal_weight=4856 734 695 226 469 4122 1921 1835 2201 416 1785
internal_count=1712 299 282 117 165 1413 710 682 703 198 505
is_linear=0
shrinkage=0.03


Tree=96
num_leaves=13
num_cat=0
split_feature=96 41 39 58 64 46 26 11 97 89 96 111
split_gain=12541 5502.45 4810.25 5021.68 4422.46 4066.78 3714.79 3378.68 2611.57 2284.88 2069.68 680.568
threshold=37.230900000000005 0.2643597857142857 0.64864150000000076 22.605800000000006 423.17900000000003 0.091668750000000007 0.98335400000000017 255.72100000000003 32.435550000000013 198.33250000000001 19.607900000000004 0.16557433395200005
decision_type=2 2 2 2 2 2 2 2 2 2 2 2
left_child=4 6 3 -3 7 -6 -2 10 -7 -9 -1 -4
right_child=1 2 11 -5 5 8 -8 9 -10 -11 -12 -13
leaf_value=0.02527799018653663 -0.28714478485400857 0.17606487657952666 0.1053536637544632 0.45794574954774647 0.82126901825666432 -0.10234530017491431 0.081275410903033918 0.43169726824760435 -0.024688020057350591 0.014328767615122183 0.3112724857784453 -0.034858678786341961
leaf_weight=36 38 200 59 80 3.9999999999999991 449 66 10.999999999999998 2923 738 62 64
leaf_count=11 19 70 18 38 4 181 25 7 963 332 21 23
internal_value=-0.00148366 0.139346 0.189458 0.257956 -0.0184209 -0.0337983 -0.0547638 0.0428346 -0.0350567 0.0210298 0.20756 0.0326807
internal_weight=4730 507 403 280 4223 3376 104 847 3372 749 98 123
internal_count=1712 193 149 108 1519 1148 44 371 1144 339 32 41
is_linear=0
shrinkage=0.03


Tree=97
num_leaves=12
num_cat=0
split_feature=96 0 133 106 118 41 87 58 115 6 69
split_gain=11563.3 6388.34 3915.9 3784.14 3452.52 3767.6 3132.92 2723.8 2657.75 2316.01 1292.87
threshold=39.437650000000012 182.37550000000002 13.398649423208528 -0.61237985104942771 97.121785714285735 0.3016869214285714 41.136350000000007 20.300500000000003 91.731500000000025 88.803350433372984 6.3953800000000003
decision_type=2 2 8 2 8 2 2 2 8 2 2
left_child=1 6 -3 -2 5 -5 10 -4 -6 -8 -1
right_child=3 2 7 4 8 -7 9 -9 -10 -11 -12
leaf_value=0.23012011910868541 0.3815830255307649 0.32057993520111649 0.26979392853536099 -0.20079566199438911 0.016822701061001189 0.11097861016703688 -0.031210296840271348 -0.025659014688597787 0.38406043988273986 0.13708801709771154 0.03891026819379706
leaf_weight=55 56 73 37 41 25 206 3979 107 61 74 75
leaf_count=29 23 26 17 19 13 57 1400 52 45 34 25
internal_value=-0.00132109 -0.0151955 0.143137 0.155242 0.116142 0.0586135 -0.0234423 0.0515724 0.27876 -0.0281037 0.120969
internal_weight=4789 4400 217 389 333 247 4183 144 86 4053 130
internal_count=1740 1583 95 157 134 76 1488 69 58 1434 54
is_linear=0
shrinkage=0.03


Tree=98
num_leaves=15
num_cat=0
split_feature=132 11 119 105 97 69 86 111 1 126 20 96 97 47
split_gain=13660.5 5891.06 3764.67 3650.44 3544.24 3053.44 4623.92 3572.09 2823.66 2196.2 1525.96 1460.59 1274.75 1028.06
threshold=168.61904761904765 274.94400000000002 32.950436445809864 0.0065604400000000007 64.040300000000016 4.7641300000000006 17.087300000000003 0.075194648332 135.18950000000004 1.0000000180025095e-35 169.99550000000002 32.469800000000014 56.966350000000006 0.2841955000000001
decision_type=8 2 8 2 2 2 2 2 2 10 2 2 2 2
left_child=5 2 3 -2 -4 6 -1 13 -8 -9 11 -3 -12 -7
right_child=1 10 4 -5 -6 7 8 9 -10 -11 12 -13 -14 -15
leaf_value=0.54857544136047354 0.37859498232205707 -0.058470841500759124 0.2120652662316958 0.095784117096086863 0.63349110048294055 -0.36152055135369299 0.082053156655006759 -0.02694408319250842 -0.079380805355515963 -0.21160236943778343 -0.060079838104546063 0.23599904889182041 -0.39089678846150633 -0.14253580795015608
leaf_weight=14.999999999999998 44 74 71 496 24 31 297 3415 144 58 23 18 19 55
leaf_count=4 18 57 50 185 16 14 117 1112 54 32 20 15 11 19
internal_value=-0.00329594 0.112454 0.15056 0.119491 0.324052 -0.0254889 0.0475248 -0.0348554 0.0292729 -0.0300888 -0.0678828 0.0010287 -0.215415 -0.224755
internal_weight=4784 769 635 540 95 4015 456 3559 441 3473 134 92 42 86
internal_count=1724 372 269 203 66 1352 175 1177 171 1144 103 72 31 33
is_linear=0
shrinkage=0.03


Tree=99
num_leaves=13
num_cat=0
split_feature=11 138 115 39 121 67 133 75 67 127 64 91
split_gain=6867.1 5105.8 3505.37 3876 2920.92 2496.55 2444.28 2323.76 2268.18 2140.01 1531.47 1067.4
threshold=269.38150000000002 1.0000000180025095e-35 36.771000000000008 0.44811750000000034 12.2155 32.441700000000004 16.781509098381093 8.327200000000003 23.610200000000003 160.50000000000003 471.44600000000008 1002.8750000000001
decision_type=2 2 10 2 10 2 8 2 2 8 2 2
left_child=1 2 3 -1 -4 7 -3 -2 -9 10 -7 -11
right_child=5 6 4 -5 -6 9 -8 8 -10 11 -12 -13
leaf_value=0.087529275619983665 -0.37186482615219918 0.65674580597877497 0.054274243105592125 0.65176813606421147 -0.1644719502804643 0.061042973343057916 0.18678343674769768 0.18265056583503397 -0.042573997750187484 0.050032246976239335 -0.015304854842332316 0.28795891327857964
leaf_weight=29 18 17 803 17 58 297 25 40 2253 34 1144 34
leaf_count=19 6 17 247 14 29 101 25 20 919 24 290 20
internal_value=-0.00378532 0.068397 0.0531865 0.305547 0.0393615 -0.0217315 0.387925 -0.0413229 -0.0385659 0.00827777 0.000460296 0.171488
internal_weight=4769 949 907 46 861 3820 42 2311 2293 1509 1441 68
internal_count=1731 351 309 33 276 1380 42 945 939 435 391 44
is_linear=0
shrinkage=0.03


Tree=100
num_leaves=10
num_cat=0
split_feature=61 62 120 84 53 136 72 122 50
split_gain=13788.5 7677.35 7264.89 6421.45 5694.14 1801.51 1549.61 1311.04 1080.77
threshold=1.9937700000000003 -4.6496799999999991 81.097500000000011 256.45416666666671 0.09708375000000001 1.0000000180025095e-35 84.236350000000016 66.667000000000016 0.22724131428571429
decision_type=2 2 8 2 2 2 2 8 2
left_child=2 -2 7 -4 -5 6 -3 -1 -7
right_child=1 5 3 4 -6 8 -8 -9 -10
leaf_value=-0.11020851336331929 1.8296360549926758 0.079337127589349507 0.4373060002326965 -0.047625973608390777 0.11311224341341794 -0.13663832840323448 -0.056697991822472503 -0.39709248479207349 -0.0025416596018044513
leaf_weight=33 0.999999999999999 78 47 242 1086 55 1696 26 1592
leaf_count=18 1 58 16 99 433 8 859 15 233
internal_value=0.00409776 -0.028627 0.0821575 0.0961996 0.083805 -0.0297056 -0.0506737 -0.241193 -0.00710171
internal_weight=4856 3422 1434 1375 1328 3421 1774 59 1647
internal_count=1740 1159 581 548 532 1158 917 33 241
is_linear=0
shrinkage=0.03


Tree=101
num_leaves=12
num_cat=0
split_feature=12 64 42 4 118 56 9 33 64 56 20
split_gain=11525.7 4111.36 4216.57 4440.58 4320.89 1372.3 1933.21 1247.18 1024.6 1319.58 464.618
threshold=274.29883333333345 227.62750000000003 0.2587854431469408 22.648899736496574 115.24130000000001 0.065235500000000016 274.10550000000006 5.8978142659023591 614.50000000000011 0.042525500000000008 123.99850000000002
decision_type=2 2 2 2 8 2 2 2 2 2 2
left_child=1 -1 3 -3 -4 8 -7 -8 9 -2 -10
right_child=5 2 4 -5 -6 6 7 -9 10 -11 -12
leaf_value=0.32547354860305783 -0.038506415671996162 0.013814658898546037 -0.0043004433707961908 0.20768371716976167 0.26937888013767569 -0.24741640541902399 -0.04306413577399551 0.11366948883169073 -0.021264889678585995 0.0374176203966387 -0.083116073297336696
leaf_weight=59 295 165 582 299 56 40 1712 46 761 677 127
leaf_count=19 98 56 206 113 53 27 733 33 166 175 35
internal_value=0.00114715 0.0834597 0.0702165 0.138928 0.0201008 -0.0249926 -0.0436745 -0.038899 -0.00691803 0.0143559 -0.0301976
internal_weight=4819 1161 1102 464 638 3658 1798 1758 1860 972 888
internal_count=1714 447 428 169 259 1267 793 766 474 273 201
is_linear=0
shrinkage=0.03


Tree=102
num_leaves=12
num_cat=0
split_feature=118 81 77 46 113 50 123 94 78 113 46
split_gain=8211.56 3728.68 3969.17 6182.3 3279.75 3162.43 2805.69 2405.34 2374.27 1544.62 1129.41
threshold=69.498014285714305 1.1130000000000566 0.23401271973572371 0.103119 120.46000000000002 0.29983692857142857 45.960833333333362 0.25556400000000007 0.53075993927071485 68.908000000000015 0.37321850000000006
decision_type=8 2 2 2 10 2 10 2 2 10 2
left_child=6 2 4 -4 -2 -3 8 -7 10 -10 -1
right_child=1 5 3 -5 -6 7 -8 -9 9 -11 -12
leaf_value=0.2797543093947803 -0.061678058848897023 0.33420224530556625 1.7981508407592774 0.12506611325823591 0.23273995392496991 -0.20577979190543641 -0.24469411619809955 0.022479448095515921 -0.028674739518623302 0.11373147745281456 0
leaf_weight=33 200 15.999999999999998 0.999999999999999 670 40 85 51 80 3368 69 21
leaf_count=18 115 13 1 266 12 31 26 38 1138 37 12
internal_value=-0.00374971 0.0681353 0.092833 0.130236 -0.0118338 -0.0559824 -0.0259257 -0.0956218 -0.0226597 -0.0257827 0.172914
internal_weight=4634 1092 911 671 240 181 3542 165 3491 3437 54
internal_count=1707 476 394 267 127 82 1231 69 1205 1175 30
is_linear=0
shrinkage=0.03


Tree=103
num_leaves=12
num_cat=0
split_feature=127 78 96 2 0 116 30 66 109 86 48
split_gain=9218.47 6614.82 4347.3 4081.78 4034.99 3876.91 3401.59 2515.83 2386.96 1432.55 572.871
threshold=188.50000000000003 0.45937953528478176 47.832150000000006 212.126 135.977 79.529500000000013 44.369550000000011 1011.0350000000001 -0.56174490092936669 20.574350000000006 0.27216583333333333
decision_type=10 2 2 2 2 8 2 2 2 2 2
left_child=1 5 6 4 7 10 -3 -2 -6 -4 -1
right_child=3 2 9 -5 8 -7 -8 -9 -10 -11 -12
leaf_value=0.19201001060485839 0.31145834808600575 -0.016862111812913524 0.058286422133445745 -0.070404235152936562 -0.071184122027889374 0.42063791670951434 -0.22769446217332567 0.74684154210090636 0.24526942368348437 0.32703606845651351 0.017340188470151688
leaf_weight=24 37 4324 32 40 30 46 69 19 71 41 53
leaf_count=13 19 1510 14 15 16 20 39 14 38 16 25
internal_value=-0.00174395 -0.0103899 -0.016388 0.198679 0.267265 0.205747 -0.0202254 0.469741 0.151468 0.211648 0.0735849
internal_weight=4786 4589 4466 197 157 123 4393 56 101 73 77
internal_count=1739 1637 1579 102 87 58 1549 33 54 30 38
is_linear=0
shrinkage=0.03


Tree=104
num_leaves=11
num_cat=0
split_feature=134 78 95 42 102 68 46 103 78 27
split_gain=7989.8 4834.08 4106.86 5070.13 2812.78 2584.27 1697.94 1478.02 1791.73 1202.25
threshold=67.990031250000015 0.43189735527757073 0.008794925000000002 0.2425632370495516 37.378900000000009 946.25300000000004 0.15706950000000003 37.883250000000011 0.53075993927071485 34.13235000000001
decision_type=8 2 2 2 2 2 2 2 2 2
left_child=6 5 4 -4 -3 -2 9 8 -8 -1
right_child=1 2 3 -5 -6 -7 7 -9 -10 -11
leaf_value=-0.010781727017583074 0.49555344426972525 0.032084482069938414 0.18931638016341173 0.023561016742540145 -0.21794730937480924 0.14846807349489088 0.10854022103359823 -0.18270971238262509 -0.023514609513337722 0.22262420130656521
leaf_weight=36 34 92 275 418 71 46 94 50 3496 43
leaf_count=22 14 35 109 199 20 18 52 28 1186 21
internal_value=0.000408609 0.0787048 0.057664 0.0895193 -0.0774716 0.300313 -0.0193121 -0.0223119 -0.0200268 0.117419
internal_weight=4655 936 856 693 163 80 3719 3640 3590 79
internal_count=1704 395 363 308 55 32 1309 1266 1238 43
is_linear=0
shrinkage=0.03


Tree=105
num_leaves=12
num_cat=0
split_feature=65 119 82 113 78 57 94 85 21 21 41
split_gain=6325.78 3678.46 3450.77 4747.34 4507.66 2544.34 2023.6 2004.96 1900.04 1799.29 592.343
threshold=1214.3350000000003 32.317514170861941 1074.493333333334 83.256000000000014 0.45937953528478176 24.877000000000006 0.11062450000000001 0.015474829000003541 -95.247549999999976 233.41350000000025 0.49129142857142849
decision_type=2 8 2 10 2 2 2 2 2 2 2
left_child=1 2 4 -4 -1 -3 -2 8 -8 -9 -7
right_child=6 5 3 -5 -6 10 7 9 -10 -11 -12
leaf_value=0.21777928010061862 -0.31695727000236512 0.061283277758955951 0.060039448041338393 0.32149540397919801 -0.066376272820526688 0.30368006875991821 0.24183492272550408 -0.025238821089685701 0.01110614221069613 -0.20868486958133928 0.55697500405311584
leaf_weight=61 19 29 256 82 264 24 32 2772 1217 48 19
leaf_count=23 8 26 103 37 95 17 14 880 480 27 15
internal_value=-0.00133339 0.0796316 0.0572739 0.12424 -0.0125288 0.281863 -0.0159071 -0.0144231 0.0172087 -0.0284352 0.425784
internal_weight=4823 735 663 338 325 72 4088 4069 1249 2820 43
internal_count=1725 316 258 140 118 58 1409 1401 494 907 32
is_linear=0
shrinkage=0.03


Tree=106
num_leaves=15
num_cat=0
split_feature=4 105 102 96 60 67 42 97 87 87 21 91 69 119
split_gain=6692.7 3959.33 3798.27 4384.4 3725.81 3690.84 3439.55 3382.19 2505.19 2389.23 1731.76 1599.93 1505.87 582.52
threshold=20.600192459469582 0.014838800000000001 35.762850000000007 37.773900000000005 51.013450000000013 27.520800000000005 0.30610495893509931 31.833550000000006 53.672050000000006 46.301800000000007 233.41350000000025 1007.9550000000002 4.3644950000000007 5.9447181121781885
decision_type=2 2 2 2 2 2 2 2 2 2 2 2 2 8
left_child=7 4 3 -3 9 -6 -4 11 12 -2 -10 13 -9 -1
right_child=1 2 6 -5 5 -7 -8 8 10 -11 -12 -13 -14 -15
leaf_value=-0.13787958474854392 0.13176087151536153 0.024108701995476899 -0.21160980342119651 0.22965155045117172 0.29132434576635907 0.01759899762130919 0.013518505138950749 0.28283981498804955 -0.019783025567086675 -0.072973026745098146 -0.21632200190497605 -0.24804180875595877 0.052199535208400982 -0.045850271081189053
leaf_weight=105 108 738 106 106 156 62 142 32 2610 96 40 67 115 153
leaf_count=40 39 325 46 42 58 28 61 13 828 37 24 20 39 65
internal_value=-0.00169521 0.0500456 0.019838 0.0501681 0.127974 0.213925 -0.083157 -0.0267957 -0.0161297 0.0355149 -0.0228313 -0.118249 0.103999 -0.0837034
internal_weight=4636 1514 1092 844 422 218 248 3122 2797 204 2650 325 147 258
internal_count=1665 636 474 367 162 86 107 1029 904 76 852 125 52 105
is_linear=0
shrinkage=0.03


Tree=107
num_leaves=14
num_cat=0
split_feature=96 59 101 87 19 134 133 28 57 92 68 39 133
split_gain=7334.83 3339.64 2947.56 2931.18 3912.29 3256.71 2870.64 2531.76 2068.37 2007.31 1892.97 1181.87 1058.82
threshold=39.437650000000012 11.752750000000002 0.24811750000000002 56.610050000000008 -109.74049999999998 107.04523737373738 8.5754348117254438 41.950300000000006 75.139000000000024 1.0000000180025095e-35 1213.2950000000003 0.45600416666666688 14.81874249135908
decision_type=2 2 2 2 2 10 8 2 2 2 2 2 8
left_child=2 9 3 4 -1 -5 -3 -8 10 11 -4 -2 -10
right_child=1 6 8 5 -6 -7 7 -9 12 -11 -12 -13 -14
leaf_value=0.56980473947525023 0.18638960938215254 -0.10398700087411063 -0.026208229489019335 -0.032370579165570873 0.087441604327559472 0.25457725700965295 0.38682979953289032 0.13126515897604132 -0.23028064143874427 -0.10580605125427245 0.035979564362102083 0.0099147494249045842 -0.073083875616519314
leaf_weight=14.999999999999998 74 20 3120 407 299 38 80 64 54 56 512 63 135
leaf_count=8 35 8 1033 171 130 11 35 27 13 23 205 23 37
internal_value=-0.00153888 0.129239 -0.0117593 0.0422022 0.11223 -0.00734458 0.228374 0.274955 -0.0224872 0.0442413 -0.0174334 0.105919 -0.118989
internal_weight=4937 357 4580 759 314 445 164 144 3821 193 3632 137 189
internal_count=1759 151 1608 320 138 182 70 62 1288 81 1238 58 50
is_linear=0
shrinkage=0.03


Tree=108
num_leaves=12
num_cat=0
split_feature=77 136 123 53 78 11 136 132 10 18 130
split_gain=8627.63 4264.42 4222.69 3306.71 2465.45 2559.66 2132.12 1978.9 3349.13 1324.37 1178.91
threshold=0.23401271973572371 1.0000000180025095e-35 95.129333333333349 0.95974250000000005 0.50471186377737542 263.14400000000006 1.0000000180025095e-35 165.08333333333334 267.20250000000004 30.910350000000005 147.16666666666671
decision_type=2 2 8 2 2 2 2 10 2 2 10
left_child=4 2 10 -4 9 -6 -7 8 -3 -1 -2
right_child=1 7 3 -5 5 6 -8 -9 -10 -11 -12
leaf_value=-0.0026670549157503487 0.02008258826392037 0.20013330113887787 0.091362077845117837 0.23252804607274305 -0.24513416770702981 -0.044816468213149885 0.0028661816949024795 -0.065189233395361118 -0.013222562862055325 0.2348338899331934 -0.24643050456047055
leaf_weight=36 27 95 469 220 46 1776 1607 216 213 50 32
leaf_count=12 15 16 256 148 21 925 232 29 38 24 16
internal_value=0.00299072 0.0699105 0.115837 0.136713 -0.0212382 -0.0252336 -0.0221711 0.00424972 0.0530103 0.136492 -0.126115
internal_weight=4787 1272 748 689 3515 3429 3383 524 308 86 59
internal_count=1732 518 435 404 1214 1178 1157 83 54 36 31
is_linear=0
shrinkage=0.03


Tree=109
num_leaves=12
num_cat=0
split_feature=4 76 0 75 136 102 119 85 119 1 134
split_gain=5496.4 5262.05 6200 4009.8 3912.7 3042.95 2844.63 2241.12 1855.58 1374.62 800.922
threshold=25.959947882664089 -0.92890956521187606 22.863700000000005 8.327200000000003 1.0000000180025095e-35 35.073400000000007 28.426238269002944 10.481698000000007 29.667767850650062 133.15400000000002 24.307700000000004
decision_type=2 2 2 2 2 2 8 2 8 2 8
left_child=3 5 -3 -1 -4 6 -2 8 -5 -7 -9
right_child=1 2 4 7 -6 9 -8 10 -10 -11 -12
leaf_value=-0.33486241126704852 -0.024275150167942048 1.7656940231323242 0.1478268766546737 -0.020794573434370266 0.011796435545407808 -0.06133914803713561 0.22364604079723355 -0.05247585211573421 0.10850553764302048 -0.28799262809052184 -0.2345526139201789
leaf_weight=36 314 0.999999999999999 461 3320 324 47 47 36 102 50 57
leaf_count=12 151 1 269 1050 51 21 30 25 71 20 25
internal_value=-0.00515087 0.0490905 0.0961464 -0.0241622 0.0917721 -0.0316919 0.00852303 -0.0208849 -0.0169091 -0.179948 -0.165411
internal_weight=4795 1244 786 3551 785 458 361 3515 3422 97 93
internal_count=1726 543 321 1183 320 222 181 1171 1121 41 50
is_linear=0
shrinkage=0.03


Tree=110
num_leaves=12
num_cat=0
split_feature=134 78 42 114 13 4 46 131 1 111 39
split_gain=9187.3 4206.42 3845.16 3172.01 3134.42 2437.07 4452.3 2426.94 2274.04 1996.38 1414.75
threshold=67.990031250000015 0.45937953528478176 0.24147374258025389 92.350500000000025 2.4570682455819575 24.013613740515691 0.091668750000000007 1.7320508075694949 88.45150000000001 0.077873615565000012 -0.46107133333333256
decision_type=10 2 2 8 2 2 2 10 2 2 2
left_child=5 3 4 -2 -3 9 -7 -4 -8 -1 -11
right_child=1 2 7 -5 -6 6 8 -9 -10 10 -12
leaf_value=-0.24547020277224088 0.11333583761964525 0.29148565515681452 0.23295686351380693 0.4371407079362869 0.08535342052445119 1.0293063257932662 0.076155420779873043 -0.0076142377272012986 -0.028677616166075066 -0.10948242462260382 -0.021622048345948417
leaf_weight=37 62 91 40 49 244 2.9999999999999991 385 474 359 174 2904
leaf_count=15 20 34 13 26 84 3 155 184 179 71 973
internal_value=0.00301739 0.0860239 0.0631362 0.25893 0.142057 -0.0176322 0.0310017 0.0115174 0.025596 -0.0293021 -0.0266237
internal_weight=4822 960 849 111 335 3862 747 514 744 3115 3078
internal_count=1757 361 315 46 118 1396 337 197 334 1059 1044
is_linear=0
shrinkage=0.03


Tree=111
num_leaves=15
num_cat=0
split_feature=96 132 29 59 61 65 108 133 57 96 10 20 81 82
split_gain=7957.49 3001.44 2816.7 2421.34 3764.9 2570.63 2291.32 2099.92 1842.33 1642.18 2160.37 1163.55 812.768 648.196
threshold=38.085750000000012 168.61904761904765 47.714200000000005 11.296500000000002 0.92115000000000002 499.84000000000009 -1.0000000180025095e-35 11.266258043911778 69.136500000000026 20.086500000000004 264.83150000000006 219.13050000000001 0.24799999999999048 1669.9850000000017
decision_type=2 8 2 2 2 2 2 8 2 2 2 2 2 2
left_child=1 9 7 6 5 -5 12 -3 -8 11 -11 -1 -2 -6
right_child=3 2 -4 4 13 -7 8 -9 -10 10 -12 -13 -14 -15
leaf_value=-0.044650043346432675 0.018867099234932346 0.23087739216739478 -0.2017328221797943 0.063526936585562563 -0.037417109684149422 0.36813035835641805 0.26363652310804886 0.048742166534695826 0.036299760094171844 -0.11540613216717049 -0.001997635878324171 -0.17654714205488561 -0.14998978996784126 0.11243704539345156
leaf_weight=1063 56 65 35 34 44 98 54 425 78 160 2479 63 46 61
leaf_count=386 17 36 13 11 19 51 35 216 15 46 807 36 17 16
internal_value=0.000367025 -0.012493 0.0546382 0.117284 0.1847 0.290762 0.0484961 0.0733301 0.130607 -0.0218668 -0.00891573 -0.0521825 -0.0579718 0.0498521
internal_weight=4761 4290 525 471 237 132 234 490 132 3765 2639 1126 102 105
internal_count=1721 1540 265 181 97 62 84 252 50 1275 853 422 34 35
is_linear=0
shrinkage=0.03


Tree=112
num_leaves=13
num_cat=0
split_feature=78 64 105 107 107 111 68 87 37 69 38 87
split_gain=6322.98 4320.78 3738.19 4164.27 3522.14 2953.19 2403.38 2359.64 2323.87 2025.53 1581.63 993.209
threshold=0.58132862733518365 241.03950000000003 0.013457500000000002 0.88917497572200743 0.98770287048522643 0.067454100886000026 1232.4950000000001 47.122850000000007 0.61322700000000008 3.8167150000000007 0.030663350000000002 45.666400000000003
decision_type=2 2 2 2 2 2 2 2 2 2 2 2
left_child=1 -1 3 7 -5 11 -7 -2 10 -10 -3 -4
right_child=2 8 5 4 -6 6 -8 -9 9 -11 -12 -13
leaf_value=0.4379280237691367 0.11416831437202347 -0.096594310476229739 -0.07530070052457892 0.22790612030462787 -0.075417658161033282 -0.031007687404483855 0.031352688268838975 -0.09623549156401838 -0.26676824043797598 0.05341020466965072 0.15214322636974129 -0.26551624406976942
leaf_weight=33 72 25 45 164 43 3277 669 139 27 48 219 57
leaf_count=12 28 15 18 63 14 1152 265 57 12 24 82 19
internal_value=-0.00609172 0.116139 -0.0157502 0.0695572 0.164823 -0.0245749 -0.0204292 -0.0242249 0.081577 -0.063808 0.126355 -0.183173
internal_weight=4818 352 4466 418 207 4048 3946 211 319 75 244 102
internal_count=1761 145 1616 162 77 1454 1417 85 133 36 97 37
is_linear=0
shrinkage=0.03


Tree=113
num_leaves=13
num_cat=0
split_feature=96 30 58 61 28 63 91 107 1 107 3 28
split_gain=6927.22 4727.48 4149.39 5474.96 3436.4 2997.55 3072.66 2182.43 1765.54 1508.08 1482.96 759.981
threshold=37.773900000000005 35.825033333333337 22.453950000000003 1.4470750000000001 39.566150000000007 3.1160800000000006 1012.6950000000002 0.9863035000474919 147.74050000000003 0.89691351184655443 158.73176666666652 33.456900000000005
decision_type=2 2 2 2 2 2 2 2 2 2 2 2
left_child=5 11 4 -4 -3 6 8 9 -1 -7 -8 -2
right_child=1 2 3 -5 -6 7 10 -9 -10 -11 -12 -13
leaf_value=0.055995458652700607 0.02616579859626704 0.22503233324879901 0.50940826236903658 0.082324854070649434 0.0051432727667001573 -0.020470121005286116 0.074221357962063389 -0.18507834581590032 -0.074473797440528858 0.093327090713712896 0.33960974617401751 -0.12295905488187614
leaf_weight=397 57 108 59 50 155 3565 34 70 121 107 44 65
leaf_count=173 20 44 32 15 62 1249 16 23 53 45 16 23
internal_value=0.00176519 0.108091 0.161134 0.316055 0.0959616 -0.0103644 0.0520663 -0.02032 0.0254285 -0.0171288 0.226369 -0.0536153
internal_weight=4832 494 372 109 263 4338 596 3742 518 3672 78 122
internal_count=1771 196 153 47 106 1575 258 1317 226 1294 32 43
is_linear=0
shrinkage=0.03


Tree=114
num_leaves=10
num_cat=0
split_feature=96 96 130 126 75 102 2 40 96
split_gain=3694.13 2606.12 3010.36 2756.78 2465.56 2069.29 1950.6 1747.13 1113.3
threshold=47.506200000000007 21.628600000000002 184.50000000000003 28.554132797829304 14.894000000000002 29.372400000000003 173.56650000000002 0.19540721343615514 15.33225
decision_type=2 2 10 8 2 2 2 2 2
left_child=1 5 3 -3 -2 8 -4 -6 -1
right_child=4 2 6 -5 7 -7 -8 -9 -10
leaf_value=-0.082078074507109106 0.0052889077810391993 -0.2181377232456207 0.04797127710242529 0.0067096451743342772 0.40766239601714266 -0.18857364428043363 0.24860340343109547 0.13522940610626996 -0.017866061564064447
leaf_weight=291 72 49 110 2654 34 75 72 58 1456
leaf_count=133 29 26 55 887 11 27 37 22 523
internal_value=-0.00232089 -0.00721095 0.0105277 0.00255334 0.137205 -0.0352909 0.128283 0.239244 -0.0286045
internal_weight=4871 4707 2885 2703 164 1822 182 92 1747
internal_count=1750 1688 1005 913 62 683 92 33 656
is_linear=0
shrinkage=0.03


Tree=115
num_leaves=12
num_cat=0
split_feature=72 38 57 57 20 96 88 132 97 102 61
split_gain=6198.54 5195.87 4486.12 3362.7 2828.67 1840.68 1782.05 1569.85 2450.73 1628.41 579.189
threshold=77.129500000000021 -0.015889399999999995 58.486000000000011 26.445500000000003 -45.179299999999991 16.434700000000003 3.3272550000000005 181.35714285714286 75.335850000000008 37.378900000000009 -2.1494349999999995
decision_type=2 2 2 2 2 2 2 8 2 2 2
left_child=1 -1 3 -3 -4 6 -2 9 -9 -7 -8
right_child=5 2 4 -5 -6 7 10 8 -10 -11 -12
leaf_value=-0.26606741017561686 -0.29923866441249847 0.099948629971760419 -0.11618743787333369 0.30275832692057025 0.066953442502612912 -0.010892343923858901 0.061654450420628906 0.02936924505362223 0.34201240813961392 -0.09662305752072535 -0.069559239891019059
leaf_weight=38 29 200 95 117 362 3135 32 173 25 212 395
leaf_count=20 18 102 22 78 104 1008 12 102 21 67 164
internal_value=-0.00345511 0.0720647 0.0889913 0.175529 0.0287055 -0.0187967 -0.0754661 -0.0114872 0.0703798 -0.0163507 -0.0595978
internal_weight=4813 812 774 317 457 4001 456 3545 198 3347 427
internal_count=1718 326 306 180 126 1392 194 1198 123 1075 176
is_linear=0
shrinkage=0.03


Tree=116
num_leaves=13
num_cat=0
split_feature=77 4 45 14 19 78 35 0 11 86 12 77
split_gain=5994.45 3600.53 2761.48 3173.4 3021.82 2474.81 2359.77 2178.31 2152.59 1949.43 1374.48 1017.47
threshold=0.23401271973572371 65.468382170519391 0.38122850000000003 274.83400000000012 -302.56399999999991 0.53075993927071485 0.72404250000000014 196.03700000000003 263.87900000000008 21.320450000000005 265.80733333333336 0.032670207734127626
decision_type=2 2 2 2 2 2 2 2 2 2 2 2
left_child=5 2 4 -4 -2 11 9 -8 -7 -3 -10 -1
right_child=1 6 3 -5 -6 8 7 -9 10 -11 -12 -13
leaf_value=0.27154721497992673 0.58455350884795187 0.20600944639103749 0.18718995569240304 0.0028199117322490639 -0.0020469197369203333 -0.2065231534237211 0.19769030684583325 0.54824886677741991 0.16213367749515334 -0.085281360069910689 -0.019332076383933357 0.039408808128360437
leaf_weight=35 6.9999999999999991 48 199 145 655 54 50 24 37 35 3331 33
leaf_count=19 5 23 85 67 248 25 27 12 12 20 1137 15
internal_value=0.00290321 0.0618601 0.0409 0.109718 0.0050236 -0.0167547 0.195036 0.317219 -0.0203366 0.0835873 -0.0172901 0.161139
internal_weight=4653 1163 1006 344 662 3490 157 74 3422 83 3368 68
internal_count=1695 487 405 152 253 1208 82 39 1174 43 1149 34
is_linear=0
shrinkage=0.03


Tree=117
num_leaves=14
num_cat=0
split_feature=61 138 10 96 51 53 1 96 64 63 75 10 102
split_gain=4219.82 3993.59 3231.11 2731.24 2677.09 2458.66 1834.47 1331.88 1326.79 1149.59 1026.82 887.452 868.261
threshold=1.9166500000000002 1.0000000180025095e-35 251.42900000000003 33.040300000000009 0.12531637410629062 0.40156550000000008 157.13650000000004 21.086900000000004 618.2120000000001 2.5054700000000003 22.001000000000001 280.9500000000001 26.082750000000001
decision_type=2 2 2 2 2 2 2 2 2 2 2 2 2
left_child=1 2 4 12 -1 -4 7 10 -9 -8 -2 -11 -3
right_child=6 3 5 -5 -6 -7 9 8 -10 11 -12 -13 -14
leaf_value=0.32142731272131203 -0.080751330626896906 0.23754931035408605 -0.056144592814087964 0.55593932240349897 0.023623592587078315 0.040960634463774494 0.38635730552673336 0.023222447131771896 -0.027225528085028983 -0.18947852220786246 -0.022170399369896357 -0.041922595200038729 -0.040953004402272834
leaf_weight=59 369 25 312 20 50 937 2.9999999999999991 1054 844 94 995 61 15.999999999999998
leaf_count=16 194 25 125 20 17 344 1 360 245 45 297 30 16
internal_value=-0.00227764 0.0411965 0.0304204 0.27669 0.186304 0.0166759 -0.0203232 -0.0154669 0.000785208 -0.119838 -0.0380679 -0.132068 0.130407
internal_weight=4839 1419 1358 61 109 1249 3420 3262 1898 158 1364 155 41
internal_count=1735 563 502 61 33 469 1172 1096 605 76 491 75 41
is_linear=0
shrinkage=0.03


Tree=118
num_leaves=10
num_cat=0
split_feature=96 90 53 39 82 69 1 114 67
split_gain=5914.29 5049.4 2619.03 3112.36 2950.5 2511.12 2871.25 2265.73 1471.27
threshold=38.085750000000012 510.93550000000005 0.0050221000000000007 0.64864150000000076 1562.2800000000009 4.1774050000000011 135.18950000000004 76.639500000000012 33.281500000000008
decision_type=2 2 2 2 2 2 2 10 2
left_child=1 -1 -2 4 -4 6 -3 -7 -5
right_child=2 5 3 8 -6 7 -8 -9 -10
leaf_value=0.25003928333704284 -0.12186734628122907 0.14398465481248954 0.10301297646431547 -0.10517468602582812 0.29997968589056523 -0.014923808651530625 -0.053615468083687542 -0.089979919182498064 0.112020711337924
leaf_weight=64 42 176 189 63 108 3646 105 401 49
leaf_count=26 18 71 77 25 50 1279 43 142 12
internal_value=-0.00178399 -0.0124162 0.101548 0.124739 0.175414 -0.0163548 0.0702094 -0.0223819 -0.00997473
internal_weight=4843 4392 451 409 297 4328 281 4047 112
internal_count=1743 1561 182 164 127 1535 114 1421 37
is_linear=0
shrinkage=0.03


Tree=119
num_leaves=12
num_cat=0
split_feature=105 113 23 65 113 111 72 29 113 81 116
split_gain=5410.94 4407.44 2894.8 2528.71 2352.51 2946.22 2561.18 2102.25 1997.17 1299.7 941.064
threshold=0.014371900000000002 96.311000000000021 91.591864285714365 878.46300000000008 130.31500000000003 0.080443601382500007 49.083450000000006 37.538450000000005 89.301000000000002 -0.10999999999995679 66.754333333333349
decision_type=2 8 2 2 10 2 2 2 10 2 10
left_child=1 2 3 -1 5 10 -7 -3 -4 -9 -2
right_child=4 7 8 -5 -6 6 -8 9 -10 -11 -12
leaf_value=0.26263238877219119 -0.003612466509001596 0.061348248976342216 0.018380148680766203 0.041240790950735719 0.20312257952275481 0.089026419981414889 -0.013544958242484044 0.41785552991867064 -0.18292858062356204 0.1928435895321518 -0.18311348159190935
leaf_weight=73 34 46 178 126 45 231 3938 49 58 49 116
leaf_count=19 22 26 61 41 19 95 1362 25 16 29 36
internal_value=0.00115098 0.0872413 0.0393868 0.123377 -0.0102879 -0.0125586 -0.00784088 0.230513 -0.0316445 0.308464 -0.14274
internal_weight=4943 579 435 199 4364 4319 4169 144 236 98 150
internal_count=1751 217 137 60 1534 1515 1457 80 77 54 58
is_linear=0
shrinkage=0.03


Tree=120
num_leaves=11
num_cat=0
split_feature=96 138 90 48 21 55 23 89 118 37
split_gain=3895.93 3574.04 2885.48 2377.07 2224.07 2231.89 1681.65 1518.13 2187.65 1344.6
threshold=26.082750000000001 1.0000000180025095e-35 510.93550000000005 0.38029150000000028 -39.62687499999997 0.21199000000000004 8.7922695000000353 285.23750000000007 79.889714285714305 0.64102750000000008
decision_type=2 2 2 2 2 2 2 2 10 2
left_child=2 4 -1 -3 6 -6 -2 9 -9 -4
right_child=1 3 7 -5 5 -7 -8 8 -10 -11
leaf_value=0.29384282486255348 0.04661483424208885 0.46636639552882736 -0.24403680851880241 0.075553787763789307 0.04276172570238914 -0.030892474948053212 0.21582849633693693 -0.024627674516211662 0.13457353679984807 0.027119507389068601
leaf_weight=25 128 27 50 29 985 592 90 2695 79 24
leaf_count=12 35 27 28 29 397 142 25 959 38 14
internal_value=0.00107431 0.0350062 -0.0207906 0.26891 0.0275615 0.0151083 0.117154 -0.0236557 -0.0200459 -0.156865
internal_weight=4724 1851 2873 56 1795 1577 218 2848 2774 74
internal_count=1706 655 1051 56 599 539 60 1039 997 42
is_linear=0
shrinkage=0.03


Tree=121
num_leaves=12
num_cat=0
split_feature=72 138 38 137 127 118 94 20 67 127 97
split_gain=4616.03 3714.87 3217.6 3287.56 3037.73 1755.35 2911.88 1927.34 1470.56 1141.81 708.905
threshold=92.735450000000014 1.0000000180025095e-35 1.0000000180025095e-35 1.0000000180025095e-35 174.50000000000003 84.820142857142869 0.31503300000000006 -27.068999999999999 32.257550000000002 58.500000000000007 35.446800000000003
decision_type=2 2 2 2 8 10 2 2 2 10 2
left_child=1 2 -1 -4 -3 8 7 -7 9 -2 -10
right_child=5 4 3 -5 -6 6 -8 -9 10 -11 -12
leaf_value=-0.14673635325969103 -0.13074307669974067 0.01858877650060152 0.032995387920268945 0.17351967918997663 0.51936016255617146 0.14266193904763175 0.24711685900092126 -0.060295994484518452 -0.066336709853362388 -0.028255882957445962 0.012677547324328792
leaf_weight=70 102 18 699 190 27 62 59 126 110 2001 1287
leaf_count=28 75 18 231 88 27 24 27 47 39 735 352
internal_value=0.00332631 0.0604199 0.0477299 0.0631933 0.323875 -0.011983 0.0651497 0.00702175 -0.0174443 -0.0332879 0.00641081
internal_weight=4751 1004 959 889 45 3747 247 188 3500 2103 1397
internal_count=1691 392 347 319 45 1299 98 71 1201 810 391
is_linear=0
shrinkage=0.03


Tree=122
num_leaves=11
num_cat=0
split_feature=96 125 2 38 58 82 40 111 119 32
split_gain=5083.11 3283.36 3192.04 2999.85 2456.42 1817.93 2382.33 2047.79 1666.06 900.759
threshold=32.88665000000001 24.56757142857143 66.144350000000017 0.67882900000000002 22.390350000000005 772.01916666666398 0.20543583102734866 0.067454100886000026 28.426238269002944 35.814278571428581
decision_type=2 10 2 2 2 2 2 2 10 2
left_child=5 2 4 -4 -2 6 -1 9 -9 -7
right_child=1 -3 3 -5 -6 7 -8 8 -10 -11
leaf_value=0.23820917331544975 -0.13326688249818569 -0.19652022715312678 0.16198625563182423 -0.0044291637251010303 0.06067250744702226 -0.033251882078647613 -0.043262054016956916 -0.018783264572240159 0.11962106954455375 -0.19633413671872699
leaf_weight=56 90 40 397 129 165 49 51 3651 79 82
leaf_count=24 24 21 148 55 68 18 16 1325 36 33
internal_value=-0.00248039 0.0654206 0.0790743 0.121237 -0.00801816 -0.0165432 0.104864 -0.0199348 -0.0158198 -0.136071
internal_weight=4789 821 781 526 255 3968 107 3861 3730 131
internal_count=1768 316 295 203 92 1452 40 1412 1361 51
is_linear=0
shrinkage=0.03


Tree=123
num_leaves=13
num_cat=0
split_feature=78 113 87 113 115 105 42 113 91 133 83 96
split_gain=4043.85 4031.82 2445.27 2871.03 2606.22 2257.96 3448.31 2776.98 2461.7 2182.15 1439.02 1250.85
threshold=0.86935540612590112 120.46000000000002 55.314750000000011 81.379000000000005 56.425500000000007 0.013457500000000002 0.29677521644758814 86.714500000000015 1007.8050000000001 14.395766573478957 3.5977649999999985 23.794000000000004
decision_type=2 10 2 8 10 2 2 8 2 8 2 2
left_child=1 2 3 -1 -4 6 7 -2 11 -10 -8 -7
right_child=5 -3 4 -5 -6 8 10 -9 9 -11 -12 -13
leaf_value=0.035071625431351096 0.033638282550057186 0.31114026397409345 0.057467706902340945 0.20808390799363452 -0.078497291148227191 -0.028704149202547373 -0.22098715957914078 0.26739600507169958 -0.21738116418242451 -0.048140893911993179 0.0042858052893688806 0.0093325599573646396
leaf_weight=241 96 51 282 134 229 2006 34 87 99 221 94 1270
leaf_count=88 29 26 142 62 84 669 12 38 48 109 36 386
internal_value=-0.00159497 0.0543422 0.0392228 0.0972917 -0.00349222 -0.0150214 0.0624018 0.145635 -0.0217336 -0.101023 -0.0567783 -0.0139593
internal_weight=4844 937 886 375 511 3907 311 183 3596 320 128 3276
internal_count=1729 402 376 150 226 1327 115 67 1212 157 48 1055
is_linear=0
shrinkage=0.03


Tree=124
num_leaves=10
num_cat=0
split_feature=78 114 121 91 127 85 6 47 45
split_gain=4809.54 3672.43 2933.23 3012.51 4242.72 2065.16 2051.6 566.108 388.126
threshold=0.45012427727886845 96.036000000000016 42.966500000000003 1011.5650000000002 174.50000000000003 5.5879379995559117e-06 99.465495070896225 0.24210900000000005 0.27297700000000008
decision_type=2 8 10 2 8 2 2 2 2
left_child=1 7 3 6 -5 -4 -2 -1 -9
right_child=2 -3 5 4 -6 -7 -8 8 -10
leaf_value=0.18372220323835647 -0.012929446280364442 0.40201477997643603 -0.36903939433531324 -0.0027504747728688997 0.20951440406177971 -0.057806400746107107 0.18638284588367379 -0.048223205772313198 0.082087116883017799
leaf_weight=30 4211 41 32 217 138 47 46 32 54
leaf_count=16 1446 24 17 89 68 24 21 9 23
internal_value=-0.00136575 0.161433 -0.00684824 -0.00372273 0.0801121 -0.18695 -0.0107318 0.0736651 0.0335681
internal_weight=4848 157 4691 4612 355 79 4257 116 86
internal_count=1737 72 1665 1624 157 41 1467 48 32
is_linear=0
shrinkage=0.03


Tree=125
num_leaves=10
num_cat=0
split_feature=138 87 78 46 96 101 65 96 114
split_gain=3643.86 4542.31 2544.14 1702.1 1698.78 1693.12 1598.22 347.609 130.095
threshold=1.0000000180025095e-35 58.925000000000004 0.35488862062273169 0.091668750000000007 47.832150000000006 0.2551310714285715 1376.5850000000003 28.543650000000003 26.596000000000004
decision_type=2 2 2 2 2 2 2 2 10
left_child=2 6 5 -4 -5 -1 -2 8 -3
right_child=1 7 3 4 -6 -7 -8 -9 -10
leaf_value=0.3013184785403703 0.60476944804787625 0.039160288709131151 0.37996795010268686 -0.014685285475612474 0.10627513528677904 0.040924282745311139 0.22166351217031477 0.13066094393833824 -0.042767058030173583
leaf_weight=37 19 32 8.9999999999999982 4470 106 56 23 22 36
leaf_count=17 19 32 7 1520 40 23 23 22 36
internal_value=-0.00344057 0.151402 -0.00784185 -0.0110076 -0.0118601 0.146657 0.405077 0.0298364 -0.00416075
internal_weight=4810 132 4678 4585 4576 93 42 90 68
internal_count=1739 132 1607 1567 1560 40 42 90 68
is_linear=0
shrinkage=0.03


Tree=126
num_leaves=11
num_cat=0
split_feature=90 72 42 107 111 42 20 29 55 113
split_gain=5451.28 2960.55 4231.19 2583.69 2463.51 1997 1547.51 1742.82 1448.87 1151.12
threshold=510.93550000000005 98.486700000000027 0.24147374258025389 0.95178258287705175 0.12917345831350005 0.16675474226559764 253.12700000000004 37.380150000000008 0.22792500000000002 17.852
decision_type=2 2 2 2 2 2 2 2 2 8
left_child=5 2 3 -2 -4 -1 9 -8 -7 -3
right_child=1 6 4 -5 -6 8 7 -9 -10 -11
leaf_value=-0.079386799176534004 0.06455885240235136 -0.070914568003267037 -0.07220907917090888 0.23555064715003965 0.051251029360256377 0.37354412460785646 -0.0038934130765620831 -0.16054256622243102 0.12101911263208133 -0.0062186815621777915
leaf_weight=17 222 267 270 124 313 51 120 136 36 3246
leaf_count=9 100 123 108 36 136 27 61 78 9 1043
internal_value=0.000243402 -0.00453309 0.043406 0.12635 -0.00594664 0.214029 -0.0163585 -0.0874258 0.271648 -0.0111554
internal_weight=4802 4698 929 346 583 104 3769 256 87 3513
internal_count=1730 1685 380 136 244 45 1305 139 36 1166
is_linear=0
shrinkage=0.03


Tree=127
num_leaves=11
num_cat=0
split_feature=107 115 119 86 67 70 72 97 62 72
split_gain=3299.1 3321.63 5042.28 3231.4 2541.28 1883.9 2259.48 1235.45 1002.8 661.16
threshold=0.71952396275653763 136.86500000000004 28.426238269002944 21.599850000000004 29.260100000000005 19.379700000000003 40.136250000000011 26.167400000000004 -0.14906349999999999 74.418750000000003
decision_type=2 10 8 2 2 2 2 2 2 2
left_child=5 2 4 -4 -2 8 -7 -8 9 -1
right_child=1 -3 3 -5 -6 6 7 -9 -10 -11
leaf_value=-0.28351823226305156 0.018117133129472121 -0.20653293145244769 0.13190780586168305 0.44425157369886126 0.23269494789051559 0.16085102272203988 -0.092992980538111794 -0.007382635363785469 -0.015393056939948689 -0.097966893216541839
leaf_weight=38 797 43 108 41 52 69 158 3321 43 34
leaf_count=21 300 22 54 23 21 26 65 1151 20 16
internal_value=0.001598 0.0487 0.0598957 0.220263 0.0315215 -0.0117969 -0.00790404 -0.0112971 -0.13077 -0.19848
internal_weight=4704 1041 998 149 849 3663 3548 3479 115 72
internal_count=1719 420 398 77 321 1299 1242 1216 57 37
is_linear=0
shrinkage=0.03


Tree=128
num_leaves=9
num_cat=0
split_feature=78 128 96 40 96 4 50 23
split_gain=3758.7 3555.52 3417.77 5032.79 2157.61 2024.85 847.213 656.623
threshold=0.43189735527757073 177.50000000000003 49.171900000000001 0.25323659598022158 15.33225 134.48331037331715 0.29528489285714293 80.855457142857134
decision_type=2 10 2 2 2 2 2 2
left_child=1 6 4 -4 7 -6 -1 -2
right_child=2 -3 3 -5 5 -7 -8 -9
leaf_value=0.15937720202548164 -0.054467587313569821 0.36043675565719602 0.56582275647702418 0.039239176154136655 -0.0039072130612760915 0.20063744749806142 -0.0095815986088804272 -0.15775718436746491
leaf_weight=41 144 47 22 57 4324 43 73 91
leaf_count=18 75 23 12 27 1490 20 27 45
internal_value=0.00167117 0.143739 -0.00324419 0.19116 -0.00662288 -0.00184699 0.0520157 -0.0949765
internal_weight=4842 161 4681 79 4602 4367 114 235
internal_count=1737 68 1669 39 1630 1510 45 120
is_linear=0
shrinkage=0.03


Tree=129
num_leaves=14
num_cat=0
split_feature=96 118 68 42 28 6 53 73 89 86 59 79 53
split_gain=2396.67 2446.67 2530.29 2154.15 1888.38 1963.75 4723.21 1678.43 1598.98 2107.19 1697.11 1266.63 962.036
threshold=22.569450000000003 98.79157142857143 853.20050000000003 0.28683932080080565 42.646100000000011 63.98902965737841 0.77295550000000013 181.54550000000003 285.23750000000007 21.599850000000004 4.4357350000000011 6.0631500000000011 0.81508200000000008
decision_type=2 8 2 2 2 2 2 2 2 2 2 2 2
left_child=4 8 7 -4 5 11 -7 -3 9 -2 -10 -1 -6
right_child=1 2 3 -5 12 6 -8 -9 10 -11 -12 -13 -14
leaf_value=-0.010422321184699695 -0.25202784449713567 0.48642197078207261 0.19455815319435013 -0.00059491819740704638 -0.29426479047186227 0.4657799364495277 -0.040194277789592746 0.1085547179850665 -0.14730488611681983 0.00088298771099040371 0.015680392682196561 -0.061337508329675119 -0.07190497880486342
leaf_weight=1332 48 22 73 163 33 24 49 21 58 75 2262 656 38
leaf_count=406 13 19 50 90 17 11 25 15 19 32 759 289 26
internal_value=-0.00308591 0.0155674 0.0995666 0.0603238 -0.0268988 -0.02161 0.130159 0.308612 0.00593637 -0.0990263 0.0115428 -0.0272472 -0.177949
internal_weight=4854 2722 279 236 2132 2061 73 43 2443 123 2320 1988 71
internal_count=1771 997 174 140 774 731 36 34 823 45 778 695 43
is_linear=0
shrinkage=0.03


Tree=130
num_leaves=10
num_cat=0
split_feature=122 96 38 136 91 3 31 1 66
split_gain=2793.25 3138.39 2796.93 2316.74 2164.66 2353.73 2015.67 1831.07 1773.05
threshold=76.602500000000006 32.88665000000001 0.94907300000000017 1.0000000180025095e-35 1013.2900000000001 161.18511666666654 4.5337699911251494 144.38450000000003 1004.4250000000001
decision_type=10 2 2 2 2 2 2 2 2
left_child=1 4 3 -3 7 -6 -2 -1 -4
right_child=6 2 8 -5 5 -7 -8 -9 -10
leaf_value=-0.012435301409776675 -0.038989585009488188 0.12659226890906883 0.023498783113588963 0.010491268422053411 0.004640129218930783 0.28635258736529129 -0.38275995817184444 -0.090109561662013463 -0.15265091798986707
leaf_weight=3549 32 384 132 259 68 43 29 295 83
leaf_count=1237 16 217 33 39 29 20 15 123 26
internal_value=-0.00592741 -0.0033487 0.048628 0.0799204 -0.0146347 0.115381 -0.206007 -0.0184189 -0.0448812
internal_weight=4874 4813 858 643 3955 111 61 3844 215
internal_count=1755 1724 315 256 1409 49 31 1360 59
is_linear=0
shrinkage=0.03


Tree=131
num_leaves=13
num_cat=0
split_feature=85 132 97 2 84 29 114 99 75 107 20 132
split_gain=2260.86 2494.03 4692.25 1954.29 1662.59 1518.66 1280.2 1857.11 1264.75 579.19 762.267 483.234
threshold=0.18947765999998936 188.90000000000003 76.537900000000022 79.161150000000006 256.45416666666671 47.714200000000005 34.69100000000001 0.29762000000000005 21.952000000000002 -0.12545862287572049 153.19650000000004 76.414285714285725
decision_type=2 8 2 2 2 2 10 2 2 2 2 8
left_child=1 4 3 -3 -1 -6 9 -8 -9 11 -11 -2
right_child=6 2 -4 -5 5 -7 7 8 -10 10 -12 -13
leaf_value=0.16765937170239745 -0.042863893189308395 -0.11183567888538043 0.60867210413427908 0.14634955754399298 0.013219445887453147 -0.12965937221568563 0.068185666773181691 -0.2106673542359408 -0.044679425970112027 0.07392969239292585 -0.058255077656832605 -0.0089362773653241263
leaf_weight=60 520 35 15.999999999999998 99 2257 68 51 93 75 137 54 1379
leaf_count=19 180 32 16 85 791 29 25 39 27 58 29 398
internal_value=0.000982856 0.02054 0.138783 0.078562 0.013047 0.00898539 -0.0204868 -0.0893305 -0.137286 -0.0132324 0.0364337 -0.0182459
internal_weight=4844 2535 150 134 2385 2325 2309 219 168 2090 191 1899
internal_count=1728 972 133 117 839 820 756 91 66 665 87 578
is_linear=0
shrinkage=0.03


Tree=132
num_leaves=13
num_cat=0
split_feature=113 42 122 78 84 55 89 63 78 130 76 69
split_gain=3764.76 3633.02 3142.22 2439.14 3246.75 1710.74 1707.15 1598.76 1398 1335.25 819.321 586.147
threshold=102.02500000000002 0.25623838384212494 91.891500000000022 0.54334529560967382 328.14216666666653 0.20423000000000002 267.89800000000008 2.5457000000000005 0.932664281740613 148.50000000000003 -0.96581641048078237 5.7168900000000011
decision_type=10 2 8 2 2 2 2 2 2 10 2 2
left_child=2 5 9 4 -4 8 -5 -3 -2 11 -9 -1
right_child=1 7 3 6 -6 -7 -8 10 -10 -11 -12 -13
leaf_value=0.024831241393089294 0.21676541015376216 0.17012466654777525 0.416709127499507 -0.14952602168631879 0.054365970665553827 0.14910066931064311 -0.0031704709826940914 -0.18149304286071233 0.58503372189873137 -0.28744457712452459 0.0031009167370866634 -0.17052078161847134
leaf_weight=29 22 44 25 72 158 77 4129 27 18 46 95 25
leaf_count=15 17 24 11 35 70 19 1441 8 15 23 40 15
internal_value=0.00186226 0.107787 -0.00484489 -0.00103257 0.105878 0.23506 -0.00571453 0.0171946 0.392786 -0.170282 -0.0388709 -0.067011
internal_weight=4767 283 4484 4384 183 117 4201 166 40 100 122 54
internal_count=1733 123 1610 1557 81 51 1476 72 32 53 48 30
is_linear=0
shrinkage=0.03


Tree=133
num_leaves=9
num_cat=0
split_feature=72 57 115 111 101 97 33 60
split_gain=2828.37 3180.07 2408.15 3392.24 2499.47 3076.82 1832.45 1722.38
threshold=25.763850000000001 29.583500000000004 90.070000000000007 0.068823523189600014 0.20390157142857146 83.768450000000016 4.6458313653775205 58.003100000000011
decision_type=2 2 8 2 2 2 2 2
left_child=1 -1 3 -2 6 -6 -4 -5
right_child=2 -3 4 7 5 -7 -8 -9
leaf_value=-0.032849697712489537 -0.18792142674922943 0.35647061971255711 0.093630727187217613 0.040628471330071345 0.00090010117697854374 0.31516966071128838 0.34031804798841475 -0.014685482730538988
leaf_weight=34 94 41 88 593 429 29 39 3444
leaf_count=21 29 20 36 206 234 22 18 1142
internal_value=0.000272393 0.181829 -0.00265226 -0.0107238 0.0542611 0.0214491 0.171475 -0.00655155
internal_weight=4791 75 4716 4131 585 458 127 4037
internal_count=1728 41 1687 1377 310 256 54 1348
is_linear=0
shrinkage=0.03


Tree=134
num_leaves=13
num_cat=0
split_feature=72 138 70 96 40 87 128 63 136 32 50 96
split_gain=2887.71 2654.91 2545.54 2200.01 2601.93 1851.38 1770.89 832.788 784.565 660.813 614.507 278.05
threshold=326.49600000000004 1.0000000180025095e-35 21.627650000000003 49.171900000000001 0.22821512817242187 56.343650000000004 200.00000000000003 2.7989100000000007 1.0000000180025095e-35 32.167364285714292 0.28509850000000003 26.669150000000005
decision_type=2 2 2 2 2 2 8 2 2 2 2 2
left_child=1 3 -2 6 -5 7 -1 -3 10 -10 -4 -7
right_child=2 5 8 4 -6 11 -8 -9 9 -11 -12 -13
leaf_value=0.016478542043965084 -0.25378251507115918 0.5083778401578174 -0.16549153489958157 0.3370009127942527 0.02197766063715282 -0.0012082759141921996 -0.089792058571284958 0.19641939116779128 0.02891852403724009 -0.01945234073271401 -0.034021304671123513 0.13875593121528626
leaf_weight=2158 42 15.999999999999998 32 40 56 26 150 18 387 736 1166 24
leaf_count=812 21 16 25 18 26 26 95 18 52 104 514 24
internal_value=-0.0012959 0.0212567 -0.0250418 0.0154226 0.155389 0.186043 0.00953468 0.35364 -0.0207937 -0.00276956 -0.0376706 0.0673191
internal_weight=4851 2488 2363 2404 96 84 2308 34 2321 1123 1198 50
internal_count=1751 1035 716 951 44 84 907 34 695 156 539 50
is_linear=0
shrinkage=0.03


Tree=135
num_leaves=8
num_cat=0
split_feature=72 33 96 102 33 4 40
split_gain=2227.46 3970.73 1662.09 1804.65 2337.78 2090.83 1585.42
threshold=24.473450000000003 2.8791138561762804 49.171900000000001 37.378900000000009 2.8791138561762804 112.40494666748172 0.25323659598022158
decision_type=2 2 2 2 2 2 2
left_child=1 -1 3 5 -5 -2 -4
right_child=2 -3 6 4 -6 -7 -8
leaf_value=-0.090395219147205358 -0.0048735224749428992 0.32764840939640999 0.29697683402030695 0.081621195082984321 -0.09463841131124788 0.19226161437618486 0.022267702152729031
leaf_weight=35 4094 47 30 81 392 48 49
leaf_count=17 1456 22 19 30 134 27 28
internal_value=-0.00381718 0.15024 -0.00654048 -0.00888934 -0.0643396 -0.00254242 0.129033
internal_weight=4776 82 4694 4615 473 4142 79
internal_count=1733 39 1694 1647 164 1483 47
is_linear=0
shrinkage=0.03


Tree=136
num_leaves=10
num_cat=0
split_feature=121 27 6 1 104 78 113 30 31
split_gain=3560.76 2847.2 2490.17 3043.15 2312.51 2672.73 2134.99 1551.75 1423.33
threshold=42.966500000000003 39.915450000000007 92.379010576135769 104.30850000000002 32.760392857142868 0.59002124251243826 120.46000000000002 44.704283333333343 5.1716238987728884
decision_type=10 2 2 2 2 2 8 2 2
left_child=1 2 8 -4 5 -3 -6 -2 -1
right_child=7 4 3 -5 6 -7 -8 -9 -10
leaf_value=-0.0066959057569742466 -0.064462043195157442 0.27627805292767443 0.39108087574666545 0.01648736431863573 -0.052826339552901225 0.070312350261911558 0.13918043381059672 -0.34165092824634752 -0.10370969900298625
leaf_weight=3936 36 73 30 53 195 248 70 37 140
leaf_count=1360 18 30 18 18 72 120 30 20 69
internal_value=-0.00121512 0.00200425 -0.00672308 0.154962 0.0638555 0.117874 -0.00176373 -0.207714 -0.0100534
internal_weight=4818 4745 4159 83 586 321 265 73 4076
internal_count=1755 1717 1465 36 252 150 102 38 1429
is_linear=0
shrinkage=0.03


Tree=137
num_leaves=7
num_cat=0
split_feature=78 4 95 27 94 4
split_gain=1946.43 2252.07 1883.76 1859.59 1782.69 1539.37
threshold=0.35488862062273169 129.90991609596679 0.007783420000000001 44.961900000000007 0.31003550000000007 37.493437918232232
decision_type=2 2 2 2 2 2
left_child=4 2 5 -4 -1 -2
right_child=1 -3 3 -5 -6 -7
leaf_value=0.27108985355225473 -0.18448935546725989 0.19936602079868315 -0.0071092818069590251 0.095718492118278278 0.01927489755779016 -0.0061856572363111701
leaf_weight=43 95 47 4540 163 60 80
leaf_count=21 31 23 1579 83 25 32
internal_value=-0.00240965 -0.00512137 -0.0071327 -0.00352517 0.126026 -0.103494
internal_weight=5028 4925 4878 4703 103 175
internal_count=1794 1748 1725 1662 46 63
is_linear=0
shrinkage=0.03


Tree=138
num_leaves=11
num_cat=0
split_feature=78 90 86 90 84 10 115 102 35 68
split_gain=2309.23 3987.25 2294.51 3642.94 2206.84 3490.72 2783.78 1158.46 1344.97 388.641
threshold=0.49134412211272999 510.93550000000005 18.008300000000002 1602.9600000000003 346.14433333333352 252.02450000000002 90.070000000000007 40.731750000000012 0.85664300000000015 1089.3550000000002
decision_type=2 2 2 2 2 2 8 2 2 2
left_child=1 -1 3 -2 6 -6 -4 8 -3 -5
right_child=2 7 4 9 5 -7 -8 -9 -10 -11
leaf_value=0.4017852528203617 0.38552921458993639 0.19330900681995952 -0.13042859673861129 -0.053637211019928389 0.19368129196798942 -0.002855353551201101 0.038061289639170492 -0.080452670803070073 0.0040804091924196715 0.077011632578528444
leaf_weight=32 34 60 259 36 82 4050 133 49 76 45
leaf_count=13 13 33 100 14 23 1400 73 21 31 20
internal_value=0.00249065 0.0979143 -0.00199251 0.129754 -0.0053701 0.00109013 -0.0733034 0.0434592 0.0883872 0.0189629
internal_weight=4856 217 4639 115 4524 4132 392 185 136 81
internal_count=1741 98 1643 47 1596 1423 173 85 64 34
is_linear=0
shrinkage=0.03


Tree=139
num_leaves=12
num_cat=0
split_feature=4 111 76 64 123 87 83 30 114 2 66
split_gain=2760.95 2596.35 1911.66 2597.09 2570.24 2065.43 2468.46 1808.54 1869.31 1342.38 928.973
threshold=21.183218958879483 0.090585976191999998 -0.85229524988763095 267.89800000000008 95.129333333333349 79.816050000000018 3.3324349999999989 42.333716666666675 88.237000000000009 106.56050000000002 1009.3350000000002
decision_type=2 2 2 2 8 2 2 2 10 2 2
left_child=1 10 5 -4 -5 9 -7 8 -3 -2 -1
right_child=2 7 3 4 -6 6 -8 -9 -10 -11 -12
leaf_value=-0.06962196815774796 0.018338915872135583 -0.011672453951626584 0.27465858288200529 -0.15056495885550975 0.063895633281801464 0.68759600053514747 0.089573363283862825 -0.16965421083569526 0.16168593269900269 -0.070118014034660447 -0.25772588191312901
leaf_weight=46 339 3130 48 53 742 5.9999999999999991 60 63 56 282 50
leaf_count=21 141 994 22 29 299 3 29 23 22 122 11
internal_value=-0.00105215 -0.0163211 0.0323169 0.0625619 0.0494233 -0.00482852 0.153435 -0.0117502 -0.00857463 -0.0218733 -0.169271
internal_weight=4875 3345 1530 843 795 687 66 3249 3186 621 96
internal_count=1716 1071 645 350 328 295 32 1039 1016 263 32
is_linear=0
shrinkage=0.03


Tree=140
num_leaves=11
num_cat=0
split_feature=138 72 111 0 88 96 70 69 68 119
split_gain=2668.83 4601.67 2365.11 2037.88 2035.4 1809.3 1450.44 1218.44 808.775 248.717
threshold=1.0000000180025095e-35 30.356300000000001 0.070260241630000012 179.37450000000004 2.5714800000000007 49.171900000000001 16.798950000000001 4.6316400000000009 1027.6550000000002 23.281751612665058
decision_type=2 2 2 2 2 2 2 2 2 8
left_child=2 -2 6 5 -5 -4 8 -3 -1 -9
right_child=1 7 3 4 -6 -7 -8 9 -10 -11
leaf_value=-0.13890907422395851 0.55375033927559847 0.25083203385770325 -0.005608181166959476 -0.0031413299514363143 0.15018180899487601 0.15770481675094172 -0.21724118200114795 0.033487483856769709 0.040501620699961986 -0.093165473489200359
leaf_weight=38 19 23 3997 150 161 61 69 77 53 15.999999999999998
leaf_count=15 19 23 1371 50 82 30 22 77 21 16
internal_value=0.00233596 0.133281 -0.00159513 0.00256483 0.0764491 -0.00311427 -0.114517 0.0602409 -0.0350801 0.0109065
internal_weight=4664 135 4529 4369 311 4058 160 116 91 93
internal_count=1726 135 1591 1533 132 1401 58 116 36 93
is_linear=0
shrinkage=0.03


Tree=141
num_leaves=7
num_cat=0
split_feature=79 127 37 64 111 57
split_gain=1802.64 1665.32 3456.53 1747.02 1665.84 1268.07
threshold=10.321200000000001 197.50000000000003 0.51032000000000011 227.62750000000003 0.072877454083500021 21.302500000000006
decision_type=2 10 2 2 2 2
left_child=1 3 -3 -1 -5 -2
right_child=5 2 -4 4 -6 -7
leaf_value=0.18191506793609885 0.28445967557430263 0.3359568513540121 -0.025239741984394288 -0.10529307012520729 -0.0067347700762391809 0.053480448411061213
leaf_weight=42 29 38 61 159 4379 77
leaf_count=17 18 18 23 62 1554 28
internal_value=-0.00298247 -0.00576611 0.115345 -0.00840926 -0.0102111 0.118769
internal_weight=4785 4679 99 4580 4538 106
internal_count=1720 1674 41 1633 1616 46
is_linear=0
shrinkage=0.03


Tree=142
num_leaves=8
num_cat=0
split_feature=72 0 121 66 69 78 133
split_gain=2967.65 2339.74 2229.81 2220.94 1748.85 1272.17 849.619
threshold=24.473450000000003 216.77450000000002 109.12000000000002 1012.4300000000002 4.1774050000000011 0.80464127402389751 15.271586656220213
decision_type=2 2 8 2 2 2 8
left_child=-1 2 6 5 -4 -3 -2
right_child=1 3 4 -5 -6 -7 -8
leaf_value=0.21600637057648392 -0.24177614306237385 0.11504561295930077 0.06048787772379681 0.30099784033135929 -0.0060410324616767706 -0.14991132031381132 -0.054540911590511151
leaf_weight=57 45 50 388 43 4142 23 43
leaf_count=25 23 25 133 18 1455 14 24
internal_value=0.00271682 0.000102987 -0.00325237 0.132593 -0.000329996 0.0306278 -0.151961
internal_weight=4791 4734 4618 116 4530 73 88
internal_count=1717 1692 1635 57 1588 39 47
is_linear=0
shrinkage=0.03


Tree=143
num_leaves=8
num_cat=0
split_feature=96 15 58 120 96 90 4
split_gain=2549.5 2765.02 2223.28 2122.88 1917.1 1925.24 1669.87
threshold=49.171900000000001 1.9942823866044863 20.941450000000003 74.973000000000013 18.127700000000004 510.93550000000005 25.959947882664089
decision_type=2 2 2 10 2 2 2
left_child=3 -2 -3 4 5 -1 -6
right_child=1 2 -4 -5 6 -7 -8
leaf_value=0.36385796327590941 0.84085027542114255 -0.064283712650600233 0.23728969349276344 -0.19227116592725116 -0.0071741138990740324 -0.055748473407089473 0.035913143924729593
leaf_weight=8.9999999999999982 3.9999999999999991 37 52 53 2926 671 1118
leaf_count=5 4 14 27 27 919 295 461
internal_value=-0.00219217 0.15253 0.112562 -0.00523626 -0.00309698 -0.0496643 0.00474294
internal_weight=4870 93 89 4777 4724 680 4044
internal_count=1752 45 41 1707 1680 300 1380
is_linear=0
shrinkage=0.03


Tree=144
num_leaves=13
num_cat=0
split_feature=138 60 64 27 28 26 134 59 88 36 4 33
split_gain=2641.26 3453.02 2211.47 1551.85 2708.09 2503.59 1970 1409.82 1344.29 565.276 230.967 65.0018
threshold=1.0000000180025095e-35 69.070400000000021 421.15100000000007 39.915450000000007 41.34040000000001 0.97102350000000015 87.211975490196082 4.4357350000000011 2.2663200000000003 0.54094450000000005 6.2602266131937574 2.3531053851714447
decision_type=2 2 2 2 2 2 10 2 2 2 2 2
left_child=3 2 -2 7 6 -6 -5 -1 -9 -4 11 -3
right_child=1 10 9 4 5 -7 -8 8 -10 -11 -12 -13
leaf_value=-0.14177899491002682 0.53103460005314451 0.058279175393721641 0.0054531124122440813 0.043878932317251401 -0.2072539265155792 0.016859644996593981 0.19726374698130883 -0.13970465840213001 -0.0088371079999768655 0.24486593374339016 -0.07175679441567126 -0.012794635627418756
leaf_weight=75 22 33 14.999999999999998 258 60 169 106 71 3780 21 28 17
leaf_count=22 22 33 15 97 32 81 41 28 1257 21 28 17
internal_value=-0.00304708 0.126725 0.2999 -0.00698043 0.038213 -0.0424928 0.0889722 -0.0138154 -0.0112863 0.148035 -0.00417416 0.0342782
internal_weight=4655 136 58 4519 593 229 364 3926 3851 36 78 50
internal_count=1694 136 58 1558 251 113 138 1307 1285 36 78 50
is_linear=0
shrinkage=0.03


Tree=145
num_leaves=13
num_cat=0
split_feature=72 53 133 53 28 10 0 48 121 68 29 106
split_gain=2539.15 2717.34 2374.93 1941.92 2517.86 2134.1 1884.06 3098.49 1980.44 1459.32 1275.4 759.242
threshold=40.136250000000011 0.0050221000000000007 11.114228422997256 0.5516485000000001 38.816350000000007 265.34600000000006 232.31250000000003 0.3180285000000001 81.097500000000011 1062.4750000000001 34.64565000000001 -0.99275805973510278
decision_type=2 2 8 2 2 2 2 2 8 2 2 2
left_child=1 -1 9 4 11 -6 8 -8 -5 -3 -4 -2
right_child=3 2 10 6 5 -7 7 -9 -10 -11 -12 -13
leaf_value=0.36192199615921289 0.053474596375928204 -0.24058448457717896 -0.02448892720906358 -0.2015382038584122 -0.27239151227474212 -0.049414867967069148 0.32898448608747932 -0.034982849108009799 0.01439147311782072 0.017121110805273055 0.13838031964821201 -0.019557824922138915
leaf_weight=27 135 32 56 38 63 99 43 40 1932 49 185 2216
leaf_count=10 43 12 25 22 18 44 23 19 731 25 77 736
internal_value=0.000391681 0.078267 0.0534261 -0.00557586 -0.0232556 -0.137286 0.0160646 0.155215 0.0101247 -0.0863443 0.100578 -0.0153419
internal_weight=4915 349 322 4566 2513 162 2053 83 1970 81 241 2351
internal_count=1785 149 139 1636 841 62 795 42 753 37 102 779
is_linear=0
shrinkage=0.03


Tree=146
num_leaves=11
num_cat=0
split_feature=4 51 68 128 29 132 62 20 123 62
split_gain=2896.28 3820.82 2786.22 2473.28 1841.79 2067.28 1678.48 1407.75 1287.05 1000.59
threshold=62.706970233651241 0.093149816136343572 918.00250000000017 193.50000000000003 48.387350000000005 188.00000000000003 -2.4751249999999994 99.984200000000016 49.127666666666677 -0.85457799999999995
decision_type=2 2 2 10 2 10 2 2 10 2
left_child=4 2 -2 6 5 8 -3 -7 -1 -4
right_child=1 3 9 -5 -6 7 -8 -9 -10 -11
leaf_value=-0.00040129440672557006 0.39840520751222647 0.29182108556032182 0.19443302265681184 0.23489630696540922 -0.15586790552346599 0.28188501754173861 -0.035270444093132965 -0.02167681236700578 -0.1635300351570953 -0.0085659168809652329
leaf_weight=4071 46 13.999999999999998 52 40 68 38 240 21 43 37
leaf_count=1397 19 9 26 14 27 31 113 17 22 15
internal_value=0.00538187 0.0795706 0.211062 0.0186708 -0.002139 0.000402068 -0.0161563 0.175227 -0.00214639 0.110849
internal_weight=4670 429 135 294 4241 4173 254 59 4114 89
internal_count=1690 196 60 136 1494 1467 122 48 1419 41
is_linear=0
shrinkage=0.03


Tree=147
num_leaves=9
num_cat=0
split_feature=96 1 122 27 89 39 2 30
split_gain=2620.27 2524.19 2407.03 1915.38 1917.69 1858.82 1727.87 1445.47
threshold=49.171900000000001 161.06900000000005 91.891500000000022 45.86395000000001 285.23750000000007 0.66879849999999974 117.66300000000003 43.400383333333345
decision_type=2 2 8 2 2 2 2 2
left_child=2 6 7 4 -4 -5 -2 -1
right_child=1 -3 3 5 -6 -7 -8 -9
leaf_value=-0.05881749165889829 0.13403664160883705 -0.092009683012962348 -0.1082455917404305 0.21439740459007373 -0.0027809593663008039 -0.067183514702704644 0.45835867273807523 -0.32832534751296039
leaf_weight=42 42 26 160 67 4290 30 23 31
leaf_count=23 18 15 71 35 1487 14 17 16
internal_value=-0.0033162 0.155217 -0.00647238 -0.00370873 -0.00659709 0.127483 0.254048 -0.176197
internal_weight=4711 91 4620 4547 4450 97 65 73
internal_count=1696 50 1646 1607 1558 49 35 39
is_linear=0
shrinkage=0.03


Tree=148
num_leaves=10
num_cat=0
split_feature=96 129 78 67 2 129 76 62 118
split_gain=2138.52 2217.36 1977.76 1777.67 1335.01 1310.82 1304.88 980.935 968.906
threshold=47.506200000000007 68.500000000000014 0.35488862062273169 32.193700000000007 38.280950000000011 159.50000000000003 0.88936214693354587 -1.2926099999999998 31.746928571428572
decision_type=2 10 2 2 2 8 2 2 8
left_child=2 -2 5 6 -3 -1 -4 -6 -5
right_child=1 4 3 8 7 -7 -8 -9 -10
leaf_value=0.017398088019627788 0.82570076751708987 -0.24905515797932942 -0.023363176429319111 -0.00084772760428178796 0.26195248958383288 0.26255896461009975 0.1050707106573941 0.062345838907174767 0.046281415661366447
leaf_weight=38 2.9999999999999991 7.9999999999999991 2908 938 34 40 72 63 674
leaf_count=16 3 3 1131 261 22 21 29 25 220
internal_value=-0.00087281 0.130484 -0.00393854 -0.00649823 0.10299 0.144892 -0.0202249 0.134301 0.0188723
internal_weight=4778 108 4670 4592 105 78 2980 97 1612
internal_count=1731 53 1678 1641 50 37 1160 47 481
is_linear=0
shrinkage=0.03


Tree=149
num_leaves=11
num_cat=0
split_feature=96 121 30 37 134 103 79 14 51 47
split_gain=2202.16 2527.86 1822.49 2411.68 1871.86 1552.76 2798.58 1344.02 1441.39 950.389
threshold=20.400350000000003 42.966500000000003 35.977816666666683 0.15526000000000004 89.950823529411778 28.469283333333312 5.6073500000000003 255.48214285714292 0.075770503220093863 0.34429750000000009
decision_type=2 10 2 2 10 2 2 2 2 2
left_child=5 2 4 -4 -2 7 -7 -1 -9 -3
right_child=1 9 3 -5 -6 6 -8 8 -10 -11
leaf_value=0.22375631532669069 0.0079389819937217415 -0.053946715224534272 0.14832033918131871 0.031225324085822244 -0.14975605966533934 0.094139091396331781 -0.25845515874400732 -0.086935940593827588 -0.0066656439163082642 -0.29115424808379137
leaf_weight=19 2102 31 183 1142 69 29 63 257 918 30
leaf_count=6 683 16 93 431 23 13 27 109 359 17
internal_value=0.00426076 0.0164247 0.0197876 0.0474996 0.002859 -0.0293683 -0.147462 -0.0201507 -0.0242842 -0.173469
internal_weight=4843 3557 3496 1325 2171 1286 92 1194 1175 61
internal_count=1777 1263 1230 524 706 514 40 474 468 33
is_linear=0
shrinkage=0.03


Tree=150
num_leaves=11
num_cat=0
split_feature=138 73 90 61 127 56 134 30 61 21
split_gain=2977.25 2735.65 1746.84 1500.21 1397.85 2100.17 1610.67 1092.98 213.412 223.18
threshold=1.0000000180025095e-35 213.72600000000003 383.70250000000004 1.4470750000000001 188.50000000000003 0.049582500000000009 93.137269230769235 37.216550000000005 4.3892050000000014 59.767550000000014
decision_type=2 2 2 2 10 2 8 2 2 2
left_child=2 3 -1 7 6 -6 -4 -2 9 -3
right_child=1 8 4 -5 5 -7 -8 -9 -10 -11
leaf_value=0.26126889917525381 0.23549295939717974 0.021299901579692956 -0.0056651804653024048 0.067573928117752077 0.0089992019228245079 0.21889575278460979 -0.08129555760174989 0.57928594374656672 -0.038913965949416159 0.15517762311547995
leaf_weight=21 20 39 4136 18 151 59 269 17 29 14.999999999999998
leaf_count=8 20 39 1367 18 50 34 111 17 29 15
internal_value=-0.00131839 0.135488 -0.00541969 0.297543 -0.00669021 0.0687423 -0.0103018 0.404618 0.0258026 0.060688
internal_weight=4774 138 4636 55 4615 210 4405 37 83 54
internal_count=1708 138 1570 55 1562 84 1478 37 83 54
is_linear=0
shrinkage=0.03


Tree=151
num_leaves=11
num_cat=0
split_feature=125 4 30 46 85 29 28 13 81 28
split_gain=1823.74 2337.72 2440.74 2763.1 1672.69 1528.16 1251.98 1054.79 883.107 671.191
threshold=34.912928571428573 25.112251539536789 35.923700000000018 0.091668750000000007 14.714362350000005 35.071250000000013 44.655200000000001 4.6042624653924378 -0.99849999999997852 41.5777
decision_type=10 2 2 2 2 2 2 2 2 2
left_child=1 4 5 -4 6 -3 -1 9 -6 -2
right_child=7 2 3 -5 8 -7 -8 -9 -10 -11
leaf_value=-0.0056276689433844909 -0.09754771751827665 0.02140050786122924 0.85063434916734693 0.059702452363155321 -0.27662761145008019 -0.098376901068453537 -0.14997787809995086 -0.020639939248561858 -0.072432723280787467 -0.31146816411018369
leaf_weight=3237 26 243 2.9999999999999991 895 28 157 54 47 59 29
leaf_count=1050 14 107 3 370 12 69 20 25 31 16
internal_value=-0.00109767 0.00165186 0.0358561 0.0632914 -0.011497 -0.0257327 -0.00804197 -0.125967 -0.140581 -0.213943
internal_weight=4778 4676 1298 898 3378 400 3291 102 87 55
internal_count=1717 1662 549 373 1113 176 1070 55 43 30
is_linear=0
shrinkage=0.03


Tree=152
num_leaves=10
num_cat=0
split_feature=96 71 105 107 55 73 105 63 111
split_gain=1885.86 2327.63 1553.93 2557.51 3204.69 2159.42 1343.96 1834.89 1620.51
threshold=49.171900000000001 36.293950000000002 0.014371900000000002 0.86439018870140905 0.20423000000000002 144.85650000000001 0.021302350000000001 2.4705100000000004 0.056657600607000008
decision_type=2 2 2 2 2 2 2 2 2
left_child=2 -2 3 5 -5 -1 7 -4 -8
right_child=1 -3 6 4 -6 -7 8 -9 -10
leaf_value=-0.21170637039140777 0.31950948137205998 -0.012280226844549177 0.1634253638812474 0.24623980303917159 0.038486465814786076 0.019349218173346051 0.28109591865539552 -0.091780083642057753 -0.0042123607249891625
leaf_weight=48 36 39 27 93 233 141 17 275 3880
leaf_count=23 21 20 12 71 49 60 9 106 1348
internal_value=0.000796692 0.149048 -0.00159247 0.0475375 0.0983345 -0.0401212 -0.00762877 -0.0684897 -0.00289519
internal_weight=4789 75 4714 515 326 189 4199 302 3897
internal_count=1719 41 1678 203 120 83 1475 118 1357
is_linear=0
shrinkage=0.03


Tree=153
num_leaves=11
num_cat=0
split_feature=0 119 138 87 68 28 9 6 111 72
split_gain=1497.15 3867.8 1464.06 2596.72 1268.26 1233.04 1846.96 1643.05 1182.28 367.68
threshold=232.31250000000003 15.082364773606637 1.0000000180025095e-35 61.670000000000009 938.74200000000008 44.248400000000011 283.25200000000007 88.803350433372984 0.11924842489050001 91.447050000000004
decision_type=2 10 2 2 2 2 2 2 2 2
left_child=2 -2 5 8 -3 7 -7 -1 -4 -5
right_child=1 4 3 9 -6 6 -8 -9 -10 -11
leaf_value=-0.0051131197563097971 0.31912836809361228 0.10762853430877341 0.15726763352063985 -0.12651504165306687 -0.10125692219501835 -0.11667662057476964 0.1605247870016098 0.12173503329589011 0.49804773670434943 0.032676878184919628
leaf_weight=4116 46 46 25 14.999999999999998 58 164 24 93 14.999999999999998 70
leaf_count=1381 20 19 25 15 21 83 16 45 15 70
internal_value=0.00034171 0.0932677 -0.00276003 0.0980678 -0.00869159 -0.00564874 -0.0806112 -0.00228138 0.294164 0.00340486
internal_weight=4672 150 4522 125 104 4397 188 4209 40 85
internal_count=1710 60 1650 125 40 1525 99 1426 40 85
is_linear=0
shrinkage=0.03


Tree=154
num_leaves=12
num_cat=0
split_feature=116 55 28 104 114 12 65 27 42 53 28
split_gain=2028.1 2934.95 2764.3 2033.83 1892.95 1668.08 1447.23 1712.9 1151.11 943.215 929.746
threshold=100.33333333333333 0.20423000000000002 43.265150000000006 41.092028571428578 122.76000000000001 262.76266666666669 1446.1700000000003 37.509850000000007 0.30768265192187505 0.93615750000000009 44.460300000000011
decision_type=10 2 2 2 8 2 2 2 2 2 2
left_child=3 2 5 6 -4 -2 7 -1 -5 -3 -8
right_child=1 9 4 8 -6 -7 10 -9 -10 -11 -12
leaf_value=-0.016721167699777509 0.22026390038518343 -0.10433466413103301 0.2022032101439393 -0.26386674481712097 -0.18269612293722837 0.5671764252980549 -0.010039557305913674 0.068667996600237771 -0.050853574487898089 0.056779498634338378 -0.14882262534986843
leaf_weight=373 50 57 22 40 22 17 3509 486 53 74 43
leaf_count=172 43 15 21 16 17 11 1185 170 19 22 29
internal_value=-0.00169975 0.0827216 0.195485 -0.00625373 0.00990362 0.315377 -0.00330971 0.03161 -0.144336 -0.0135602 -0.0117619
internal_weight=4746 242 111 4504 44 67 4411 859 93 131 3552
internal_count=1720 129 92 1591 38 54 1556 342 35 37 1214
is_linear=0
shrinkage=0.03


Tree=155
num_leaves=13
num_cat=0
split_feature=138 60 38 113 72 83 86 78 37 19 95 86
split_gain=1963.39 2337.65 1245.91 1970.45 1477.11 2394.84 1900.32 1128.06 990.283 847.201 559.475 184.182
threshold=1.0000000180025095e-35 44.199350000000003 1.0000000180025095e-35 41.017500000000005 329.27400000000006 3.3324349999999989 22.692100000000003 0.93579460744080123 -0.49509249999999999 -101.169 0.03761960000000001 28.255550000000003
decision_type=2 2 2 8 2 2 2 2 2 2 2 2
left_child=2 -2 3 8 5 -4 -6 10 -1 -5 -3 -9
right_child=1 7 4 9 6 -7 -8 11 -10 -11 -12 -13
leaf_value=-0.072077724561369488 0.45912882924824955 0.27370378611637997 -0.02118797817860224 0.039837823963165278 -0.25633438692421751 0.044783751167633154 -0.011650765037893971 -0.098402538026080413 0.020518832218823533 -0.17429015038958909 0.044712491375558515 0.017198324136435985
leaf_weight=162 14.999999999999998 25 778 19 28 1359 1935 15.999999999999998 286 115 15.999999999999998 45
leaf_count=54 15 25 285 12 10 537 533 16 106 48 16 45
internal_value=0.00072312 0.121583 -0.00232175 -0.0433579 0.0035118 0.0207659 -0.0152712 0.0679387 -0.013044 -0.143836 0.187605 -0.0141729
internal_weight=4799 117 4682 582 4100 2137 1963 102 448 134 41 61
internal_count=1702 117 1585 220 1365 822 543 102 160 60 41 61
is_linear=0
shrinkage=0.03


Tree=156
num_leaves=10
num_cat=0
split_feature=119 12 36 122 85 75 66 76 10
split_gain=1820.15 3271.22 2584.51 2047.13 1799.36 1679.35 1683.32 1661.07 786.561
threshold=27.929842202105814 269.00600000000003 0.30917950000000005 74.362500000000011 2.7939714995559114e-06 8.327200000000003 1009.8950000000001 0.54685424848677811 278.19600000000008
decision_type=8 2 2 10 2 2 2 2 2
left_child=3 2 -2 5 -4 -1 -7 8 -3
right_child=1 7 4 -5 -6 6 -8 -9 -10
leaf_value=-0.17538705790772727 0.0021072819877754555 -0.15240328233083711 0.14359205714279205 -0.20192578796718427 0.40163860795497891 -0.005371157663248206 0.054207441581971938 0.23914401469230653 -0.0067600089416310584
leaf_weight=48 54 47 57 45 44 3850 479 19 110
leaf_count=16 28 27 39 23 21 1249 210 14 73
internal_value=0.00224755 0.0699944 0.170025 -0.00283751 0.258873 -0.00074434 0.00123147 -0.0185471 -0.0510678
internal_weight=4753 331 155 4422 101 4377 4329 176 157
internal_count=1700 202 88 1498 60 1475 1459 114 100
is_linear=0
shrinkage=0.03


Tree=157
num_leaves=9
num_cat=0
split_feature=122 132 1 91 18 113 97 131
split_gain=2139.18 1394.86 1464.61 1390.31 1339.46 972.273 591.568 226.122
threshold=76.602500000000006 85.928571428571445 153.80450000000005 1013.4150000000001 -86.110699999999994 13.319000000000001 26.167400000000004 16.165807537309572
decision_type=10 8 2 2 2 10 2 8
left_child=1 5 4 -4 -3 7 -7 -1
right_child=-2 2 3 -5 -6 6 -8 -9
leaf_value=-0.083753121423916735 -0.18660202031901901 0.090114555470357627 -0.053564586831158709 0.07863706263032029 0.014633269157903531 -0.14210487658462739 -0.013769497659064199 -0.1903671971644674
leaf_weight=60 55 232 455 84 2314 32 1637 27
leaf_count=34 28 99 179 38 789 20 546 18
internal_value=-0.00224779 -0.000114563 0.0120332 -0.0328487 0.0215452 -0.0214525 -0.0163155 -0.118662
internal_weight=4896 4841 3085 539 2546 1756 1669 87
internal_count=1751 1723 1105 217 888 618 566 52
is_linear=0
shrinkage=0.03


Tree=158
num_leaves=10
num_cat=0
split_feature=78 22 0 120 96 68 11 48 84
split_gain=1954.18 2030.79 3781.95 2067.75 2015.49 1517.38 1470.54 973.75 908.33
threshold=0.45012427727886845 299.22341288911963 184.87300000000002 54.696000000000005 49.171900000000001 795.08850000000007 264.84700000000004 0.27216583333333333 381.51183333333319
decision_type=2 2 2 10 2 2 2 2 2
left_child=5 3 6 4 -2 -1 -3 -7 -9
right_child=1 2 -4 -5 -6 7 -8 8 -10
leaf_value=0.25418861561471767 -0.0074999706275400207 0.12049262627802397 0.41348437139723032 -0.21661638746942791 0.1675734538555145 0.20599018079704709 -0.023584556125155812 0.10551668649911881 -0.081267735499256061
leaf_weight=43 4334 113 26 41 59 26 144 41 52
leaf_count=17 1511 55 17 21 26 14 78 18 21
internal_value=0.00139307 -0.00213488 0.0756355 -0.00711519 -0.00511037 0.103519 0.0399744 0.0473854 0.00129267
internal_weight=4879 4717 283 4434 4393 162 257 119 93
internal_count=1778 1708 150 1558 1537 70 133 53 39
is_linear=0
shrinkage=0.03


Tree=159
num_leaves=11
num_cat=0
split_feature=0 119 31 36 96 6 81 130 6 90
split_gain=1687.08 3282.98 1387.04 2180.9 1713.7 1387.64 1329.35 1322.94 992.59 582.727
threshold=232.31250000000003 16.100075187631827 5.3883715253154723 0.19158150000000004 49.171900000000001 88.803350433372984 0.24799999999999048 162.16666666666671 60.620054243851321 903.57350000000008
decision_type=2 10 2 2 2 2 2 10 2 2
left_child=2 -2 4 7 5 -1 -3 -4 -5 -6
right_child=1 6 3 8 9 -7 -8 -9 -10 -11
leaf_value=-0.0052221609529268806 0.3487541013161341 0.12975353324122546 -0.083348785310983664 0.035282090682231017 -0.001437167392057531 0.12246368194772646 -0.10639878242810567 -0.3494093538286055 -0.092241422723215075 0.20789950833929344
leaf_weight=4268 35 40 35 121 15.999999999999998 77 44 33 99 46
leaf_count=1469 21 19 18 60 7 33 13 13 49 23
internal_value=-0.00201609 0.109059 -0.00485468 -0.0685232 -0.000678628 -0.00293103 0.00622294 -0.215703 -0.0222476 0.154664
internal_weight=4814 119 4695 288 4407 4345 84 68 220 62
internal_count=1725 53 1672 140 1532 1502 32 31 109 30
is_linear=0
shrinkage=0.03


Tree=160
num_leaves=13
num_cat=0
split_feature=96 65 95 87 132 120 4 29 78 65 53 45
split_gain=1576.41 1885.29 1696.08 2233.66 1986.07 1749.81 1326.86 1388.63 1375.14 1278.09 613.063 406.844
threshold=23.794000000000004 542.75950000000012 0.0091452500000000023 51.549950000000003 185.7571428571429 81.097500000000011 79.656626349340527 42.503700000000009 0.86241702114873975 1116.9850000000004 0.9390050000000002 0.21455850000000001
decision_type=2 2 2 2 8 8 2 2 2 2 2 2
left_child=1 -1 3 11 5 -4 7 -3 -8 -6 -5 -2
right_child=2 6 4 10 9 -7 8 -9 -10 -11 -12 -13
leaf_value=0.32941481637954712 -0.082184229254722602 -0.019446943941237908 -0.16891044660011925 -0.31113664093017573 0.25092599233591328 0.020119707404288444 0.042439943144267252 0.14033845251739027 -0.25182346861307009 0.056817389348745348 -0.12369924716766063 0.043524322901453291
leaf_weight=12.999999999999998 31 2345 44 29 52 2149 21 49 42 74 38 83
leaf_count=7 6 811 24 14 44 674 14 32 17 59 17 34
internal_value=-0.000764025 -0.017759 0.0160262 -0.0721715 0.0229396 0.0162504 -0.0197304 -0.016118 -0.154558 0.138294 -0.208255 0.00889694
internal_weight=4970 2470 2500 181 2319 2193 2457 2394 63 126 67 114
internal_count=1753 881 872 71 801 698 874 843 31 103 31 40
is_linear=0
shrinkage=0.03


Tree=161
num_leaves=12
num_cat=0
split_feature=65 117 1 87 118 61 82 67 64 60 76
split_gain=1910.7 1972.11 2033.89 2683.13 1718.76 2223.82 1838.88 1445.5 1382.18 803.081 640.996
threshold=1214.3350000000003 4.0003153044920507 36.260150000000003 55.08015000000001 106.05400000000002 -1.9671099999999997 1452.3916666666673 23.276400000000006 399.20400000000001 45.354600000000012 -0.89568812730208458
decision_type=2 8 2 2 10 2 2 2 2 2 2
left_child=1 9 -3 -4 6 -6 7 -2 -8 -1 -11
right_child=4 2 3 -5 5 -7 8 -9 -10 10 -12
leaf_value=-0.20838929238686194 0.57045660400390619 0.41752595810890197 0.12899891618329243 -0.0042308272368023758 0.3181817616874521 -0.054936072916938701 0.067457423051850776 -0.093725111948592316 -0.0075661321318579592 -0.13324037238859363 0.031401320189237594
leaf_weight=25 1.9999999999999989 13.999999999999998 273 270 32 25 235 251 3478 30 67
leaf_count=5 1 11 121 130 29 17 92 108 1156 17 23
internal_value=0.00208536 0.0485967 0.0725126 0.0628606 -0.00577418 0.156356 -0.00814393 -0.0862376 -0.00280011 -0.0602706 -0.0203282
internal_weight=4702 679 557 543 4023 57 3966 253 3713 122 97
internal_count=1710 307 262 251 1403 46 1357 109 1248 45 40
is_linear=0
shrinkage=0.03


Tree=162
num_leaves=11
num_cat=0
split_feature=38 138 69 59 59 95 95 37 87 95
split_gain=1602.75 1659.31 2768.86 1558 1581 1041.93 946.638 767 719.915 435.06
threshold=-0.53674399999999989 1.0000000180025095e-35 4.1144300000000014 4.4357350000000011 5.5371000000000006 0.046506300000000007 0.015490250000000002 -1.0442849999999997 54.754600000000003 0.066195500000000004
decision_type=2 2 2 2 2 2 2 2 2 2
left_child=5 3 -3 -2 -5 6 -1 -7 -4 -9
right_child=1 2 8 4 -6 7 -8 9 -10 -11
leaf_value=0.016050718247890474 -0.12413137888589075 0.46101615174611399 0.19089775793139752 0.19647262639265795 0.0045788692589888887 -0.18434461426734924 -0.22293582782619875 0.11196306717007057 0.0069128214231616737 -0.027216559586767667
leaf_weight=20 83 17 25 38 4226 25 56 22 73 166
leaf_count=8 29 17 25 16 1437 9 29 10 73 73
internal_value=0.00236452 0.00680539 0.118786 0.00381561 0.00633536 -0.0659767 -0.160614 -0.0316027 0.0553322 -0.0104075
internal_weight=4751 4462 115 4347 4264 289 76 213 98 188
internal_count=1726 1597 115 1482 1453 129 37 92 98 83
is_linear=0
shrinkage=0.03


Tree=163
num_leaves=10
num_cat=0
split_feature=79 132 30 120 84 127 89 22 59
split_gain=2069.52 2728.57 2391.72 2064.91 1533.17 1438.99 1406.84 1363.08 1358.61
threshold=9.4715000000000007 1.0000000180025095e-35 44.192016666666667 13.644500000000003 237.29099999999997 179.50000000000003 285.23750000000007 219.57176848824344 11.835900000000001
decision_type=2 10 2 10 2 8 2 2 2
left_child=2 -2 4 7 -1 8 -6 -4 -3
right_child=1 5 3 -5 6 -7 -8 -9 -10
leaf_value=0.24322432889109075 0.76017893766760825 -0.055347152042782531 0.11523812054679729 -0.28940802471688454 -0.095870576325058937 0.21975204836767773 0.00087510137669100942 -0.1260148427390283 0.069987958913098794
leaf_weight=22 3.9999999999999991 105 31 46 139 42 4008 61 293
leaf_count=11 4 45 17 24 70 25 1407 21 119
internal_value=0.00124494 0.062838 -0.00511697 -0.127536 -0.0010344 0.0547823 -0.00238925 -0.0443258 0.0368588
internal_weight=4751 444 4307 138 4169 440 4147 92 398
internal_count=1743 193 1550 62 1488 189 1477 38 164
is_linear=0
shrinkage=0.03


Tree=164
num_leaves=12
num_cat=0
split_feature=138 87 71 92 128 104 47 73 23 113 78
split_gain=1401.3 2720.54 1377.32 1393.31 1244.07 1077.76 898.711 807.866 467.587 451.613 160.686
threshold=1.0000000180025095e-35 61.670000000000009 21.933800000000002 9.9163390000000025 198.50000000000003 28.517535714285717 0.35464500000000004 1870.4300000000003 139.02145000000004 59.770000000000003 0.95815448769834699
decision_type=2 2 2 2 10 2 2 2 2 8 2
left_child=2 6 5 4 -4 -1 -2 -5 -7 10 -3
right_child=1 9 3 7 -6 8 -8 -9 -10 -11 -12
leaf_value=0.020541323136538267 0.4008302850723266 0.091477798812091352 -0.00089627642914024677 -0.20947254814142763 -0.14994937593095442 -0.16400514177727224 0.10029855761490762 -0.031735045861918477 -0.049616322306320078 -0.14385611429635217 -0.0052471336410804224
leaf_weight=63 25 23 4269 45 50 100 14.999999999999998 47 49 15.999999999999998 43
leaf_count=23 25 23 1454 29 27 27 15 20 16 16 43
internal_value=-0.00607413 0.0938651 -0.00873188 -0.00513203 -0.00265683 -0.0832427 0.293399 -0.120022 -0.126989 -0.00579471 0.0292775
internal_weight=4745 122 4623 4411 4319 212 40 92 149 82 66
internal_count=1718 122 1596 1530 1481 66 40 49 43 82 66
is_linear=0
shrinkage=0.03


Tree=165
num_leaves=11
num_cat=0
split_feature=78 84 46 106 95 32 9 21 70 117
split_gain=2191.19 2331.02 1564.41 1814.19 1448.33 1358.18 1280.2 1589.52 1540.52 980.453
threshold=0.67919773200599576 280.19066666666646 0.25163700000000006 -0.79384350655589164 0.0070455800000000009 36.300428571428576 254.85700000000003 1.1910283333335117 14.950500000000003 13.202589116366081
decision_type=2 2 2 2 2 2 2 2 2 8
left_child=1 -1 5 -4 9 -3 7 -6 -8 -2
right_child=4 2 3 -5 6 -7 8 -9 -10 -11
leaf_value=0.26456017212601413 -0.18442021051627486 -0.0041913297959337275 0.21195043663545091 -0.024656412985161007 -0.060994343852174691 0.2108864825637759 -0.090373640149591414 0.12569735832281514 -0.0020355718804662623 -0.0086231829278609323
leaf_weight=46 66 41 32 250 57 73 185 141 3971 50
leaf_count=17 26 19 15 107 17 37 59 53 1375 18
internal_value=0.00107432 0.0647167 0.0408871 0.00283606 -0.00523113 0.134144 -0.00243087 0.0719013 -0.00598936 -0.109393
internal_weight=4912 442 396 282 4470 114 4354 198 4156 116
internal_count=1743 195 178 122 1548 56 1504 70 1434 44
is_linear=0
shrinkage=0.03


Tree=166
num_leaves=7
num_cat=0
split_feature=6 12 75 22 115 0
split_gain=1192.32 2704.11 1631.97 1188.49 1396.61 1062.25
threshold=99.465495070896225 270.6281666666668 8.327200000000003 289.39550601418409 130.03500000000003 184.87300000000002
decision_type=2 2 2 2 10 2
left_child=2 -2 -1 4 -4 -5
right_child=1 -3 3 5 -6 -7
leaf_value=-0.16189955835827324 0.39460515377738253 0.0080877029617549834 -0.0052159002291138797 0.035824278245345176 -0.16467158218860625 0.22443057205677031
leaf_weight=58 21 63 4406 266 49 29
leaf_count=19 13 27 1524 129 20 19
internal_value=-0.00312062 0.108258 -0.00508923 -0.00314019 -0.00700697 0.0550709
internal_weight=4892 84 4808 4750 4455 295
internal_count=1751 40 1711 1692 1544 148
is_linear=0
shrinkage=0.03


Tree=167
num_leaves=12
num_cat=0
split_feature=92 96 104 132 32 77 113 132 14 65 86
split_gain=2070.45 2435.3 2106.8 3413.69 2189.35 1660.42 1180.33 685.916 681.07 398.395 288.808
threshold=0.033285569500010721 16.2514 32.760392857142868 194.50000000000003 38.616357142857147 0.83805568015181553 13.319000000000001 73.928571428571445 277.86378571428577 2718.8950000000004 30.080550000000006
decision_type=2 2 2 8 2 2 10 10 2 2 2
left_child=1 8 4 -4 -3 6 10 -8 -1 -10 -2
right_child=5 2 3 -5 -6 -7 7 -9 9 -11 -12
leaf_value=-0.20225919122781069 -0.14559472504906029 0.038183591192036043 -0.027567465810536939 0.23528936009481546 0.13602484478614504 -0.1816830471824197 -0.039634905839376913 0.0012641226527644247 0.052023938323371106 -0.095753595808766925 -0.012620779117941856
leaf_weight=41 68 1011 603 47 258 50 440 2261 23 52 19
leaf_count=22 46 384 200 47 122 23 191 647 12 21 17
internal_value=0.00451401 0.0276003 0.0356867 -0.00822406 0.0581695 -0.0120429 -0.00893546 -0.00540953 -0.10531 -0.0503074 -0.117062
internal_weight=4873 2035 1919 650 1269 2838 2788 2701 116 75 87
internal_count=1732 808 753 247 506 924 901 838 55 33 63
is_linear=0
shrinkage=0.03


Tree=168
num_leaves=15
num_cat=0
split_feature=105 55 97 129 77 90 119 1 19 77 12 33 4 33
split_gain=1515.1 3196.22 2732.43 2435.3 2207.69 3367.96 1930.96 1591.45 1472.56 1463 1372.39 1036.4 594.872 329.835
threshold=0.014371900000000002 0.21199000000000004 33.152500000000011 161.50000000000003 0.66228864307171043 1000.2645000000001 22.808822987370601 144.38450000000003 -6.9194399999999989 0.79067337484998246 255.60783333333333 3.570537408606905 25.959947882664089 4.2271870165992143
decision_type=2 2 2 8 2 2 10 2 2 2 2 2 2 2
left_child=1 3 9 8 5 -4 -6 -5 -1 10 -2 12 -3 -13
right_child=2 11 4 7 6 -7 -8 -9 -10 -11 -12 13 -14 -15
leaf_value=0.15525479576220877 -0.18400832970623784 -0.029837278246879578 -0.13399988144059055 0.28835205260718738 0.1371171262525217 0.0018092928351435965 -0.023811767139686989 0.09711149647965131 -0.13339483557605164 -0.23306810078722365 -0.034563639812762774 -0.12925503901966282 0.078227392363098419 -0.034868326128690279
leaf_weight=25 64 80 172 81 190 3283 103 78 40 46 377 60 105 76
leaf_count=14 18 20 75 54 87 1119 37 43 30 16 156 14 20 16
internal_value=-0.000904232 0.04613 -0.00696721 0.132832 0.00172571 -0.00498763 0.0806461 0.195748 -0.0216601 -0.0737414 -0.0566258 -0.0145874 0.0315714 -0.0771709
internal_weight=4780 545 4235 224 3748 3455 293 159 65 487 441 321 185 136
internal_count=1719 211 1508 141 1318 1194 124 97 44 190 174 70 40 30
is_linear=0
shrinkage=0.03


Tree=169
num_leaves=12
num_cat=0
split_feature=95 76 139 94 64 139 108 29 2 23 24
split_gain=1455.79 1944.07 2647.86 1546.81 1572.92 1356.82 1251.26 1220.95 1144.91 903.113 850.972
threshold=0.007783420000000001 -0.77921757408094605 1.0000000180025095e-35 0.18790550000000003 373.7865000000001 1.0000000180025095e-35 -0.60785761079279388 40.072100000000006 188.94900000000004 122.89763571428564 188.40524746680285
decision_type=2 2 2 2 2 2 2 2 2 2 2
left_child=3 5 7 4 -1 8 -5 -3 -2 -4 -7
right_child=1 2 9 6 -6 10 -8 -9 -10 -11 -12
leaf_value=0.15733151532824222 -0.0036067492898436827 0.044168355108738518 0.4083588091492652 -0.022526655518731401 -0.094712650159230596 -0.051537606649539047 -0.22923692371447879 -0.028068982961330004 -0.098002881322428584 0.13814645826220512 -0.28569426034569739
leaf_weight=38 3189 832 19 42 51 33 71 281 119 29 24
leaf_count=15 1067 304 19 13 22 33 28 116 45 29 24
internal_value=-0.00153182 0.00199223 0.0354487 -0.0801273 0.0134208 -0.00955719 -0.153304 0.025919 -0.007032 0.251318 -0.153408
internal_weight=4728 4526 1161 202 89 3365 113 1113 3308 48 57
internal_count=1715 1637 468 78 37 1169 41 420 1112 48 57
is_linear=0
shrinkage=0.03


Tree=170
num_leaves=11
num_cat=0
split_feature=1 4 67 90 134 3 53 129 30 39
split_gain=1366.78 1731.99 2402.88 2397.46 1458.17 1338.14 1144.2 938.911 970.371 925.267
threshold=165.66050000000004 67.339479847750937 23.506400000000003 480.18000000000006 110.76075000000002 152.41450000000009 0.5516485000000001 126.50000000000001 44.369550000000011 0.30980183333333339
decision_type=2 2 2 2 10 2 2 8 2 2
left_child=1 5 -3 -4 7 6 -1 -2 -9 -6
right_child=4 2 3 -5 9 -7 -8 8 -10 -11
leaf_value=-0.012813497046504809 0.034526605192220429 0.41953339858849842 0.37500119244424918 0.01907268878121576 0.21245867374420166 -0.13251118772444515 0.019300314546086543 -0.081496177626842123 -0.24738915224655253 -0.0081015983299775555
leaf_weight=2370 52 17 18 166 24 68 1724 244 36 54
leaf_count=799 27 8 7 73 8 23 622 95 21 24
internal_value=-0.00225962 0.00266584 0.0884543 0.0557468 -0.05456 -0.00149676 0.000710437 -0.0819521 -0.10364 0.0615554
internal_weight=4773 4363 201 184 410 4162 4094 332 280 78
internal_count=1707 1532 88 80 175 1444 1421 143 116 32
is_linear=0
shrinkage=0.03


Tree=171
num_leaves=8
num_cat=0
split_feature=78 116 125 104 64 104 20
split_gain=1938.98 1498.75 1186.33 1730.41 2649.85 2032.58 814.84
threshold=0.43189735527757073 81.020500000000013 51.026164285714287 42.482700000000008 530.60450000000003 34.271750000000004 -12.113649999999998
decision_type=2 10 10 2 2 2 2
left_child=1 6 3 5 -5 -2 -1
right_child=2 -3 -4 4 -6 -7 -8
leaf_value=-0.14555694833993912 0.00096812757201974651 0.21959089573484949 -0.13929362020957267 0.002436133953832811 0.4630412203470865 -0.065708121852680851 0.07606543022141618
leaf_weight=19 4050 60 58 30 17 457 58
leaf_count=9 1433 29 29 17 13 163 27
internal_value=-0.00231573 0.108491 -0.00563072 -0.00389751 0.175276 -0.00580511 0.0201759
internal_weight=4749 137 4612 4554 47 4507 77
internal_count=1720 65 1655 1626 30 1596 36
is_linear=0
shrinkage=0.03


Tree=172
num_leaves=9
num_cat=0
split_feature=72 95 102 65 55 57 36 70
split_gain=1656.9 1385.56 1554.82 1309.1 1849.48 1313.87 1059.64 851.34
threshold=25.763850000000001 0.008794925000000002 37.75350000000001 1446.1700000000003 0.21199000000000004 75.366500000000016 0.54094450000000005 18.142150000000004
decision_type=2 2 2 2 2 2 2 2
left_child=6 2 7 4 -3 -5 -1 -2
right_child=1 3 -4 5 -6 -7 -8 -9
leaf_value=0.010925333060324192 0.029915244236274962 0.074029529629721633 -0.19763445970828716 -0.0017705374760985323 -0.020516842130977327 -0.10522911944465808 0.23038854774184847 -0.11355352018921147
leaf_weight=35 100 483 64 3577 302 113 45 58
leaf_count=20 44 247 21 1207 80 40 19 25
internal_value=0.00120203 -0.00111704 -0.0741007 0.00251867 0.0376726 -0.00496725 0.135731 -0.0231146
internal_weight=4777 4697 222 4475 785 3690 80 158
internal_count=1703 1664 90 1574 327 1247 39 69
is_linear=0
shrinkage=0.03


Tree=173
num_leaves=11
num_cat=0
split_feature=95 51 66 113 88 104 27 104 118 77
split_gain=1144.33 1890.62 1658.42 2192.93 4312.92 1494.82 1009.68 936.216 1444.04 1195.28
threshold=0.007783420000000001 0.070597293820147608 1010.6150000000001 108.64000000000001 2.8129900000000005 26.32123571428572 37.509850000000007 28.730900000000005 113.10500000000002 0.60422875244188978
decision_type=2 2 2 10 2 2 2 2 8 2
left_child=1 -1 7 5 -5 -4 -3 9 -9 -2
right_child=2 6 3 4 -6 -7 -8 8 -10 -11
leaf_value=0.11980820277508568 -0.0044256986960637982 -0.019178670276184469 0.13929754161983729 0.064906074524802321 0.55893744550858226 -0.0025426462748471428 -0.19039632263612211 -0.043834458385143549 0.13635187857491629 0.098504794544833033
leaf_weight=33 3077 48 79 67 20 407 88 867 41 104
leaf_count=10 1045 26 48 32 17 165 29 269 38 49
internal_value=-0.0047907 -0.0812444 -0.00200174 0.0457504 0.183572 0.0207462 -0.13057 -0.00870363 -0.0355539 -0.00102963
internal_weight=4831 169 4662 573 87 486 136 4089 908 3181
internal_count=1728 65 1663 262 49 213 55 1401 307 1094
is_linear=0
shrinkage=0.03


Tree=174
num_leaves=13
num_cat=0
split_feature=113 79 28 106 53 78 10 0 39 24 51 115
split_gain=1348.62 1159.12 1671.82 1131.85 1050.76 793.8 538.841 357.43 199.751 162.661 157.988 143.361
threshold=18.739000000000004 10.52895 40.972400000000007 -0.99763297024448894 0.54641350000000011 0.93017433871925848 289.85800000000006 22.487250000000003 1.3030560000000004 100.06116873600813 0.0059608846287328571 20.525500000000005
decision_type=8 2 2 2 2 2 2 2 2 2 2 10
left_child=6 3 -3 5 -5 -2 7 10 11 -9 -1 -8
right_child=1 2 -4 4 -6 -7 8 9 -10 -11 -12 -13
leaf_value=-0.14287995133033166 0.23038779034614562 0.27762232797592873 -0.055548872530460348 -0.018145076257039289 0.011232575827384232 0.039881114215403794 -0.024203619549737165 -0.093707429778986967 -0.079947732915749428 -0.17150942168779232 -0.027897748704837719 0.045399496329266847
leaf_weight=11.999999999999998 29 31 23 2195 2186 59 75 57 36 50 68 40
leaf_count=4 12 20 11 733 815 22 30 21 9 36 35 18
internal_value=-0.00397619 0.000348651 0.137232 -0.001335 -0.00348652 0.104579 -0.061689 -0.0956032 -0.0193169 -0.131343 -0.0467331 0.000162968
internal_weight=4861 4523 54 4469 4381 88 338 187 151 107 80 115
internal_count=1766 1613 31 1582 1548 34 153 96 57 57 39 48
is_linear=0
shrinkage=0.03


Tree=175
num_leaves=8
num_cat=0
split_feature=72 57 66 126 57 77 2
split_gain=1438.66 2164.23 1214.47 1132.49 1156.92 1922.23 773.264
threshold=30.356300000000001 25.834000000000003 1007.2500000000001 28.554132797829304 75.366500000000016 0.48374845200653377 173.56650000000002
decision_type=2 2 2 8 2 2 2
left_child=1 -1 -3 -2 5 -5 -6
right_child=3 2 -4 4 6 -7 -8
leaf_value=-0.058358827114105227 -0.14633114710077644 0.40337510299682611 0.12508769450382309 -0.0045776796295135163 -0.083665740396295263 0.049560885845321853 0.023783473215815497
leaf_weight=43 47 20 48 3679 230 702 81
leaf_count=26 27 10 23 1270 66 308 19
internal_value=0.00115943 0.107432 0.21164 -0.00135126 0.000131238 0.00410599 -0.0556844
internal_weight=4850 111 68 4739 4692 4381 311
internal_count=1749 59 33 1690 1663 1578 85
is_linear=0
shrinkage=0.03


Tree=176
num_leaves=12
num_cat=0
split_feature=22 120 37 4 19 27 134 13 95 68 112
split_gain=1218.71 2415.65 1774.91 2855.14 1909.92 1423.38 1832 1712.05 981.142 725.955 670.498
threshold=299.22341288911963 12.2155 0.80865500000000012 44.997381543018527 224.00500000000002 45.423250000000003 93.137269230769235 3.6142892450426847 0.043777150000000008 1275.7200000000003 0.18403235072200005
decision_type=2 10 2 2 2 2 8 2 2 2 2
left_child=1 5 3 10 -5 6 -1 -7 -3 -4 -2
right_child=2 8 9 4 -6 7 -8 -9 -10 -11 -12
leaf_value=-0.00013991095624719081 0.065201746421608517 -0.2753271887183189 -0.12884076155184043 0.34386362633440226 0.049495280135761606 0.23648771175742148 -0.070384255204357413 -0.03035571097321808 -0.063024364872676583 0.041406109672326309 -0.067463072435723415
leaf_weight=3955 93 39 53 53 32 47 364 39 40 38 53
leaf_count=1327 36 22 26 32 19 24 155 19 23 14 24
internal_value=-0.00257151 -0.00662489 0.0537101 0.0978058 0.234942 -0.00365628 -0.00607563 0.116485 -0.170001 -0.0580387 0.0168909
internal_weight=4806 4484 322 231 85 4405 4319 86 79 91 146
internal_count=1721 1570 151 111 51 1525 1482 43 45 40 60
is_linear=0
shrinkage=0.03


Tree=177
num_leaves=11
num_cat=0
split_feature=96 133 96 138 101 104 67 41 47 87
split_gain=1389.16 3111.27 1158.62 1176.44 1622.02 1062.66 993.607 932.07 553.163 222.681
threshold=45.944500000000012 13.212089265965245 17.082750000000004 1.0000000180025095e-35 0.26267864285714287 42.482700000000008 27.949450000000002 0.46587700000000015 0.21279250000000002 74.791350000000008
decision_type=2 10 2 2 2 2 2 2 2 2
left_child=2 -2 6 5 -5 -4 9 -3 -8 -1
right_child=1 7 3 4 -6 -7 8 -9 -10 -11
leaf_value=-0.2107997538348039 0.29971695206652987 0.091457510270178316 -0.0041492789786947088 0.29919911731614007 0.030997458263167316 0.12630958658770511 -0.15095094666697761 -0.091867236566085073 -0.023657034346930585 -0.0815734718116847
leaf_weight=35 43 47 3969 26 83 56 32 51 461 21
leaf_count=21 23 22 1271 26 83 27 23 20 184 12
internal_value=-0.00229736 0.0901437 -0.00509995 0.000341517 0.0971378 -0.00230253 -0.0460061 -0.00388016 -0.0322144 -0.164674
internal_weight=4824 141 4683 4134 109 4025 549 98 493 56
internal_count=1712 65 1647 1407 109 1298 240 42 207 33
is_linear=0
shrinkage=0.03


Tree=178
num_leaves=10
num_cat=0
split_feature=79 19 18 18 83 70 117 60 83
split_gain=1539.73 3451.83 911.059 1414.83 1092.75 923.883 709.247 1759.17 284.792
threshold=10.064150000000001 -302.56399999999991 -253.42899999999997 -214.02149999999997 3.4913683333333316 19.271600000000003 6.1991148831124079 58.003100000000011 3.2310383333333346
decision_type=2 2 2 2 2 2 10 2 2
left_child=2 -2 5 -4 -5 -1 8 -8 -3
right_child=1 6 3 4 -6 -7 7 -9 -10
leaf_value=0.17365154880523678 0.78594191265106206 -0.064000638484954839 -0.18170563711225984 -0.035901577605103083 0.00067645214036973897 -0.024982745497613337 0.025684893656235476 0.28263415571962081 0.040158255957894858
leaf_weight=49 4.9999999999999991 41 41 922 3609 36 77 34 53
leaf_count=20 4 14 13 387 1214 23 34 22 22
internal_value=-0.00297202 0.0762928 -0.0065626 -0.00838111 -0.00677232 0.0901769 0.0552385 0.106238 -0.00543664
internal_weight=4867 210 4657 4572 4531 85 205 111 94
internal_count=1753 96 1657 1614 1601 43 92 56 36
is_linear=0
shrinkage=0.03


Tree=179
num_leaves=9
num_cat=0
split_feature=134 42 134 90 53 10 89 68
split_gain=1555.86 3362.55 1785.2 1801.52 1639.9 1386.01 1256.64 951.152
threshold=111.19122222222224 0.30191582582561988 100.6682142857143 510.93550000000005 0.93615750000000009 251.42900000000003 285.23750000000007 1073.0050000000003
decision_type=10 2 10 2 2 2 2 2
left_child=2 5 3 -1 -3 -2 -5 -4
right_child=1 4 7 6 -6 -7 -8 -9
leaf_value=0.14385130293950435 0.038377479823736037 -0.17951175041242345 -0.2147739505238003 -0.093853741284704542 0.072237501815789265 0.30814241197234704 -0.0014921365644309872 -0.034149739643312846
leaf_weight=74 25 40 53 136 53 56 4111 52
leaf_count=28 10 17 17 68 18 25 1511 20
internal_value=-0.00141485 0.0863187 -0.00488333 -0.00189838 -0.0367676 0.226402 -0.0044719 -0.126516
internal_weight=4600 174 4426 4321 93 81 4247 105
internal_count=1714 70 1644 1607 35 35 1579 37
is_linear=0
shrinkage=0.03


Tree=180
num_leaves=14
num_cat=0
split_feature=96 132 1 100 103 70 81 103 51 117 67 76 81
split_gain=1411.06 1784.35 1806.08 2906.9 1480.68 1540.84 1160.21 1070.44 993.246 900.794 737.95 670.883 211.34
threshold=20.885650000000002 188.90000000000003 149.13150000000005 0.18634650000000011 29.562950000000018 18.822000000000006 1.1924999999999957 46.536933333333344 0.065360492642475912 15.228767717538823 29.622700000000005 0.44568507432126442 -1.2045000000000525
decision_type=2 10 2 2 2 2 2 2 2 10 2 2 2
left_child=4 2 3 -2 8 -6 -4 9 10 -3 -1 -10 -7
right_child=1 7 6 -5 5 12 -8 -9 11 -11 -12 -13 -14
leaf_value=-0.14657588149441611 0.14623206852528514 0.22500963594019413 -0.02499704677440771 0.0090620923317890744 0.0088379908447915861 -0.29808735179901119 -0.14751934043850215 0.36994976419561049 -0.011012091238075686 -0.026632334998675754 -0.03357881700912578 0.086125778272748005 -0.17386525628173893
leaf_weight=80 146 23 409 2575 43 23 83 15.999999999999998 1084 27 148 67 43
leaf_count=34 58 19 149 857 17 8 25 16 411 24 64 30 22
internal_value=-0.000889771 0.0101047 0.00690624 0.0164743 -0.02511 -0.131048 -0.0459298 0.163338 -0.0166453 0.0912064 -0.0737069 -0.00528521 -0.221003
internal_weight=4767 3279 3213 2721 1488 109 492 66 1379 50 228 1151 66
internal_count=1734 1148 1089 915 586 47 174 59 539 43 98 441 30
is_linear=0
shrinkage=0.03


Tree=181
num_leaves=12
num_cat=0
split_feature=27 61 114 58 99 88 11 58 67 1 114
split_gain=1351.54 1886.82 1701.89 1283.71 1258.05 1148.45 1356.89 1105.52 982.955 812.302 184.755
threshold=39.441800000000008 3.1335450000000002 130.03500000000003 19.176550000000002 0.23693700000000004 2.2663200000000003 248.05700000000004 18.959450000000004 23.809200000000004 97.389750000000006 87.094500000000025
decision_type=2 2 10 2 2 2 2 2 2 2 8
left_child=3 2 7 4 -1 10 -7 -2 -3 -10 -5
right_child=1 8 -4 5 -6 6 -8 -9 9 -11 -12
leaf_value=-0.0061809194403536181 0.20514983366429804 0.23777807362874351 -0.1021512046310137 -0.068430056418884888 -0.223763261621413 0.20726464960492891 0.0012755571160723638 0.062523375491516001 -0.007939655515096955 -0.16558627898693085 -0.16364247701565426
leaf_weight=50 53 7.9999999999999991 52 43 45 28 3814 554 58 59 35
leaf_count=26 23 2 17 19 22 10 1291 224 25 28 14
internal_value=0.00488718 0.0408891 0.0611584 -0.00215051 -0.110535 0.000502901 0.0028311 0.0752986 -0.0655842 -0.0881917 -0.112722
internal_weight=4799 784 659 4015 95 3920 3842 607 125 117 78
internal_count=1701 319 264 1382 48 1334 1301 247 55 53 33
is_linear=0
shrinkage=0.03


Tree=182
num_leaves=11
num_cat=0
split_feature=1 4 62 66 132 77 27 31 37 113
split_gain=1479.91 2483.81 3421.38 1738.53 1280.3 1437.81 836.038 1085 1291.11 1119.49
threshold=151.81450000000004 25.959947882664089 -4.6496799999999991 1008.8950000000001 178.57142857142858 0.83805568015181553 31.528650000000003 4.921308089787618 0.25273200000000007 85.911000000000016
decision_type=2 2 2 2 10 2 2 2 2 10
left_child=1 4 -3 -4 5 -1 -2 8 -8 -9
right_child=6 2 3 -5 -6 -7 7 9 -10 -11
leaf_value=-0.005851226371360865 0.19000464545763457 0.92576532948017121 0.0085768631156079647 0.093880005982424825 0.15606341764261558 -0.14522733834254389 0.058957366179575962 -0.060066350912634167 -0.063036084075749149 -0.22923469188484277
leaf_weight=3284 11.999999999999998 2.9999999999999991 491 382 42 67 112 101 252 54
leaf_count=1085 9 3 201 168 28 30 44 45 93 23
internal_value=-0.000843919 0.00503417 0.0500398 0.0459712 -0.00659576 -0.00868131 -0.0480274 -0.0538916 -0.0254327 -0.120113
internal_weight=4800 4269 876 873 3393 3351 531 519 364 155
internal_count=1729 1515 372 369 1143 1115 214 205 137 68
is_linear=0
shrinkage=0.03


Tree=183
num_leaves=12
num_cat=0
split_feature=64 86 14 22 10 116 40 111 102 84 134
split_gain=2099.32 2868.67 1470.8 1502.55 1444.48 1858.38 1102.78 1058.15 961.936 870.76 303.948
threshold=404.94850000000002 18.008300000000002 256.93664285714294 205.36003614600187 258.10850000000005 104.99750000000002 0.30682126515973979 0.12917345831350005 36.561750000000011 374.33300000000003 82.417638888888902
decision_type=2 2 2 2 2 10 2 2 2 2 8
left_child=1 -1 6 -4 7 9 -3 10 -9 -6 -2
right_child=4 2 3 -5 5 -7 -8 8 -10 -11 -12
leaf_value=0.32534463164691002 -0.084325643925476937 0.13773728463735924 0.042720526373617028 -0.047160585698605637 -0.15492120766448123 0.16518127831097304 -0.027672899266506762 0.13692322006225585 -0.069473457120713733 -0.00452839145815764 -0.17805163878699143
leaf_weight=30 61 165 490 253 34 57 46 29 62 3483 71
leaf_count=17 19 60 212 121 20 26 11 12 22 1183 21
internal_value=0.00223792 0.0412654 0.0319976 0.0120887 -0.00788354 -0.00324997 0.101702 -0.0817859 -0.00289273 -0.00602676 -0.135721
internal_weight=4781 984 954 743 3797 3574 211 223 91 3517 132
internal_count=1724 421 404 333 1303 1229 71 74 34 1203 40
is_linear=0
shrinkage=0.03


Tree=184
num_leaves=8
num_cat=0
split_feature=115 57 61 139 105 53 139
split_gain=1644.07 1193.6 1563.51 2000.97 1135.08 994.243 964.224
threshold=136.86500000000004 75.366500000000016 -0.76565799999999984 1.0000000180025095e-35 0.010105750000000002 0.24915750000000003 1.0000000180025095e-35
decision_type=10 2 2 2 2 2 2
left_child=1 2 3 -1 -3 -6 -4
right_child=-2 4 6 -5 5 -7 -8
leaf_value=0.037449317251632711 -0.18623505727080408 0.048935554357675409 -8.3542146858877917e-05 0.27877169361981474 -0.17868771872520445 -0.047782998422266174 -0.10469372457707368
leaf_weight=504 42 77 3781 32 69 211 80
leaf_count=214 22 15 1295 32 21 65 80
internal_value=-0.00156703 0.000102641 0.00439114 0.0523545 -0.0525731 -0.0805734 -0.00227839
internal_weight=4796 4754 4397 536 357 280 3861
internal_count=1744 1722 1621 246 101 86 1375
is_linear=0
shrinkage=0.03


Tree=185
num_leaves=11
num_cat=0
split_feature=138 72 96 90 72 92 42 12 106 23
split_gain=1654.19 1855.92 1208.1 1135.32 998.079 613.172 535.147 338.753 256.281 228.879
threshold=1.0000000180025095e-35 28.528250000000003 13.757750000000001 339.25000000000006 323.29550000000006 0.061136768000003561 0.29677521644758814 286.09833333333341 -0.96235977360714686 79.510264285714342
decision_type=2 2 2 2 2 2 2 2 2 2
left_child=2 -2 5 -4 -5 7 -3 -1 -7 -8
right_child=1 6 3 4 -6 8 9 -9 -10 -11
leaf_value=-0.23170154243045385 0.40958105993270871 0.17622773104906081 -0.26956362533569334 0.014569222104757999 -0.013804508852665808 0.030606171291909717 0.047596850983798504 -0.094205348115414381 -0.067099659734919895 -0.078470884261652815
leaf_weight=26 14.999999999999998 27 12.999999999999998 2335 2135 37 68 47 66 14.999999999999998
leaf_count=15 15 27 4 902 604 12 68 16 33 15
internal_value=3.62094e-05 0.107296 -0.00286332 0.000171138 0.00101639 -0.079737 0.06273 -0.145686 -0.0320158 0.0241149
internal_weight=4784 125 4659 4483 4470 176 110 73 103 83
internal_count=1711 125 1586 1510 1506 76 110 31 45 83
is_linear=0
shrinkage=0.03


Tree=186
num_leaves=13
num_cat=0
split_feature=64 1 0 67 108 59 87 55 107 59 37 133
split_gain=1399.21 1279.99 1120.64 3583.36 1568.76 1173.34 1731.45 1596.85 614.981 534.724 411.207 415.949
threshold=614.50000000000011 83.869700000000009 216.77450000000002 23.441450000000003 0.6078576107927941 8.5736950000000025 55.08015000000001 0.21199000000000004 0.47369649395226454 18.052300000000002 0.24474400000000004 17.507140752926698
decision_type=2 2 2 2 2 2 2 2 2 2 2 10
left_child=2 8 5 -4 -5 7 -7 -1 9 -2 -3 -12
right_child=1 10 3 4 -6 6 -8 -9 -10 -11 11 -13
leaf_value=0.063367466807365422 -0.088643435769443266 -0.18579016155809969 0.53357846217155458 -0.0049911876804525808 0.20922566616244431 0.081407363819418585 0.0082467464281103832 -0.093071647293105408 0.082312727060168983 -0.0086837195120491699 -0.12471819668724422 -0.014928949146043684
leaf_weight=83 78 36 13.999999999999998 123 40 339 2029 195 63 1610 62 62
leaf_count=60 33 15 7 53 18 137 776 53 25 482 21 22
internal_value=0.00339196 -0.0164254 0.0168092 0.0896799 0.0485143 0.0119015 0.0187515 -0.0462945 -0.00897505 -0.0124306 -0.0973789 -0.0704062
internal_weight=4734 1911 2823 177 163 2646 2368 278 1751 1688 160 124
internal_count=1702 598 1104 78 71 1026 913 113 540 515 58 43
is_linear=0
shrinkage=0.03


Tree=187
num_leaves=11
num_cat=0
split_feature=78 26 110 14 11 84 47 64 59 31
split_gain=1461.12 1312.5 1127.67 1569.67 1607.23 1051.58 1623.55 1580.04 544.842 512.595
threshold=0.43189735527757073 0.9773265000000001 1.0000000180025095e-35 288.76064285714295 252.07400000000004 361.30216666666661 0.19501250000000003 329.30300000000005 23.786750000000001 2.8276939215815822
decision_type=2 2 2 2 2 2 2 2 2 2
left_child=1 -1 5 4 -4 6 -2 -7 -5 -3
right_child=2 9 3 8 -6 7 -8 -9 -10 -11
leaf_value=0.19869741359846591 0.065426398377703587 -0.080177170693874367 0.22020135192871093 0.097946521408991377 -0.098060960008390527 0.12082091858160664 -0.078663340722950184 0.0032264515911237051 -0.0089793992783086234 0.073604483222365374
leaf_weight=60 91 31 13.999999999999998 54 328 105 300 3449 194 49
leaf_count=26 36 10 8 23 147 48 130 1214 46 23
internal_value=-0.00123953 0.0938659 -0.00419623 -0.0428426 -0.0844199 0.0015922 -0.0450394 0.00673454 0.0145907 0.0137229
internal_weight=4675 140 4535 590 342 3945 391 3554 248 80
internal_count=1711 59 1652 224 155 1428 166 1262 69 33
is_linear=0
shrinkage=0.03


Tree=188
num_leaves=10
num_cat=0
split_feature=0 67 84 21 62 72 19 27 131
split_gain=1575.45 2486.47 1648.08 1373.12 5271.78 2304.76 1564.46 1430.68 518.491
threshold=216.77450000000002 23.441450000000003 284.26749999999998 -42.469221666666691 -4.2998499999999993 26.408100000000005 -199.09999999999999 44.709250000000004 13.880436682296503
decision_type=2 2 2 2 2 2 2 2 10
left_child=3 -2 -3 4 -1 -6 -5 -8 -4
right_child=1 2 8 6 5 -7 7 -9 -10
leaf_value=1.5868645248413087 0.4353608322564293 0.28573250260560412 -0.037624073946475982 -0.18161313878712443 0.75920514392852789 0.035164607062760193 -0.0089441700241769673 0.089292450319165759 0.08553056007564068
leaf_weight=0.999999999999999 15.999999999999998 22 79 45 2.9999999999999991 402 4024 137 49
leaf_count=1 9 7 37 28 3 156 1435 68 21
internal_value=0.000752948 0.091273 0.0519103 -0.00252357 0.0500931 0.042392 -0.00761401 -0.00568835 0.00979537
internal_weight=4778 166 150 4612 406 405 4206 4161 128
internal_count=1765 74 65 1691 160 159 1531 1503 58
is_linear=0
shrinkage=0.03


Tree=189
num_leaves=10
num_cat=0
split_feature=122 6 0 20 27 39 119 122 40
split_gain=1199.73 1346.62 3864.21 1799 1098.88 2075.03 1278.61 1075 559.543
threshold=91.891500000000022 92.379010576135769 53.596000000000011 110.83550000000001 47.714200000000005 0.5763462000000007 24.14941567105209 76.602500000000006 0.30682126515973979
decision_type=8 2 2 2 2 2 10 10 2
left_child=7 4 -3 -4 6 -6 -2 8 -1
right_child=1 2 3 -5 5 -7 -8 -9 -10
leaf_value=-0.13375908964247474 -0.00077616631990555995 0.46494932820967261 -0.053783779216760939 0.17457590077165513 0.33366133320808405 -0.011223019239514371 -0.062771541015702009 -0.24861386968195434 0.035342018330969456
leaf_weight=30 4269 20 87 47 24 42 321 31 40
leaf_count=16 1482 10 29 25 17 14 119 16 22
internal_value=-0.00262892 -0.000469157 0.08652 0.0269902 -0.00336498 0.117253 -0.00512517 -0.104443 -0.0379508
internal_weight=4911 4810 154 134 4656 66 4590 101 70
internal_count=1750 1696 64 54 1632 31 1601 54 38
is_linear=0
shrinkage=0.03


end of trees

feature_importances:
cams_pm25=143
g_pm25_lag1=129
blh_min=69
g_aqi_pm25_lag1=69
wind_steadiness=66
g_pm25_city_lag1=62
u10_mean=57
ws_mean=48
g_aqi_pm25_roll7_mean=38
vent_mean=37
wind_dir_cos=36
doy_cos=36
vent_min=32
g_pm25_roll7_mean=31
td_mean=30
blh_mean=29
co_lag1=27
cams_dust_aod550_lag1=27
cams_aod_x_rh=27
g_aqi_pm25_roll3_mean=26
o3_lag3=25
g_pm25_roll3_mean=25
no2_roll3_std=24
wind_dir_sin=23
rh_mean_lag1=23
cams_dust_aod550=23
no2_lag2=22
o3_roll7_mean=22
aer_ai_roll7_std=22
aod_obsfrac_d1=21
no2_lag1=20
co_roll3_mean=20
v10_mean=20
t2m_max=20
g_pm25_lag2=20
g_pm25_roll7_std=20
blh_roll3_mean=19
cams_pm10=19
g_pm25_lag3=19
o3_lag2=18
ws_max=18
o3_roll3_mean=17
sp_change_24h=17
cams_aod550=17
district_Karachi_East=17
district_Karachi_West=17
built_pct=16
blh_max=16
vent_mean_lag1=16
precip_prior3=16
no2_roll7_std=15
aer_ai_lag3=15
rh_mean=15
t2m_mean_lag1=15
cams_pm25_lag1=15
g_aqi_pm25_roll7_std=15
co_lag2=14
aer_ai_lag2=14
aer_ai_roll3_mean=14
aod_lag2=14
ndvi=14
doy_sin=14
no2_lag3=13
aer_ai_roll3_std=13
t2m_mean=13
t850_mean=13
blh_mean_lag1=13
aer_ai_lag1=12
inversion=12
g_aqi_pm25_lag2=12
so2_lag2=11
so2_lag3=11
vent_roll3_mean=11
so2_roll3_mean=10
co_lag3=10
sp_mean_lag1=10
cams_pm25_roll7_mean=10
aod_lag1=9
ndbi=9
t2m_min=9
cams_pm25_roll3_mean=9
g_pm10_lag1=9
g_pm10_lag2=9
g_pm10_lag3=9
o3_lag1=8
o3_roll3_std=8
so2_roll7_mean=8
co_roll3_std=8
aer_ai_roll7_mean=8
aod_lag3=8
sp_mean=8
rh_min=8
g_aqi_pm25_roll3_std=8
co_roll7_std=7
aod_roll3_mean=7
aod_roll7_mean=7
aod_roll7_std=7
dow_sin=7
co_roll7_mean=6
inversion_night=6
ws_roll3_mean=6
precip_roll3_sum=6
ws_mean_lag1=6
g_pm25_roll3_std=6
g_pm10_roll7_mean=6
g_aqi_pm25_lag3=6
so2_lag1=5
so2_roll3_std=5
so2_obsfrac_d1=5
co_obsfrac_d1=5
district_Karachi_South=5
no2_roll3_mean=4
cams_aod550_roll7_mean=4
g_pm10_roll3_mean=4
g_pm10_roll7_std=4
district_Korangi=4
o3_obsfrac_d1=3
is_sunday=3
no2_roll7_mean=2
o3_roll7_std=2
so2_roll7_std=2
cams_aod550_lag1=2
cams_aod550_roll3_mean=2
aod_roll3_std=1
precip_sum=1
dow_cos=1
aod_x_rh_lag1=1

parameters:
[boosting: gbdt]
[objective: regression]
[metric: l2]
[tree_learner: serial]
[device_type: cpu]
[data_sample_strategy: bagging]
[data: ]
[valid: ]
[num_iterations: 190]
[learning_rate: 0.03]
[num_leaves: 15]
[num_threads: 1]
[seed: 42]
[deterministic: 0]
[force_col_wise: 0]
[force_row_wise: 0]
[histogram_pool_size: -1]
[max_depth: 4]
[min_data_in_leaf: 15]
[min_sum_hessian_in_leaf: 0.001]
[bagging_fraction: 0.7]
[pos_bagging_fraction: 1]
[neg_bagging_fraction: 1]
[bagging_freq: 1]
[bagging_seed: 400]
[bagging_by_query: 0]
[feature_fraction: 0.6]
[feature_fraction_bynode: 1]
[feature_fraction_seed: 30056]
[extra_trees: 0]
[extra_seed: 12879]
[early_stopping_round: 0]
[early_stopping_min_delta: 0]
[first_metric_only: 0]
[max_delta_step: 0]
[lambda_l1: 0.1]
[lambda_l2: 1]
[linear_lambda: 0]
[min_gain_to_split: 0]
[drop_rate: 0.1]
[max_drop: 50]
[skip_drop: 0.5]
[xgboost_dart_mode: 0]
[uniform_drop: 0]
[drop_seed: 17869]
[top_rate: 0.2]
[other_rate: 0.1]
[min_data_per_group: 100]
[max_cat_threshold: 32]
[cat_l2: 10]
[cat_smooth: 10]
[max_cat_to_onehot: 4]
[top_k: 20]
[monotone_constraints: ]
[monotone_constraints_method: basic]
[monotone_penalty: 0]
[feature_contri: ]
[forcedsplits_filename: ]
[refit_decay_rate: 0.9]
[cegb_tradeoff: 1]
[cegb_penalty_split: 0]
[cegb_penalty_feature_lazy: ]
[cegb_penalty_feature_coupled: ]
[path_smooth: 0]
[interaction_constraints: ]
[verbosity: -1]
[saved_feature_importance_type: 0]
[use_quantized_grad: 0]
[num_grad_quant_bins: 4]
[quant_train_renew_leaf: 0]
[stochastic_rounding: 1]
[linear_tree: 0]
[max_bin: 255]
[max_bin_by_feature: ]
[min_data_in_bin: 3]
[bin_construct_sample_cnt: 200000]
[data_random_seed: 175]
[is_enable_sparse: 1]
[enable_bundle: 1]
[use_missing: 1]
[zero_as_missing: 0]
[feature_pre_filter: 1]
[pre_partition: 0]
[two_round: 0]
[header: 0]
[label_column: ]
[weight_column: ]
[group_column: ]
[ignore_column: ]
[categorical_feature: ]
[forcedbins_filename: ]
[precise_float_parser: 0]
[parser_config_file: ]
[objective_seed: 16083]
[num_class: 1]
[is_unbalance: 0]
[scale_pos_weight: 1]
[sigmoid: 1]
[boost_from_average: 1]
[reg_sqrt: 0]
[alpha: 0.9]
[fair_c: 1]
[poisson_max_delta_step: 0.7]
[tweedie_variance_power: 1.5]
[lambdarank_truncation_level: 30]
[lambdarank_norm: 1]
[label_gain: ]
[lambdarank_position_bias_regularization: 0]
[eval_at: ]
[multi_error_top_k: 1]
[auc_mu_weights: ]
[num_machines: 1]
[local_listen_port: 12400]
[time_out: 120]
[machine_list_filename: ]
[machines: ]
[gpu_platform_id: -1]
[gpu_device_id: -1]
[gpu_device_id_list: ]
[gpu_use_dp: 0]
[num_gpu: 1]

end of parameters

pandas_categorical:null
